project_id,project_name,sample_id,sample_name,private,sample_type,organism,pubmed,file_names,comments,condition,ena,experimental_method,five_prime_barcode_sequence,geo,organisation,pi,purification_agent,purification_target,purification_target__annotation,ribosome_stabilisation_method,ribosome_type,rna_selection_method,rt_primer,scientist,separation_method,sequencer,size_selection,source,source__annotation,strandedness,three_prime_adapter_name,three_prime_adapter_sequence,three_prime_barcode_sequence,umi_barcode_sequence
131177564469366730,PUF60-Mediated Splicing Is a Key Driver of Triple Negative Breast Cancer ,349980026465687494,PUF60_MDAMB231_Hs_rep1_SRR31195406,false,CLIP,"{'id': 'Hs', 'name': 'Human'}",41411621,SRR31195406.fastq.gz,,,,eCLIP,NNNNNNNNNN,GSM8607269,UCSD,Gene Yeo,,PUF60,,,,,,Brian Yee,,Illumina NovaSeq 6000,,MDAMB231,,,,,,
131177564469366730,PUF60-Mediated Splicing Is a Key Driver of Triple Negative Breast Cancer ,984520117510163563,PUF60_MDAMB231_Hs_rep2_SRR31195404,false,CLIP,"{'id': 'Hs', 'name': 'Human'}",41411621,SRR31195404.fastq.gz,,,,eCLIP,NNNNNNNNNN,GSM8607270,UCSD,Gene Yeo,,PUF60,,,,,,Brian Yee,,Illumina NovaSeq 6000,,MDAMB231,,,,,,
131177564469366730,PUF60-Mediated Splicing Is a Key Driver of Triple Negative Breast Cancer ,166005328876545805,PUF60_MDAMB231_Hs_Input_rep1_SRR31195378,false,CLIP,"{'id': 'Hs', 'name': 'Human'}",41411621,SRR31195378.fastq.gz,,Input,,eCLIP,NNNNNNNNNN,GSM8607283,UCSD,Gene Yeo,,SMInput,,,,,,Brian Yee,,Illumina NovaSeq 6000,,MDAMB231,,,,,,
131177564469366730,PUF60-Mediated Splicing Is a Key Driver of Triple Negative Breast Cancer ,307254425147138107,PUF60_SUM149_Hs_Input_rep2_SRR31195368,false,CLIP,"{'id': 'Hs', 'name': 'Human'}",41411621,SRR31195368.fastq.gz,,Input,,eCLIP,NNNNNNNNNN,GSM8607288,UCSD,Gene Yeo,,SMInput,,,,,,Brian Yee,,Illumina NovaSeq 6000,,SUM149,,,,,,
131177564469366730,PUF60-Mediated Splicing Is a Key Driver of Triple Negative Breast Cancer ,330309438296693161,WT-PUF60-V5_MDAMB231_Hs_rep1_SRR31195394,false,CLIP,"{'id': 'Hs', 'name': 'Human'}",41411621,SRR31195394.fastq.gz,,,,eCLIP,NNNNNNNNNN,GSM8607275,UCSD,Gene Yeo,,PUF60,,,,,,Brian Yee,,Illumina NovaSeq 6000,,MDAMB231,,,,,,
131177564469366730,PUF60-Mediated Splicing Is a Key Driver of Triple Negative Breast Cancer ,588084200272929202,PUF60_MDAMB436_Hs_rep1_SRR31195402,false,CLIP,"{'id': 'Hs', 'name': 'Human'}",41411621,SRR31195402.fastq.gz,,,,eCLIP,NNNNNNNNNN,GSM8607271,UCSD,Gene Yeo,,PUF60,,,,,,Brian Yee,,Illumina NovaSeq 6000,,MDAMB436,,,,,,
131177564469366730,PUF60-Mediated Splicing Is a Key Driver of Triple Negative Breast Cancer ,668170662956013230,PUF60_SUM149_Hs_rep1_SRR31195398,false,CLIP,"{'id': 'Hs', 'name': 'Human'}",41411621,SRR31195398.fastq.gz,,,,eCLIP,NNNNNNNNNN,GSM8607273,UCSD,Gene Yeo,,PUF60,,,,,,Brian Yee,,Illumina NovaSeq 6000,,SUM149,,,,,,
131177564469366730,PUF60-Mediated Splicing Is a Key Driver of Triple Negative Breast Cancer ,789310622853795612,PUF60_MDAMB436_Hs_Input_rep1_SRR31195374,false,CLIP,"{'id': 'Hs', 'name': 'Human'}",41411621,SRR31195374.fastq.gz,,Input,,eCLIP,NNNNNNNNNN,GSM8607285,UCSD,Gene Yeo,,SMInput,,,,,,Brian Yee,,Illumina NovaSeq 6000,,MDAMB436,,,,,,
131177564469366730,PUF60-Mediated Splicing Is a Key Driver of Triple Negative Breast Cancer ,918879197840557742,PUF60_MDAMB436_Hs_Input_rep2_SRR31195372,false,CLIP,"{'id': 'Hs', 'name': 'Human'}",41411621,SRR31195372.fastq.gz,,Input,,eCLIP,NNNNNNNNNN,GSM8607286,UCSD,Gene Yeo,,SMInput,,,,,,Brian Yee,,Illumina NovaSeq 6000,,MDAMB436,,,,,,
131177564469366730,PUF60-Mediated Splicing Is a Key Driver of Triple Negative Breast Cancer ,640145651852419680,L140P-PUF60-V5_MDAMB231_Hs_Input_rep1_SRR31195366,false,CLIP,"{'id': 'Hs', 'name': 'Human'}",41411621,SRR31195366.fastq.gz,,Input,,eCLIP,NNNNNNNNNN,GSM8607289,UCSD,Gene Yeo,,SMInput,,,,,,Brian Yee,,Illumina NovaSeq 6000,,MDAMB231,,,,,,
131177564469366730,PUF60-Mediated Splicing Is a Key Driver of Triple Negative Breast Cancer ,821261224610022795,L140P-PUF60-V5_MDAMB231_Hs_rep1_SRR31195390,false,CLIP,"{'id': 'Hs', 'name': 'Human'}",41411621,SRR31195390.fastq.gz,,,,eCLIP,NNNNNNNNNN,GSM8607277,UCSD,Gene Yeo,,PUF60,,,,,,Brian Yee,,Illumina NovaSeq 6000,,MDAMB231,,,,,,
131177564469366730,PUF60-Mediated Splicing Is a Key Driver of Triple Negative Breast Cancer ,909583747344552481,V5_MDAMB231_Hs_rep2_SRR31195384,false,CLIP,"{'id': 'Hs', 'name': 'Human'}",41411621,SRR31195384.fastq.gz,,,,eCLIP,NNNNNNNNNN,GSM8607280,UCSD,Gene Yeo,,V5,,,,,,Brian Yee,,Illumina NovaSeq 6000,,MDAMB231,,,,,,
131177564469366730,PUF60-Mediated Splicing Is a Key Driver of Triple Negative Breast Cancer ,530193630971393964,PUF60_MDAMB231_Hs_Input_rep2_SRR31195376,false,CLIP,"{'id': 'Hs', 'name': 'Human'}",41411621,SRR31195376.fastq.gz,,Input,,eCLIP,NNNNNNNNNN,GSM8607284,UCSD,Gene Yeo,,SMInput,,,,,,Brian Yee,,Illumina NovaSeq 6000,,MDAMB231,,,,,,
131177564469366730,PUF60-Mediated Splicing Is a Key Driver of Triple Negative Breast Cancer ,234013745252853310,PUF60_MCF10A_Hs_rep2_SRR31195408,false,CLIP,"{'id': 'Hs', 'name': 'Human'}",41411621,SRR31195408.fastq.gz,,,,eCLIP,NNNNNNNNNN,GSM8607268,UCSD,Gene Yeo,,PUF60,,,,,,Brian Yee,,Illumina NovaSeq 6000,,MCF10A,,,,,,
131177564469366730,PUF60-Mediated Splicing Is a Key Driver of Triple Negative Breast Cancer ,518648576032380500,PUF60_SUM149_Hs_Input_rep1_SRR31195370,false,CLIP,"{'id': 'Hs', 'name': 'Human'}",41411621,SRR31195370.fastq.gz,,Input,,eCLIP,NNNNNNNNNN,GSM8607287,UCSD,Gene Yeo,,SMInput,,,,,,Brian Yee,,Illumina NovaSeq 6000,,SUM149,,,,,,
131177564469366730,PUF60-Mediated Splicing Is a Key Driver of Triple Negative Breast Cancer ,709528391758190300,WT-PUF60-V5_MDAMB231_Hs_rep2_SRR31195392,false,CLIP,"{'id': 'Hs', 'name': 'Human'}",41411621,SRR31195392.fastq.gz,,,,eCLIP,NNNNNNNNNN,GSM8607276,UCSD,Gene Yeo,,PUF60,,,,,,Brian Yee,,Illumina NovaSeq 6000,,MDAMB231,,,,,,
131177564469366730,PUF60-Mediated Splicing Is a Key Driver of Triple Negative Breast Cancer ,639778840161085738,PUF60_MCF10A_Hs_Input_rep2_SRR31195380,false,CLIP,"{'id': 'Hs', 'name': 'Human'}",41411621,SRR31195380.fastq.gz,,Input,,eCLIP,NNNNNNNNNN,GSM8607282,UCSD,Gene Yeo,,SMInput,,,,,,Brian Yee,,Illumina NovaSeq 6000,,MCF10A,,,,,,
131177564469366730,PUF60-Mediated Splicing Is a Key Driver of Triple Negative Breast Cancer ,343378803820608758,V5ZFtag_MDAMB231_Hs_Input_rep1_SRR31195362,false,CLIP,"{'id': 'Hs', 'name': 'Human'}",41411621,SRR31195362.fastq.gz,,Input,,eCLIP,NNNNNNNNNN,GSM8607291,UCSD,Gene Yeo,,SMInput,,,,,,Brian Yee,,Illumina NovaSeq 6000,,MDAMB231,,,,,,
131177564469366730,PUF60-Mediated Splicing Is a Key Driver of Triple Negative Breast Cancer ,971193499046613038,V5_MDAMB231_Hs_rep1_SRR31195386,false,CLIP,"{'id': 'Hs', 'name': 'Human'}",41411621,SRR31195386.fastq.gz,,,,eCLIP,NNNNNNNNNN,GSM8607279,UCSD,Gene Yeo,,V5,,,,,,Brian Yee,,Illumina NovaSeq 6000,,MDAMB231,,,,,,
131177564469366730,PUF60-Mediated Splicing Is a Key Driver of Triple Negative Breast Cancer ,245874975285697953,PUF60_MDAMB436_Hs_rep2_SRR31195400,false,CLIP,"{'id': 'Hs', 'name': 'Human'}",41411621,SRR31195400.fastq.gz,,,,eCLIP,NNNNNNNNNN,GSM8607272,UCSD,Gene Yeo,,PUF60,,,,,,Brian Yee,,Illumina NovaSeq 6000,,MDAMB436,,,,,,
131177564469366730,PUF60-Mediated Splicing Is a Key Driver of Triple Negative Breast Cancer ,729473727197978618,L140P-PUF60-V5_MDAMB231_Hs_rep2_SRR31195388,false,CLIP,"{'id': 'Hs', 'name': 'Human'}",41411621,SRR31195388.fastq.gz,,,,eCLIP,NNNNNNNNNN,GSM8607278,UCSD,Gene Yeo,,PUF60,,,,,,Brian Yee,,Illumina NovaSeq 6000,,MDAMB231,,,,,,
131177564469366730,PUF60-Mediated Splicing Is a Key Driver of Triple Negative Breast Cancer ,788781275437543796,PUF60_SUM149_Hs_rep2_SRR31195396,false,CLIP,"{'id': 'Hs', 'name': 'Human'}",41411621,SRR31195396.fastq.gz,,,,eCLIP,NNNNNNNNNN,GSM8607274,UCSD,Gene Yeo,,PUF60,,,,,,Brian Yee,,Illumina NovaSeq 6000,,SUM149,,,,,,
131177564469366730,PUF60-Mediated Splicing Is a Key Driver of Triple Negative Breast Cancer ,249672937345534258,L140P-PUF60-V5_MDAMB231_Hs_Input_rep2_SRR31195364,false,CLIP,"{'id': 'Hs', 'name': 'Human'}",41411621,SRR31195364.fastq.gz,,Input,,eCLIP,NNNNNNNNNN,GSM8607290,UCSD,Gene Yeo,,SMInput,,,,,,Brian Yee,,Illumina NovaSeq 6000,,MDAMB231,,,,,,
131177564469366730,PUF60-Mediated Splicing Is a Key Driver of Triple Negative Breast Cancer ,176540167925940149,PUF60_MCF10A_Hs_Input_rep1_SRR31195382,false,CLIP,"{'id': 'Hs', 'name': 'Human'}",41411621,SRR31195382.fastq.gz,,Input,,eCLIP,NNNNNNNNNN,GSM8607281,UCSD,Gene Yeo,,SMInput,,,,,,Brian Yee,,Illumina NovaSeq 6000,,MCF10A,,,,,,
131177564469366730,PUF60-Mediated Splicing Is a Key Driver of Triple Negative Breast Cancer ,519497556833066790,PUF60_MCF10A_Hs_rep1_SRR31195410,false,CLIP,"{'id': 'Hs', 'name': 'Human'}",41411621,SRR31195410.fastq.gz,,,,eCLIP,NNNNNNNNNN,GSM8607267,UCSD,Gene Yeo,,PUF60,,,,,,Brian Yee,,Illumina NovaSeq 6000,,MCF10A,,,,,,
233104689213030527,Integrated multi-omics analysis of zinc finger proteins uncovers roles in RNA regulation,595382379542322826,MAZ_HEK293_Hs_rep1_SRR27034079,false,CLIP,"{'id': 'Hs', 'name': 'Human'}",39303722,SRR27034079.fastq.gz,,,,eCLIP,NNNNNNNNNN,GSM7932081,UCSD,Gene Yeo,,MAZ,,,,,,Brian Yee,,Illumina NovaSeq 6000,,HEK293,,,,,,
131177564469366730,PUF60-Mediated Splicing Is a Key Driver of Triple Negative Breast Cancer ,957180067321679808,V5ZFtag_MDAMB231_Hs_Input_rep2_SRR31195360,false,CLIP,"{'id': 'Hs', 'name': 'Human'}",41411621,SRR31195360.fastq.gz,,Input,,eCLIP,NNNNNNNNNN,GSM8607292,UCSD,Gene Yeo,,SMInput,,,,,,Brian Yee,,Illumina NovaSeq 6000,,MDAMB231,,,,,,
233104689213030527,Integrated multi-omics analysis of zinc finger proteins uncovers roles in RNA regulation,997537541523238168,V5ZFtag_100-225_HEK293_Hs_Input_rep1_SRR27034028,false,CLIP,"{'id': 'Hs', 'name': 'Human'}",39303722,SRR27034028.fastq.gz,,100-225kDa,,eCLIP,NNNNNNNNNN,GSM7932157,UCSD,Gene Yeo,,SMInput,,,,,,Brian Yee,,Illumina NovaSeq 6000,,HEK293,,,,,,
233104689213030527,Integrated multi-omics analysis of zinc finger proteins uncovers roles in RNA regulation,866544536210632747,WBP4_HEK293_Hs_rep2_SRR27034049,false,CLIP,"{'id': 'Hs', 'name': 'Human'}",39303722,SRR27034049.fastq.gz,,,,eCLIP,NNNNNNNNNN,GSM7932108,UCSD,Gene Yeo,,WBP4,,,,,,Brian Yee,,Illumina NovaSeq 6000,,HEK293,,,,,,
233104689213030527,Integrated multi-omics analysis of zinc finger proteins uncovers roles in RNA regulation,356617796331220554,CNOT4_HEK293_Hs_rep1_SRR27034099,false,CLIP,"{'id': 'Hs', 'name': 'Human'}",39303722,SRR27034099.fastq.gz,,,,eCLIP,NNNNNNNNNN,GSM7932061,UCSD,Gene Yeo,,CNOT4,,,,,,Brian Yee,,Illumina NovaSeq 6000,,HEK293,,,,,,
233104689213030527,Integrated multi-omics analysis of zinc finger proteins uncovers roles in RNA regulation,722408009116152387,V5ZFtag_75-150_HEK293_Hs_Input_rep1_SRR27034077,false,CLIP,"{'id': 'Hs', 'name': 'Human'}",39303722,SRR27034077.fastq.gz,,75-150kDa,,eCLIP,NNNNNNNNNN,GSM7932167,UCSD,Gene Yeo,,SMInput,,,,,,Brian Yee,,Illumina NovaSeq 6000,,HEK293,,,,,,
233104689213030527,Integrated multi-omics analysis of zinc finger proteins uncovers roles in RNA regulation,453252567785318192,V5ZFtag_50-125_HEK293_Hs_Input_rep2_SRR27034078,false,CLIP,"{'id': 'Hs', 'name': 'Human'}",39303722,SRR27034078.fastq.gz,,50-125kDa,,eCLIP,NNNNNNNNNN,GSM7932166,UCSD,Gene Yeo,,SMInput,,,,,,Brian Yee,,Illumina NovaSeq 6000,,HEK293,,,,,,
233104689213030527,Integrated multi-omics analysis of zinc finger proteins uncovers roles in RNA regulation,817688689129699730,FUS_HEK293_Hs_rep1_SRR27034089,false,CLIP,"{'id': 'Hs', 'name': 'Human'}",39303722,SRR27034089.fastq.gz,,,,eCLIP,NNNNNNNNNN,GSM7932071,UCSD,Gene Yeo,,FUS,,,,,,Brian Yee,,Illumina NovaSeq 6000,,HEK293,,,,,,
233104689213030527,Integrated multi-omics analysis of zinc finger proteins uncovers roles in RNA regulation,568568053899273984,V5ZFtag_150-225_HEK293_Hs_Input_rep1_SRR27034024,false,CLIP,"{'id': 'Hs', 'name': 'Human'}",39303722,SRR27034024.fastq.gz,,150-225kDa,,eCLIP,NNNNNNNNNN,GSM7932161,UCSD,Gene Yeo,,SMInput,,,,,,Brian Yee,,Illumina NovaSeq 6000,,HEK293,,,,,,
233104689213030527,Integrated multi-omics analysis of zinc finger proteins uncovers roles in RNA regulation,996507692233190941,ZC3H3_HEK293_Hs_rep2_SRR27034134,false,CLIP,"{'id': 'Hs', 'name': 'Human'}",39303722,SRR27034134.fastq.gz,,,,eCLIP,NNNNNNNNNN,GSM7932110,UCSD,Gene Yeo,,ZC3H3,,,,,,Brian Yee,,Illumina NovaSeq 6000,,HEK293,,,,,,
233104689213030527,Integrated multi-omics analysis of zinc finger proteins uncovers roles in RNA regulation,276024024185444295,ZC3H3_HEK293_Hs_rep1_SRR27034048,false,CLIP,"{'id': 'Hs', 'name': 'Human'}",39303722,SRR27034048.fastq.gz,,,,eCLIP,NNNNNNNNNN,GSM7932109,UCSD,Gene Yeo,,ZC3H3,,,,,,Brian Yee,,Illumina NovaSeq 6000,,HEK293,,,,,,
233104689213030527,Integrated multi-omics analysis of zinc finger proteins uncovers roles in RNA regulation,435928808273983339,ZNF800_HEK293_Hs_rep1_SRR27034109,false,CLIP,"{'id': 'Hs', 'name': 'Human'}",39303722,SRR27034109.fastq.gz,,,,eCLIP,NNNNNNNNNN,GSM7932135,UCSD,Gene Yeo,,ZNF800,,,,,,Brian Yee,,Illumina NovaSeq 6000,,HEK293,,,,,,
233104689213030527,Integrated multi-omics analysis of zinc finger proteins uncovers roles in RNA regulation,371896419355341204,V5ZFtag_100-225_HEK293_Hs_rep2_SRR27034047,false,CLIP,"{'id': 'Hs', 'name': 'Human'}",39303722,SRR27034047.fastq.gz,,100-225kDa,,eCLIP,NNNNNNNNNN,GSM7932138,UCSD,Gene Yeo,,SMInput,,,,,,Brian Yee,,Illumina NovaSeq 6000,,HEK293,,,,,,
233104689213030527,Integrated multi-omics analysis of zinc finger proteins uncovers roles in RNA regulation,806838036662107789,PHF7_HEK293_Hs_rep2_SRR27034069,false,CLIP,"{'id': 'Hs', 'name': 'Human'}",39303722,SRR27034069.fastq.gz,,,,eCLIP,NNNNNNNNNN,GSM7932088,UCSD,Gene Yeo,,PHF7,,,,,,Brian Yee,,Illumina NovaSeq 6000,,HEK293,,,,,,
233104689213030527,Integrated multi-omics analysis of zinc finger proteins uncovers roles in RNA regulation,182653457265901160,CNOT4_HEK293_Hs_rep2_SRR27034098,false,CLIP,"{'id': 'Hs', 'name': 'Human'}",39303722,SRR27034098.fastq.gz,,,,eCLIP,NNNNNNNNNN,GSM7932062,UCSD,Gene Yeo,,CNOT4,,,,,,Brian Yee,,Illumina NovaSeq 6000,,HEK293,,,,,,
233104689213030527,Integrated multi-omics analysis of zinc finger proteins uncovers roles in RNA regulation,159021070420098054,V5ZFtag_150-225_HEK293_Hs_rep1_SRR27034044,false,CLIP,"{'id': 'Hs', 'name': 'Human'}",39303722,SRR27034044.fastq.gz,,150-225kDa,,eCLIP,NNNNNNNNNN,GSM7932141,UCSD,Gene Yeo,,SMInput,,,,,,Brian Yee,,Illumina NovaSeq 6000,,HEK293,,,,,,
233104689213030527,Integrated multi-omics analysis of zinc finger proteins uncovers roles in RNA regulation,462052139437509578,V5ZFtag_25-100_HEK293_Hs_Input_rep1_SRR27034022,false,CLIP,"{'id': 'Hs', 'name': 'Human'}",39303722,SRR27034022.fastq.gz,,25-100kDa,,eCLIP,NNNNNNNNNN,GSM7932163,UCSD,Gene Yeo,,SMInput,,,,,,Brian Yee,,Illumina NovaSeq 6000,,HEK293,,,,,,
233104689213030527,Integrated multi-omics analysis of zinc finger proteins uncovers roles in RNA regulation,751543132527674156,V5ZFtag_150-225_HEK293_Hs_Input_rep2_SRR27034023,false,CLIP,"{'id': 'Hs', 'name': 'Human'}",39303722,SRR27034023.fastq.gz,,150-225kDa,,eCLIP,NNNNNNNNNN,GSM7932162,UCSD,Gene Yeo,,SMInput,,,,,,Brian Yee,,Illumina NovaSeq 6000,,HEK293,,,,,,
233104689213030527,Integrated multi-omics analysis of zinc finger proteins uncovers roles in RNA regulation,698267073688718747,GIN1_HEK293_Hs_rep2_SRR27034084,false,CLIP,"{'id': 'Hs', 'name': 'Human'}",39303722,SRR27034084.fastq.gz,,,,eCLIP,NNNNNNNNNN,GSM7932076,UCSD,Gene Yeo,,GIN1,,,,,,Brian Yee,,Illumina NovaSeq 6000,,HEK293,,,,,,
233104689213030527,Integrated multi-omics analysis of zinc finger proteins uncovers roles in RNA regulation,963893650701093347,V5ZFtag_100-225_HEK293_Hs_Input_rep2_SRR27034027,false,CLIP,"{'id': 'Hs', 'name': 'Human'}",39303722,SRR27034027.fastq.gz,,100-225kDa,,eCLIP,NNNNNNNNNN,GSM7932158,UCSD,Gene Yeo,,SMInput,,,,,,Brian Yee,,Illumina NovaSeq 6000,,HEK293,,,,,,
233104689213030527,Integrated multi-omics analysis of zinc finger proteins uncovers roles in RNA regulation,828002306044740796,ZNF473_HEK293_Hs_rep1_SRR29262328,false,CLIP,"{'id': 'Hs', 'name': 'Human'}",39303722,SRR29262328.fastq.gz,,,,eCLIP,NNNNNNNNNN,GSM8302061,UCSD,Gene Yeo,,ZNF473,,,,,,Brian Yee,,Illumina NovaSeq 6000,,HEK293,,,,,,
233104689213030527,Integrated multi-omics analysis of zinc finger proteins uncovers roles in RNA regulation,811488098152319232,SNRPC_HEK293_Hs_rep2_SRR27034059,false,CLIP,"{'id': 'Hs', 'name': 'Human'}",39303722,SRR27034059.fastq.gz,,,,eCLIP,NNNNNNNNNN,GSM7932098,UCSD,Gene Yeo,,SNRPC,,,,,,Brian Yee,,Illumina NovaSeq 6000,,HEK293,,,,,,
233104689213030527,Integrated multi-omics analysis of zinc finger proteins uncovers roles in RNA regulation,213432288367099636,V5ZFtag_25-100_HEK293_Hs_rep1_SRR27034042,false,CLIP,"{'id': 'Hs', 'name': 'Human'}",39303722,SRR27034042.fastq.gz,,25-100kDa,,eCLIP,NNNNNNNNNN,GSM7932143,UCSD,Gene Yeo,,SMInput,,,,,,Brian Yee,,Illumina NovaSeq 6000,,HEK293,,,,,,
233104689213030527,Integrated multi-omics analysis of zinc finger proteins uncovers roles in RNA regulation,186364860708555149,ZNF473_HEK293_Hs_RBDwt_rep2_SRR27034029,false,CLIP,"{'id': 'Hs', 'name': 'Human'}",39303722,SRR27034029.fastq.gz,,,,eCLIP,NNNNNNNNNN,GSM7932156,UCSD,Gene Yeo,,ZNF473,,,,,,Brian Yee,,Illumina NovaSeq 6000,,HEK293,,,,,,
233104689213030527,Integrated multi-omics analysis of zinc finger proteins uncovers roles in RNA regulation,331109850181349414,V5ZFtag_50-125_HEK293_Hs_rep2_SRR27034039,false,CLIP,"{'id': 'Hs', 'name': 'Human'}",39303722,SRR27034039.fastq.gz,,50-125kDa,,eCLIP,NNNNNNNNNN,GSM7932146,UCSD,Gene Yeo,,SMInput,,,,,,Brian Yee,,Illumina NovaSeq 6000,,HEK293,,,,,,
233104689213030527,Integrated multi-omics analysis of zinc finger proteins uncovers roles in RNA regulation,801698105805134831,V5ZFtag_150-225_HEK293_Hs_rep2_SRR27034043,false,CLIP,"{'id': 'Hs', 'name': 'Human'}",39303722,SRR27034043.fastq.gz,,150-225kDa,,eCLIP,NNNNNNNNNN,GSM7932142,UCSD,Gene Yeo,,SMInput,,,,,,Brian Yee,,Illumina NovaSeq 6000,,HEK293,,,,,,
233104689213030527,Integrated multi-omics analysis of zinc finger proteins uncovers roles in RNA regulation,878719067946194885,ZNF277_HEK293_Hs_rep1_SRR29262324,false,CLIP,"{'id': 'Hs', 'name': 'Human'}",39303722,SRR29262324.fastq.gz,,,,eCLIP,NNNNNNNNNN,GSM8302065,UCSD,Gene Yeo,,ZNF277,,,,,,Brian Yee,,Illumina NovaSeq 6000,,HEK293,,,,,,
233104689213030527,Integrated multi-omics analysis of zinc finger proteins uncovers roles in RNA regulation,959425234006684911,ZC3HAV1_HEK293_Hs_rep1_SRR27034133,false,CLIP,"{'id': 'Hs', 'name': 'Human'}",39303722,SRR27034133.fastq.gz,,,,eCLIP,NNNNNNNNNN,GSM7932111,UCSD,Gene Yeo,,ZC3HAV1,,,,,,Brian Yee,,Illumina NovaSeq 6000,,HEK293,,,,,,
233104689213030527,Integrated multi-omics analysis of zinc finger proteins uncovers roles in RNA regulation,137129474017543016,MBNL1_HEK293_Hs_rep1_SRR27034074,false,CLIP,"{'id': 'Hs', 'name': 'Human'}",39303722,SRR27034074.fastq.gz,,,,eCLIP,NNNNNNNNNN,GSM7932083,UCSD,Gene Yeo,,MBNL1,,,,,,Brian Yee,,Illumina NovaSeq 6000,,HEK293,,,,,,
233104689213030527,Integrated multi-omics analysis of zinc finger proteins uncovers roles in RNA regulation,343816894632110682,IGHMBP2_HEK293_Hs_rep1_SRR27034083,false,CLIP,"{'id': 'Hs', 'name': 'Human'}",39303722,SRR27034083.fastq.gz,,,,eCLIP,NNNNNNNNNN,GSM7932077,UCSD,Gene Yeo,,IGHMBP2,,,,,,Brian Yee,,Illumina NovaSeq 6000,,HEK293,,,,,,
233104689213030527,Integrated multi-omics analysis of zinc finger proteins uncovers roles in RNA regulation,967597071673056170,RNF14_HEK293_Hs_rep1_SRR27034064,false,CLIP,"{'id': 'Hs', 'name': 'Human'}",39303722,SRR27034064.fastq.gz,,,,eCLIP,NNNNNNNNNN,GSM7932093,UCSD,Gene Yeo,,RNF14,,,,,,Brian Yee,,Illumina NovaSeq 6000,,HEK293,,,,,,
233104689213030527,Integrated multi-omics analysis of zinc finger proteins uncovers roles in RNA regulation,359959718727902929,ZNF317_HEK293_Hs_rep1_SRR27034119,false,CLIP,"{'id': 'Hs', 'name': 'Human'}",39303722,SRR27034119.fastq.gz,,,,eCLIP,NNNNNNNNNN,GSM7932125,UCSD,Gene Yeo,,ZNF317,,,,,,Brian Yee,,Illumina NovaSeq 6000,,HEK293,,,,,,
233104689213030527,Integrated multi-omics analysis of zinc finger proteins uncovers roles in RNA regulation,561255769486347211,ZNF800_HEK293_Hs_rep2_SRR27034108,false,CLIP,"{'id': 'Hs', 'name': 'Human'}",39303722,SRR27034108.fastq.gz,,,,eCLIP,NNNNNNNNNN,GSM7932136,UCSD,Gene Yeo,,ZNF800,,,,,,Brian Yee,,Illumina NovaSeq 6000,,HEK293,,,,,,
233104689213030527,Integrated multi-omics analysis of zinc finger proteins uncovers roles in RNA regulation,622349984879757339,ZNF574_HEK293_Hs_rep2_SRR27034114,false,CLIP,"{'id': 'Hs', 'name': 'Human'}",39303722,SRR27034114.fastq.gz,,,,eCLIP,NNNNNNNNNN,GSM7932130,UCSD,Gene Yeo,,ZNF574,,,,,,Brian Yee,,Illumina NovaSeq 6000,,HEK293,,,,,,
233104689213030527,Integrated multi-omics analysis of zinc finger proteins uncovers roles in RNA regulation,426993909405027829,FUS_HEK293_Hs_rep2_SRR27034088,false,CLIP,"{'id': 'Hs', 'name': 'Human'}",39303722,SRR27034088.fastq.gz,,,,eCLIP,NNNNNNNNNN,GSM7932072,UCSD,Gene Yeo,,FUS,,,,,,Brian Yee,,Illumina NovaSeq 6000,,HEK293,,,,,,
233104689213030527,Integrated multi-omics analysis of zinc finger proteins uncovers roles in RNA regulation,374567393894401686,V5ZFtag_75-150_HEK293_Hs_rep1_SRR27034038,false,CLIP,"{'id': 'Hs', 'name': 'Human'}",39303722,SRR27034038.fastq.gz,,75-150kDa,,eCLIP,NNNNNNNNNN,GSM7932147,UCSD,Gene Yeo,,SMInput,,,,,,Brian Yee,,Illumina NovaSeq 6000,,HEK293,,,,,,
233104689213030527,Integrated multi-omics analysis of zinc finger proteins uncovers roles in RNA regulation,151277188350326012,R113A1_HEK293_Hs_rep1_SRR27034068,false,CLIP,"{'id': 'Hs', 'name': 'Human'}",39303722,SRR27034068.fastq.gz,,,,eCLIP,NNNNNNNNNN,GSM7932089,UCSD,Gene Yeo,,R113A1,,,,,,Brian Yee,,Illumina NovaSeq 6000,,HEK293,,,,,,
233104689213030527,Integrated multi-omics analysis of zinc finger proteins uncovers roles in RNA regulation,232837015408450235,V5ZFtag_25-100_HEK293_Hs_rep2_SRR27034041,false,CLIP,"{'id': 'Hs', 'name': 'Human'}",39303722,SRR27034041.fastq.gz,,25-100kDa,,eCLIP,NNNNNNNNNN,GSM7932144,UCSD,Gene Yeo,,SMInput,,,,,,Brian Yee,,Illumina NovaSeq 6000,,HEK293,,,,,,
233104689213030527,Integrated multi-omics analysis of zinc finger proteins uncovers roles in RNA regulation,151990074345632890,V5ZFtag_100-225_HEK293_Hs_rep1_SRR27034107,false,CLIP,"{'id': 'Hs', 'name': 'Human'}",39303722,SRR27034107.fastq.gz,,100-225kDa,,eCLIP,NNNNNNNNNN,GSM7932137,UCSD,Gene Yeo,,SMInput,,,,,,Brian Yee,,Illumina NovaSeq 6000,,HEK293,,,,,,
233104689213030527,Integrated multi-omics analysis of zinc finger proteins uncovers roles in RNA regulation,640860317560740376,ZNF2_HEK293_Hs_rep2_SRR27034124,false,CLIP,"{'id': 'Hs', 'name': 'Human'}",39303722,SRR27034124.fastq.gz,,,,eCLIP,NNNNNNNNNN,GSM7932120,UCSD,Gene Yeo,,ZNF2,,,,,,Brian Yee,,Illumina NovaSeq 6000,,HEK293,,,,,,
233104689213030527,Integrated multi-omics analysis of zinc finger proteins uncovers roles in RNA regulation,827308646189547881,V5ZFtag_25-100_HEK293_Hs_Input_rep2_SRR27034021,false,CLIP,"{'id': 'Hs', 'name': 'Human'}",39303722,SRR27034021.fastq.gz,,25-100kDa,,eCLIP,NNNNNNNNNN,GSM7932164,UCSD,Gene Yeo,,SMInput,,,,,,Brian Yee,,Illumina NovaSeq 6000,,HEK293,,,,,,
233104689213030527,Integrated multi-omics analysis of zinc finger proteins uncovers roles in RNA regulation,885971462949876168,CPS4L_HEK293_Hs_rep1_SRR27034097,false,CLIP,"{'id': 'Hs', 'name': 'Human'}",39303722,SRR27034097.fastq.gz,,,,eCLIP,NNNNNNNNNN,GSM7932063,UCSD,Gene Yeo,,CPS4L,,,,,,Brian Yee,,Illumina NovaSeq 6000,,HEK293,,,,,,
233104689213030527,Integrated multi-omics analysis of zinc finger proteins uncovers roles in RNA regulation,785960607520163552,TEX13A_HEK293_Hs_rep1_SRR27034058,false,CLIP,"{'id': 'Hs', 'name': 'Human'}",39303722,SRR27034058.fastq.gz,,,,eCLIP,NNNNNNNNNN,GSM7932099,UCSD,Gene Yeo,,TEX13A,,,,,,Brian Yee,,Illumina NovaSeq 6000,,HEK293,,,,,,
233104689213030527,Integrated multi-omics analysis of zinc finger proteins uncovers roles in RNA regulation,272331383074987716,ZC3HAV1_HEK293_Hs_rep2_SRR27034132,false,CLIP,"{'id': 'Hs', 'name': 'Human'}",39303722,SRR27034132.fastq.gz,,,,eCLIP,NNNNNNNNNN,GSM7932112,UCSD,Gene Yeo,,ZC3HAV1,,,,,,Brian Yee,,Illumina NovaSeq 6000,,HEK293,,,,,,
233104689213030527,Integrated multi-omics analysis of zinc finger proteins uncovers roles in RNA regulation,332939756116773195,R113A1_HEK293_Hs_rep2_SRR27034067,false,CLIP,"{'id': 'Hs', 'name': 'Human'}",39303722,SRR27034067.fastq.gz,,,,eCLIP,NNNNNNNNNN,GSM7932090,UCSD,Gene Yeo,,R113A1,,,,,,Brian Yee,,Illumina NovaSeq 6000,,HEK293,,,,,,
233104689213030527,Integrated multi-omics analysis of zinc finger proteins uncovers roles in RNA regulation,129637180535749005,ZNF473_HEK293_Hs_RBDdel_rep1_SRR27034034,false,CLIP,"{'id': 'Hs', 'name': 'Human'}",39303722,SRR27034034.fastq.gz,,RBDdel,,eCLIP,NNNNNNNNNN,GSM7932151,UCSD,Gene Yeo,,ZNF473,,,,,,Brian Yee,,Illumina NovaSeq 6000,,HEK293,,,,,,
233104689213030527,Integrated multi-omics analysis of zinc finger proteins uncovers roles in RNA regulation,777489900083505320,ZNF277_HEK293_Hs_rep2_SRR29262323,false,CLIP,"{'id': 'Hs', 'name': 'Human'}",39303722,SRR29262323.fastq.gz,,,,eCLIP,NNNNNNNNNN,GSM8302066,UCSD,Gene Yeo,,ZNF277,,,,,,Brian Yee,,Illumina NovaSeq 6000,,HEK293,,,,,,
233104689213030527,Integrated multi-omics analysis of zinc finger proteins uncovers roles in RNA regulation,307388310047594788,ZMAT3_HEK293_Hs_rep1_SRR27034129,false,CLIP,"{'id': 'Hs', 'name': 'Human'}",39303722,SRR27034129.fastq.gz,,,,eCLIP,NNNNNNNNNN,GSM7932115,UCSD,Gene Yeo,,ZMAT3,,,,,,Brian Yee,,Illumina NovaSeq 6000,,HEK293,,,,,,
233104689213030527,Integrated multi-omics analysis of zinc finger proteins uncovers roles in RNA regulation,102380750964358746,MAZ_HEK293_Hs_rep2_SRR27034076,false,CLIP,"{'id': 'Hs', 'name': 'Human'}",39303722,SRR27034076.fastq.gz,,,,eCLIP,NNNNNNNNNN,GSM7932082,UCSD,Gene Yeo,,MAZ,,,,,,Brian Yee,,Illumina NovaSeq 6000,,HEK293,,,,,,
233104689213030527,Integrated multi-omics analysis of zinc finger proteins uncovers roles in RNA regulation,175811348673404603,ZNF473_HEK293_Hs_rep2_SRR29262327,false,CLIP,"{'id': 'Hs', 'name': 'Human'}",39303722,SRR29262327.fastq.gz,,,,eCLIP,NNNNNNNNNN,GSM8302062,UCSD,Gene Yeo,,ZNF473,,,,,,Brian Yee,,Illumina NovaSeq 6000,,HEK293,,,,,,
233104689213030527,Integrated multi-omics analysis of zinc finger proteins uncovers roles in RNA regulation,565943451586440862,MBNL1_HEK293_Hs_rep2_SRR27034073,false,CLIP,"{'id': 'Hs', 'name': 'Human'}",39303722,SRR27034073.fastq.gz,,,,eCLIP,NNNNNNNNNN,GSM7932084,UCSD,Gene Yeo,,MBNL1,,,,,,Brian Yee,,Illumina NovaSeq 6000,,HEK293,,,,,,
233104689213030527,Integrated multi-omics analysis of zinc finger proteins uncovers roles in RNA regulation,532804028433353198,V5ZFtag_125-225_HEK293_Hs_Input_rep1_SRR27034026,false,CLIP,"{'id': 'Hs', 'name': 'Human'}",39303722,SRR27034026.fastq.gz,,125-225kDa,,eCLIP,NNNNNNNNNN,GSM7932159,UCSD,Gene Yeo,,SMInput,,,,,,Brian Yee,,Illumina NovaSeq 6000,,HEK293,,,,,,
233104689213030527,Integrated multi-omics analysis of zinc finger proteins uncovers roles in RNA regulation,640097316089129042,ZMAT3_HEK293_Hs_rep2_SRR27034128,false,CLIP,"{'id': 'Hs', 'name': 'Human'}",39303722,SRR27034128.fastq.gz,,,,eCLIP,NNNNNNNNNN,GSM7932116,UCSD,Gene Yeo,,ZMAT3,,,,,,Brian Yee,,Illumina NovaSeq 6000,,HEK293,,,,,,
233104689213030527,Integrated multi-omics analysis of zinc finger proteins uncovers roles in RNA regulation,192638455444362721,V5ZFtag_125-225_HEK293_Hs_rep1_SRR27034046,false,CLIP,"{'id': 'Hs', 'name': 'Human'}",39303722,SRR27034046.fastq.gz,,125-225kDa,,eCLIP,NNNNNNNNNN,GSM7932139,UCSD,Gene Yeo,,SMInput,,,,,,Brian Yee,,Illumina NovaSeq 6000,,HEK293,,,,,,
233104689213030527,Integrated multi-omics analysis of zinc finger proteins uncovers roles in RNA regulation,984608524194985889,ZNF593_HEK293_Hs_rep1_SRR27034113,false,CLIP,"{'id': 'Hs', 'name': 'Human'}",39303722,SRR27034113.fastq.gz,,,,eCLIP,NNNNNNNNNN,GSM7932131,UCSD,Gene Yeo,,ZNF593,,,,,,Brian Yee,,Illumina NovaSeq 6000,,HEK293,,,,,,
233104689213030527,Integrated multi-omics analysis of zinc finger proteins uncovers roles in RNA regulation,720392415856547851,ZNF473_HEK293_Hs_RBDdel_rep2_SRR27034033,false,CLIP,"{'id': 'Hs', 'name': 'Human'}",39303722,SRR27034033.fastq.gz,,RBDdel,,eCLIP,NNNNNNNNNN,GSM7932152,UCSD,Gene Yeo,,ZNF473,,,,,,Brian Yee,,Illumina NovaSeq 6000,,HEK293,,,,,,
233104689213030527,Integrated multi-omics analysis of zinc finger proteins uncovers roles in RNA regulation,461545490605788579,CTCF_HEK293_Hs_rep1_SRR27034093,false,CLIP,"{'id': 'Hs', 'name': 'Human'}",39303722,SRR27034093.fastq.gz,,,,eCLIP,NNNNNNNNNN,GSM7932067,UCSD,Gene Yeo,,CTCF,,,,,,Brian Yee,,Illumina NovaSeq 6000,,HEK293,,,,,,
233104689213030527,Integrated multi-omics analysis of zinc finger proteins uncovers roles in RNA regulation,898675084462921309,RNF14_HEK293_Hs_rep2_SRR27034063,false,CLIP,"{'id': 'Hs', 'name': 'Human'}",39303722,SRR27034063.fastq.gz,,,,eCLIP,NNNNNNNNNN,GSM7932094,UCSD,Gene Yeo,,RNF14,,,,,,Brian Yee,,Illumina NovaSeq 6000,,HEK293,,,,,,
233104689213030527,Integrated multi-omics analysis of zinc finger proteins uncovers roles in RNA regulation,182005876594404164,ZNF22_HEK293_Hs_rep1_SRR27034123,false,CLIP,"{'id': 'Hs', 'name': 'Human'}",39303722,SRR27034123.fastq.gz,,,,eCLIP,NNNNNNNNNN,GSM7932121,UCSD,Gene Yeo,,ZNF22,,,,,,Brian Yee,,Illumina NovaSeq 6000,,HEK293,,,,,,
233104689213030527,Integrated multi-omics analysis of zinc finger proteins uncovers roles in RNA regulation,730347168474340565,CISD1_HEK293_Hs_rep2_SRR27034104,false,CLIP,"{'id': 'Hs', 'name': 'Human'}",39303722,SRR27034104.fastq.gz,,,,eCLIP,NNNNNNNNNN,GSM7932056,UCSD,Gene Yeo,,CISD1,,,,,,Brian Yee,,Illumina NovaSeq 6000,,HEK293,,,,,,
233104689213030527,Integrated multi-omics analysis of zinc finger proteins uncovers roles in RNA regulation,813581407949719069,RBM5_HEK293_Hs_rep1_SRR27034066,false,CLIP,"{'id': 'Hs', 'name': 'Human'}",39303722,SRR27034066.fastq.gz,,,,eCLIP,NNNNNNNNNN,GSM7932091,UCSD,Gene Yeo,,RBM5,,,,,,Brian Yee,,Illumina NovaSeq 6000,,HEK293,,,,,,
233104689213030527,Integrated multi-omics analysis of zinc finger proteins uncovers roles in RNA regulation,985909137924953264,ZNF22_HEK293_Hs_rep2_SRR27034122,false,CLIP,"{'id': 'Hs', 'name': 'Human'}",39303722,SRR27034122.fastq.gz,,,,eCLIP,NNNNNNNNNN,GSM7932122,UCSD,Gene Yeo,,ZNF22,,,,,,Brian Yee,,Illumina NovaSeq 6000,,HEK293,,,,,,
233104689213030527,Integrated multi-omics analysis of zinc finger proteins uncovers roles in RNA regulation,285015465057206590,ZNF473_HEK293_Hs_rep1_SRR27034117,false,CLIP,"{'id': 'Hs', 'name': 'Human'}",39303722,SRR27034117.fastq.gz,,,,eCLIP,NNNNNNNNNN,GSM7932127,UCSD,Gene Yeo,,ZNF473,,,,,,Brian Yee,,Illumina NovaSeq 6000,,HEK293,,,,,,
233104689213030527,Integrated multi-omics analysis of zinc finger proteins uncovers roles in RNA regulation,508953935552370047,V5ZFtag_75-150_HEK293_Hs_rep2_SRR27034037,false,CLIP,"{'id': 'Hs', 'name': 'Human'}",39303722,SRR27034037.fastq.gz,,75-150kDa,,eCLIP,NNNNNNNNNN,GSM7932148,UCSD,Gene Yeo,,SMInput,,,,,,Brian Yee,,Illumina NovaSeq 6000,,HEK293,,,,,,
233104689213030527,Integrated multi-omics analysis of zinc finger proteins uncovers roles in RNA regulation,531717585554424813,ZNF317_HEK293_Hs_rep2_SRR27034118,false,CLIP,"{'id': 'Hs', 'name': 'Human'}",39303722,SRR27034118.fastq.gz,,,,eCLIP,NNNNNNNNNN,GSM7932126,UCSD,Gene Yeo,,ZNF317,,,,,,Brian Yee,,Illumina NovaSeq 6000,,HEK293,,,,,,
233104689213030527,Integrated multi-omics analysis of zinc finger proteins uncovers roles in RNA regulation,472312415111669575,ZNF277_HEK293_Hs_Input_rep1_SRR29262322,false,CLIP,"{'id': 'Hs', 'name': 'Human'}",39303722,SRR29262322.fastq.gz,,Input,,eCLIP,NNNNNNNNNN,GSM8302067,UCSD,Gene Yeo,,SMInput,,,,,,Brian Yee,,Illumina NovaSeq 6000,,HEK293,,,,,,
233104689213030527,Integrated multi-omics analysis of zinc finger proteins uncovers roles in RNA regulation,429007605688269334,CISD2_HEK293_Hs_RBDdel_rep1_SRR29262314,false,CLIP,"{'id': 'Hs', 'name': 'Human'}",39303722,SRR29262314.fastq.gz,,RBDdel,,eCLIP,NNNNNNNNNN,GSM8302075,UCSD,Gene Yeo,,CISD2,,,,,,Brian Yee,,Illumina NovaSeq 6000,,HEK293,,,,,,
233104689213030527,Integrated multi-omics analysis of zinc finger proteins uncovers roles in RNA regulation,631869338868574890,TRIM55_HEK293_Hs_rep1_SRR27034054,false,CLIP,"{'id': 'Hs', 'name': 'Human'}",39303722,SRR27034054.fastq.gz,,,,eCLIP,NNNNNNNNNN,GSM7932103,UCSD,Gene Yeo,,TRIM55,,,,,,Brian Yee,,Illumina NovaSeq 6000,,HEK293,,,,,,
233104689213030527,Integrated multi-omics analysis of zinc finger proteins uncovers roles in RNA regulation,848755788424782604,ZNF593_HEK293_Hs_rep2_SRR27034112,false,CLIP,"{'id': 'Hs', 'name': 'Human'}",39303722,SRR27034112.fastq.gz,,,,eCLIP,NNNNNNNNNN,GSM7932132,UCSD,Gene Yeo,,ZNF593,,,,,,Brian Yee,,Illumina NovaSeq 6000,,HEK293,,,,,,
233104689213030527,Integrated multi-omics analysis of zinc finger proteins uncovers roles in RNA regulation,293650622918952013,CPSF4_HEK293_Hs_rep2_SRR27034094,false,CLIP,"{'id': 'Hs', 'name': 'Human'}",39303722,SRR27034094.fastq.gz,,,,eCLIP,NNNNNNNNNN,GSM7932066,UCSD,Gene Yeo,,CPSF4,,,,,,Brian Yee,,Illumina NovaSeq 6000,,HEK293,,,,,,
233104689213030527,Integrated multi-omics analysis of zinc finger proteins uncovers roles in RNA regulation,307434098934593661,ZMAT5_HEK293_Hs_rep1_SRR27034127,false,CLIP,"{'id': 'Hs', 'name': 'Human'}",39303722,SRR27034127.fastq.gz,,,,eCLIP,NNNNNNNNNN,GSM7932117,UCSD,Gene Yeo,,ZMAT5,,,,,,Brian Yee,,Illumina NovaSeq 6000,,HEK293,,,,,,
233104689213030527,Integrated multi-omics analysis of zinc finger proteins uncovers roles in RNA regulation,862333107736971460,ZFP36L1_HEK293_Hs_rep1_SRR27034131,false,CLIP,"{'id': 'Hs', 'name': 'Human'}",39303722,SRR27034131.fastq.gz,,,,eCLIP,NNNNNNNNNN,GSM7932113,UCSD,Gene Yeo,,ZFP36L1,,,,,,Brian Yee,,Illumina NovaSeq 6000,,HEK293,,,,,,
233104689213030527,Integrated multi-omics analysis of zinc finger proteins uncovers roles in RNA regulation,126690902079479155,TEX13A_HEK293_Hs_rep2_SRR27034057,false,CLIP,"{'id': 'Hs', 'name': 'Human'}",39303722,SRR27034057.fastq.gz,,,,eCLIP,NNNNNNNNNN,GSM7932100,UCSD,Gene Yeo,,TEX13A,,,,,,Brian Yee,,Illumina NovaSeq 6000,,HEK293,,,,,,
233104689213030527,Integrated multi-omics analysis of zinc finger proteins uncovers roles in RNA regulation,280604805659519818,SALL4_HEK293_Hs_rep1_SRR27034062,false,CLIP,"{'id': 'Hs', 'name': 'Human'}",39303722,SRR27034062.fastq.gz,,,,eCLIP,NNNNNNNNNN,GSM7932095,UCSD,Gene Yeo,,SALL4,,,,,,Brian Yee,,Illumina NovaSeq 6000,,HEK293,,,,,,
233104689213030527,Integrated multi-omics analysis of zinc finger proteins uncovers roles in RNA regulation,654918854517041453,CPS4L_HEK293_Hs_rep2_SRR27034096,false,CLIP,"{'id': 'Hs', 'name': 'Human'}",39303722,SRR27034096.fastq.gz,,,,eCLIP,NNNNNNNNNN,GSM7932064,UCSD,Gene Yeo,,CPS4L,,,,,,Brian Yee,,Illumina NovaSeq 6000,,HEK293,,,,,,
233104689213030527,Integrated multi-omics analysis of zinc finger proteins uncovers roles in RNA regulation,712475587620320092,ZNF473_HEK293_Hs_Input_RBDwt_rep1_SRR27034032,false,CLIP,"{'id': 'Hs', 'name': 'Human'}",39303722,SRR27034032.fastq.gz,,Input,,eCLIP,NNNNNNNNNN,GSM7932153,UCSD,Gene Yeo,,SMInput,,,,,,Brian Yee,,Illumina NovaSeq 6000,,HEK293,,,,,,
233104689213030527,Integrated multi-omics analysis of zinc finger proteins uncovers roles in RNA regulation,874268326449840683,ZNF473_HEK293_Hs_Input_rep1_SRR29262326,false,CLIP,"{'id': 'Hs', 'name': 'Human'}",39303722,SRR29262326.fastq.gz,,Input,,eCLIP,NNNNNNNNNN,GSM8302063,UCSD,Gene Yeo,,SMInput,,,,,,Brian Yee,,Illumina NovaSeq 6000,,HEK293,,,,,,
233104689213030527,Integrated multi-omics analysis of zinc finger proteins uncovers roles in RNA regulation,410935287135318443,TF3C4_HEK293_Hs_rep1_SRR27034056,false,CLIP,"{'id': 'Hs', 'name': 'Human'}",39303722,SRR27034056.fastq.gz,,,,eCLIP,NNNNNNNNNN,GSM7932101,UCSD,Gene Yeo,,TF3C4,,,,,,Brian Yee,,Illumina NovaSeq 6000,,HEK293,,,,,,
233104689213030527,Integrated multi-omics analysis of zinc finger proteins uncovers roles in RNA regulation,255465339964927746,V5ZFtag_50-125_HEK293_Hs_Input_rep1_SRR27034020,false,CLIP,"{'id': 'Hs', 'name': 'Human'}",39303722,SRR27034020.fastq.gz,,50-125kDa,,eCLIP,NNNNNNNNNN,GSM7932165,UCSD,Gene Yeo,,SMInput,,,,,,Brian Yee,,Illumina NovaSeq 6000,,HEK293,,,,,,
233104689213030527,Integrated multi-omics analysis of zinc finger proteins uncovers roles in RNA regulation,264350063594437393,CISD2_HEK293_Hs_rep1_SRR27034103,false,CLIP,"{'id': 'Hs', 'name': 'Human'}",39303722,SRR27034103.fastq.gz,,,,eCLIP,NNNNNNNNNN,GSM7932057,UCSD,Gene Yeo,,CISD2,,,,,,Brian Yee,,Illumina NovaSeq 6000,,HEK293,,,,,,
233104689213030527,Integrated multi-omics analysis of zinc finger proteins uncovers roles in RNA regulation,656231240062564562,BRCA1_HEK293_Hs_rep2_SRR27034106,false,CLIP,"{'id': 'Hs', 'name': 'Human'}",39303722,SRR27034106.fastq.gz,,,,eCLIP,NNNNNNNNNN,GSM7932054,UCSD,Gene Yeo,,BRCA1,,,,,,Brian Yee,,Illumina NovaSeq 6000,,HEK293,,,,,,
233104689213030527,Integrated multi-omics analysis of zinc finger proteins uncovers roles in RNA regulation,274049976192690780,ZNF593_HEK293_Hs_RBDdel_rep1_SRR29262318,false,CLIP,"{'id': 'Hs', 'name': 'Human'}",39303722,SRR29262318.fastq.gz,,RBDdel,,eCLIP,NNNNNNNNNN,GSM8302071,UCSD,Gene Yeo,,ZNF593,,,,,,Brian Yee,,Illumina NovaSeq 6000,,HEK293,,,,,,
233104689213030527,Integrated multi-omics analysis of zinc finger proteins uncovers roles in RNA regulation,141225476654096181,ZFP36L1_HEK293_Hs_rep2_SRR27034130,false,CLIP,"{'id': 'Hs', 'name': 'Human'}",39303722,SRR27034130.fastq.gz,,,,eCLIP,NNNNNNNNNN,GSM7932114,UCSD,Gene Yeo,,ZFP36L1,,,,,,Brian Yee,,Illumina NovaSeq 6000,,HEK293,,,,,,
233104689213030527,Integrated multi-omics analysis of zinc finger proteins uncovers roles in RNA regulation,976281754243481201,APEX2_HEK293_Hs_rep1_SRR27034137,false,CLIP,"{'id': 'Hs', 'name': 'Human'}",39303722,SRR27034137.fastq.gz,,,,eCLIP,NNNNNNNNNN,GSM7932051,UCSD,Gene Yeo,,APEX2,,,,,,Brian Yee,,Illumina NovaSeq 6000,,HEK293,,,,,,
233104689213030527,Integrated multi-omics analysis of zinc finger proteins uncovers roles in RNA regulation,636543365206762863,TRIM55_HEK293_Hs_rep2_SRR27034053,false,CLIP,"{'id': 'Hs', 'name': 'Human'}",39303722,SRR27034053.fastq.gz,,,,eCLIP,NNNNNNNNNN,GSM7932104,UCSD,Gene Yeo,,TRIM55,,,,,,Brian Yee,,Illumina NovaSeq 6000,,HEK293,,,,,,
233104689213030527,Integrated multi-omics analysis of zinc finger proteins uncovers roles in RNA regulation,810405259282322306,V5ZFtag_50-125_HEK293_Hs_rep1_SRR27034040,false,CLIP,"{'id': 'Hs', 'name': 'Human'}",39303722,SRR27034040.fastq.gz,,50-125kDa,,eCLIP,NNNNNNNNNN,GSM7932145,UCSD,Gene Yeo,,SMInput,,,,,,Brian Yee,,Illumina NovaSeq 6000,,HEK293,,,,,,
233104689213030527,Integrated multi-omics analysis of zinc finger proteins uncovers roles in RNA regulation,787937746626671474,ZNF277_HEK293_Hs_RBDdel_rep2_SRR29262319,false,CLIP,"{'id': 'Hs', 'name': 'Human'}",39303722,SRR29262319.fastq.gz,,RBDdel,,eCLIP,NNNNNNNNNN,GSM8302070,UCSD,Gene Yeo,,ZNF277,,,,,,Brian Yee,,Illumina NovaSeq 6000,,HEK293,,,,,,
233104689213030527,Integrated multi-omics analysis of zinc finger proteins uncovers roles in RNA regulation,268723898705341468,CISD2_HEK293_Hs_RBDdel_rep2_SRR29262313,false,CLIP,"{'id': 'Hs', 'name': 'Human'}",39303722,SRR29262313.fastq.gz,,RBDdel,,eCLIP,NNNNNNNNNN,GSM8302076,UCSD,Gene Yeo,,CISD2,,,,,,Brian Yee,,Illumina NovaSeq 6000,,HEK293,,,,,,
233104689213030527,Integrated multi-omics analysis of zinc finger proteins uncovers roles in RNA regulation,957421669484136771,ZNF473_HEK293_Hs_rep2_SRR27034116,false,CLIP,"{'id': 'Hs', 'name': 'Human'}",39303722,SRR27034116.fastq.gz,,,,eCLIP,NNNNNNNNNN,GSM7932128,UCSD,Gene Yeo,,ZNF473,,,,,,Brian Yee,,Illumina NovaSeq 6000,,HEK293,,,,,,
233104689213030527,Integrated multi-omics analysis of zinc finger proteins uncovers roles in RNA regulation,592098880056519891,V5ZFtag_75-150_HEK293_Hs_Input_rep2_SRR27034075,false,CLIP,"{'id': 'Hs', 'name': 'Human'}",39303722,SRR27034075.fastq.gz,,75-150kDa,,eCLIP,NNNNNNNNNN,GSM7932168,UCSD,Gene Yeo,,SMInput,,,,,,Brian Yee,,Illumina NovaSeq 6000,,HEK293,,,,,,
233104689213030527,Integrated multi-omics analysis of zinc finger proteins uncovers roles in RNA regulation,833929874538370872,RBM5_HEK293_Hs_rep2_SRR27034065,false,CLIP,"{'id': 'Hs', 'name': 'Human'}",39303722,SRR27034065.fastq.gz,,,,eCLIP,NNNNNNNNNN,GSM7932092,UCSD,Gene Yeo,,RBM5,,,,,,Brian Yee,,Illumina NovaSeq 6000,,HEK293,,,,,,
233104689213030527,Integrated multi-omics analysis of zinc finger proteins uncovers roles in RNA regulation,240418718762765306,G2E3_HEK293_Hs_rep1_SRR27034087,false,CLIP,"{'id': 'Hs', 'name': 'Human'}",39303722,SRR27034087.fastq.gz,,,,eCLIP,NNNNNNNNNN,GSM7932073,UCSD,Gene Yeo,,G2E3,,,,,,Brian Yee,,Illumina NovaSeq 6000,,HEK293,,,,,,
233104689213030527,Integrated multi-omics analysis of zinc finger proteins uncovers roles in RNA regulation,612086860278198394,V5ZFtag_125-225_HEK293_Hs_rep2_SRR27034045,false,CLIP,"{'id': 'Hs', 'name': 'Human'}",39303722,SRR27034045.fastq.gz,,125-225kDa,,eCLIP,NNNNNNNNNN,GSM7932140,UCSD,Gene Yeo,,SMInput,,,,,,Brian Yee,,Illumina NovaSeq 6000,,HEK293,,,,,,
233104689213030527,Integrated multi-omics analysis of zinc finger proteins uncovers roles in RNA regulation,129045566733500939,ZNF277_HEK293_Hs_rep1_SRR27034121,false,CLIP,"{'id': 'Hs', 'name': 'Human'}",39303722,SRR27034121.fastq.gz,,,,eCLIP,NNNNNNNNNN,GSM7932123,UCSD,Gene Yeo,,ZNF277,,,,,,Brian Yee,,Illumina NovaSeq 6000,,HEK293,,,,,,
233104689213030527,Integrated multi-omics analysis of zinc finger proteins uncovers roles in RNA regulation,409179258585978993,NANO2_HEK293_Hs_rep1_SRR27034072,false,CLIP,"{'id': 'Hs', 'name': 'Human'}",39303722,SRR27034072.fastq.gz,,,,eCLIP,NNNNNNNNNN,GSM7932085,UCSD,Gene Yeo,,NANO2,,,,,,Brian Yee,,Illumina NovaSeq 6000,,HEK293,,,,,,
233104689213030527,Integrated multi-omics analysis of zinc finger proteins uncovers roles in RNA regulation,632996595624616655,CISD2_HEK293_Hs_rep2_SRR27034102,false,CLIP,"{'id': 'Hs', 'name': 'Human'}",39303722,SRR27034102.fastq.gz,,,,eCLIP,NNNNNNNNNN,GSM7932058,UCSD,Gene Yeo,,CISD2,,,,,,Brian Yee,,Illumina NovaSeq 6000,,HEK293,,,,,,
233104689213030527,Integrated multi-omics analysis of zinc finger proteins uncovers roles in RNA regulation,732575292054566706,V5ZFtag_125-225_HEK293_Hs_Input_rep2_SRR27034025,false,CLIP,"{'id': 'Hs', 'name': 'Human'}",39303722,SRR27034025.fastq.gz,,125-225kDa,,eCLIP,NNNNNNNNNN,GSM7932160,UCSD,Gene Yeo,,SMInput,,,,,,Brian Yee,,Illumina NovaSeq 6000,,HEK293,,,,,,
233104689213030527,Integrated multi-omics analysis of zinc finger proteins uncovers roles in RNA regulation,150081222425993835,ZNF473_HEK293_Hs_Input_RBDwt_rep2_SRR27034031,false,CLIP,"{'id': 'Hs', 'name': 'Human'}",39303722,SRR27034031.fastq.gz,,Input,,eCLIP,NNNNNNNNNN,GSM7932154,UCSD,Gene Yeo,,SMInput,,,,,,Brian Yee,,Illumina NovaSeq 6000,,HEK293,,,,,,
233104689213030527,Integrated multi-omics analysis of zinc finger proteins uncovers roles in RNA regulation,336100104147091582,ZMAT5_HEK293_Hs_rep2_SRR27034126,false,CLIP,"{'id': 'Hs', 'name': 'Human'}",39303722,SRR27034126.fastq.gz,,,,eCLIP,NNNNNNNNNN,GSM7932118,UCSD,Gene Yeo,,ZMAT5,,,,,,Brian Yee,,Illumina NovaSeq 6000,,HEK293,,,,,,
233104689213030527,Integrated multi-omics analysis of zinc finger proteins uncovers roles in RNA regulation,127532427479136740,ZNF593_HEK293_Hs_RBDdel_rep2_SRR29262317,false,CLIP,"{'id': 'Hs', 'name': 'Human'}",39303722,SRR29262317.fastq.gz,,RBDdel,,eCLIP,NNNNNNNNNN,GSM8302072,UCSD,Gene Yeo,,ZNF593,,,,,,Brian Yee,,Illumina NovaSeq 6000,,HEK293,,,,,,
233104689213030527,Integrated multi-omics analysis of zinc finger proteins uncovers roles in RNA regulation,224517258449553536,CTCF_HEK293_Hs_rep2_SRR27034092,false,CLIP,"{'id': 'Hs', 'name': 'Human'}",39303722,SRR27034092.fastq.gz,,,,eCLIP,NNNNNNNNNN,GSM7932068,UCSD,Gene Yeo,,CTCF,,,,,,Brian Yee,,Illumina NovaSeq 6000,,HEK293,,,,,,
233104689213030527,Integrated multi-omics analysis of zinc finger proteins uncovers roles in RNA regulation,737293800100089350,U2AF1_HEK293_Hs_rep2_SRR27034051,false,CLIP,"{'id': 'Hs', 'name': 'Human'}",39303722,SRR27034051.fastq.gz,,,,eCLIP,NNNNNNNNNN,GSM7932106,UCSD,Gene Yeo,,U2AF1,,,,,,Brian Yee,,Illumina NovaSeq 6000,,HEK293,,,,,,
233104689213030527,Integrated multi-omics analysis of zinc finger proteins uncovers roles in RNA regulation,237438682036982758,APEX2_HEK293_Hs_rep2_SRR27034136,false,CLIP,"{'id': 'Hs', 'name': 'Human'}",39303722,SRR27034136.fastq.gz,,,,eCLIP,NNNNNNNNNN,GSM7932052,UCSD,Gene Yeo,,APEX2,,,,,,Brian Yee,,Illumina NovaSeq 6000,,HEK293,,,,,,
233104689213030527,Integrated multi-omics analysis of zinc finger proteins uncovers roles in RNA regulation,266737861130734342,TF3C4_HEK293_Hs_rep2_SRR27034055,false,CLIP,"{'id': 'Hs', 'name': 'Human'}",39303722,SRR27034055.fastq.gz,,,,eCLIP,NNNNNNNNNN,GSM7932102,UCSD,Gene Yeo,,TF3C4,,,,,,Brian Yee,,Illumina NovaSeq 6000,,HEK293,,,,,,
233104689213030527,Integrated multi-omics analysis of zinc finger proteins uncovers roles in RNA regulation,725873253180425867,ZNF277_HEK293_Hs_Input_rep2_SRR29262321,false,CLIP,"{'id': 'Hs', 'name': 'Human'}",39303722,SRR29262321.fastq.gz,,Input,,eCLIP,NNNNNNNNNN,GSM8302068,UCSD,Gene Yeo,,SMInput,,,,,,Brian Yee,,Illumina NovaSeq 6000,,HEK293,,,,,,
233104689213030527,Integrated multi-omics analysis of zinc finger proteins uncovers roles in RNA regulation,104997935772318122,CNBP_HEK293_Hs_RBDdel_rep1_SRR29262316,false,CLIP,"{'id': 'Hs', 'name': 'Human'}",39303722,SRR29262316.fastq.gz,,RBDdel,,eCLIP,NNNNNNNNNN,GSM8302073,UCSD,Gene Yeo,,CNBP,,,,,,Brian Yee,,Illumina NovaSeq 6000,,HEK293,,,,,,
233104689213030527,Integrated multi-omics analysis of zinc finger proteins uncovers roles in RNA regulation,891036025668425758,ZNF473_HEK293_Hs_Input_RBDdel_rep1_SRR27034036,false,CLIP,"{'id': 'Hs', 'name': 'Human'}",39303722,SRR27034036.fastq.gz,,Input RBDdel,,eCLIP,NNNNNNNNNN,GSM7932149,UCSD,Gene Yeo,,SMInput,,,,,,Brian Yee,,Illumina NovaSeq 6000,,HEK293,,,,,,
233104689213030527,Integrated multi-omics analysis of zinc finger proteins uncovers roles in RNA regulation,851519144024555611,G2E3_HEK293_Hs_rep2_SRR27034086,false,CLIP,"{'id': 'Hs', 'name': 'Human'}",39303722,SRR27034086.fastq.gz,,,,eCLIP,NNNNNNNNNN,GSM7932074,UCSD,Gene Yeo,,G2E3,,,,,,Brian Yee,,Illumina NovaSeq 6000,,HEK293,,,,,,
233104689213030527,Integrated multi-omics analysis of zinc finger proteins uncovers roles in RNA regulation,297543100232115505,SALL4_HEK293_Hs_rep2_SRR27034061,false,CLIP,"{'id': 'Hs', 'name': 'Human'}",39303722,SRR27034061.fastq.gz,,,,eCLIP,NNNNNNNNNN,GSM7932096,UCSD,Gene Yeo,,SALL4,,,,,,Brian Yee,,Illumina NovaSeq 6000,,HEK293,,,,,,
233104689213030527,Integrated multi-omics analysis of zinc finger proteins uncovers roles in RNA regulation,153859551766500999,ZNF277_HEK293_Hs_rep2_SRR27034120,false,CLIP,"{'id': 'Hs', 'name': 'Human'}",39303722,SRR27034120.fastq.gz,,,,eCLIP,NNNNNNNNNN,GSM7932124,UCSD,Gene Yeo,,ZNF277,,,,,,Brian Yee,,Illumina NovaSeq 6000,,HEK293,,,,,,
233104689213030527,Integrated multi-omics analysis of zinc finger proteins uncovers roles in RNA regulation,632733952372143358,ZNF706_HEK293_Hs_rep1_SRR27034111,false,CLIP,"{'id': 'Hs', 'name': 'Human'}",39303722,SRR27034111.fastq.gz,,,,eCLIP,NNNNNNNNNN,GSM7932133,UCSD,Gene Yeo,,ZNF706,,,,,,Brian Yee,,Illumina NovaSeq 6000,,HEK293,,,,,,
233104689213030527,Integrated multi-omics analysis of zinc finger proteins uncovers roles in RNA regulation,744713208899145616,PHF7_HEK293_Hs_rep1_SRR27034070,false,CLIP,"{'id': 'Hs', 'name': 'Human'}",39303722,SRR27034070.fastq.gz,,,,eCLIP,NNNNNNNNNN,GSM7932087,UCSD,Gene Yeo,,PHF7,,,,,,Brian Yee,,Illumina NovaSeq 6000,,HEK293,,,,,,
233104689213030527,Integrated multi-omics analysis of zinc finger proteins uncovers roles in RNA regulation,220803326631597399,BRCA1_HEK293_Hs_rep1_SRR27034135,false,CLIP,"{'id': 'Hs', 'name': 'Human'}",39303722,SRR27034135.fastq.gz,,,,eCLIP,NNNNNNNNNN,GSM7932053,UCSD,Gene Yeo,,BRCA1,,,,,,Brian Yee,,Illumina NovaSeq 6000,,HEK293,,,,,,
233104689213030527,Integrated multi-omics analysis of zinc finger proteins uncovers roles in RNA regulation,420336694216564273,ZNF574_HEK293_Hs_rep1_SRR27034115,false,CLIP,"{'id': 'Hs', 'name': 'Human'}",39303722,SRR27034115.fastq.gz,,,,eCLIP,NNNNNNNNNN,GSM7932129,UCSD,Gene Yeo,,ZNF574,,,,,,Brian Yee,,Illumina NovaSeq 6000,,HEK293,,,,,,
233104689213030527,Integrated multi-omics analysis of zinc finger proteins uncovers roles in RNA regulation,851771805498824501,CNBP_HEK293_Hs_rep1_SRR27034101,false,CLIP,"{'id': 'Hs', 'name': 'Human'}",39303722,SRR27034101.fastq.gz,,,,eCLIP,NNNNNNNNNN,GSM7932059,UCSD,Gene Yeo,,CNBP,,,,,,Brian Yee,,Illumina NovaSeq 6000,,HEK293,,,,,,
233104689213030527,Integrated multi-omics analysis of zinc finger proteins uncovers roles in RNA regulation,162111116093070158,NANO2_HEK293_Hs_rep2_SRR27034071,false,CLIP,"{'id': 'Hs', 'name': 'Human'}",39303722,SRR27034071.fastq.gz,,,,eCLIP,NNNNNNNNNN,GSM7932086,UCSD,Gene Yeo,,NANO2,,,,,,Brian Yee,,Illumina NovaSeq 6000,,HEK293,,,,,,
233104689213030527,Integrated multi-omics analysis of zinc finger proteins uncovers roles in RNA regulation,663587407273681138,LN28B_HEK293_Hs_rep1_SRR27034081,false,CLIP,"{'id': 'Hs', 'name': 'Human'}",39303722,SRR27034081.fastq.gz,,,,eCLIP,NNNNNNNNNN,GSM7932079,UCSD,Gene Yeo,,LN28B,,,,,,Brian Yee,,Illumina NovaSeq 6000,,HEK293,,,,,,
233104689213030527,Integrated multi-omics analysis of zinc finger proteins uncovers roles in RNA regulation,555645839050211953,ZNF473_HEK293_Hs_Input_rep2_SRR29262325,false,CLIP,"{'id': 'Hs', 'name': 'Human'}",39303722,SRR29262325.fastq.gz,,Input,,eCLIP,NNNNNNNNNN,GSM8302064,UCSD,Gene Yeo,,SMInput,,,,,,Brian Yee,,Illumina NovaSeq 6000,,HEK293,,,,,,
233104689213030527,Integrated multi-omics analysis of zinc finger proteins uncovers roles in RNA regulation,490626389423955022,U2AF1_HEK293_Hs_rep1_SRR27034052,false,CLIP,"{'id': 'Hs', 'name': 'Human'}",39303722,SRR27034052.fastq.gz,,,,eCLIP,NNNNNNNNNN,GSM7932105,UCSD,Gene Yeo,,U2AF1,,,,,,Brian Yee,,Illumina NovaSeq 6000,,HEK293,,,,,,
233104689213030527,Integrated multi-omics analysis of zinc finger proteins uncovers roles in RNA regulation,416398112342145754,ERI2_HEK293_Hs_rep1_SRR27034091,false,CLIP,"{'id': 'Hs', 'name': 'Human'}",39303722,SRR27034091.fastq.gz,,,,eCLIP,NNNNNNNNNN,GSM7932069,UCSD,Gene Yeo,,ERI2,,,,,,Brian Yee,,Illumina NovaSeq 6000,,HEK293,,,,,,
233104689213030527,Integrated multi-omics analysis of zinc finger proteins uncovers roles in RNA regulation,116679486094766305,SNRPC_HEK293_Hs_rep1_SRR27034060,false,CLIP,"{'id': 'Hs', 'name': 'Human'}",39303722,SRR27034060.fastq.gz,,,,eCLIP,NNNNNNNNNN,GSM7932097,UCSD,Gene Yeo,,SNRPC,,,,,,Brian Yee,,Illumina NovaSeq 6000,,HEK293,,,,,,
233104689213030527,Integrated multi-omics analysis of zinc finger proteins uncovers roles in RNA regulation,272138984764891215,GIN1_HEK293_Hs_rep1_SRR27034085,false,CLIP,"{'id': 'Hs', 'name': 'Human'}",39303722,SRR27034085.fastq.gz,,,,eCLIP,NNNNNNNNNN,GSM7932075,UCSD,Gene Yeo,,GIN1,,,,,,Brian Yee,,Illumina NovaSeq 6000,,HEK293,,,,,,
233104689213030527,Integrated multi-omics analysis of zinc finger proteins uncovers roles in RNA regulation,620613572644094048,ZNF2_HEK293_Hs_rep1_SRR27034125,false,CLIP,"{'id': 'Hs', 'name': 'Human'}",39303722,SRR27034125.fastq.gz,,,,eCLIP,NNNNNNNNNN,GSM7932119,UCSD,Gene Yeo,,ZNF2,,,,,,Brian Yee,,Illumina NovaSeq 6000,,HEK293,,,,,,
233104689213030527,Integrated multi-omics analysis of zinc finger proteins uncovers roles in RNA regulation,511029435704348154,ZNF706_HEK293_Hs_rep2_SRR27034110,false,CLIP,"{'id': 'Hs', 'name': 'Human'}",39303722,SRR27034110.fastq.gz,,,,eCLIP,NNNNNNNNNN,GSM7932134,UCSD,Gene Yeo,,ZNF706,,,,,,Brian Yee,,Illumina NovaSeq 6000,,HEK293,,,,,,
233104689213030527,Integrated multi-omics analysis of zinc finger proteins uncovers roles in RNA regulation,344598993440197549,CNBP_HEK293_Hs_rep2_SRR27034100,false,CLIP,"{'id': 'Hs', 'name': 'Human'}",39303722,SRR27034100.fastq.gz,,,,eCLIP,NNNNNNNNNN,GSM7932060,UCSD,Gene Yeo,,CNBP,,,,,,Brian Yee,,Illumina NovaSeq 6000,,HEK293,,,,,,
233104689213030527,Integrated multi-omics analysis of zinc finger proteins uncovers roles in RNA regulation,139137237293276574,CNBP_HEK293_Hs_RBDdel_rep2_SRR29262315,false,CLIP,"{'id': 'Hs', 'name': 'Human'}",39303722,SRR29262315.fastq.gz,,RBDdel,,eCLIP,NNNNNNNNNN,GSM8302074,UCSD,Gene Yeo,,CNBP,,,,,,Brian Yee,,Illumina NovaSeq 6000,,HEK293,,,,,,
487277694925411664,LARP4 Is an RNA-Binding Protein That Binds Nuclear-Encoded Mitochondrial mRNAs To Promote Mitochondrial Function,202296184065062246,LARP4_HEK293_Hs_Input_rep2_SRR17462853,false,CLIP,"{'id': 'Hs', 'name': 'Human'}",38164626,SRR17462853.fastq.gz,,Input,,eCLIP,NNNNNNNNNN,GSM5773935,UCSD,Gene Yeo,,SMInput,,,,,,Gene Yeo,,Illumina HiSeq 4000,,HEK293,,,,,,
233104689213030527,Integrated multi-omics analysis of zinc finger proteins uncovers roles in RNA regulation,630726609772029999,WBP4_HEK293_Hs_rep1_SRR27034050,false,CLIP,"{'id': 'Hs', 'name': 'Human'}",39303722,SRR27034050.fastq.gz,,,,eCLIP,NNNNNNNNNN,GSM7932107,UCSD,Gene Yeo,,WBP4,,,,,,Brian Yee,,Illumina NovaSeq 6000,,HEK293,,,,,,
233104689213030527,Integrated multi-omics analysis of zinc finger proteins uncovers roles in RNA regulation,860615672160459649,ZNF277_HEK293_Hs_RBDdel_rep1_SRR29262320,false,CLIP,"{'id': 'Hs', 'name': 'Human'}",39303722,SRR29262320.fastq.gz,,RBDdel,,eCLIP,NNNNNNNNNN,GSM8302069,UCSD,Gene Yeo,,ZNF277,,,,,,Brian Yee,,Illumina NovaSeq 6000,,HEK293,,,,,,
233104689213030527,Integrated multi-omics analysis of zinc finger proteins uncovers roles in RNA regulation,504026329932856614,ERI2_HEK293_Hs_rep2_SRR27034090,false,CLIP,"{'id': 'Hs', 'name': 'Human'}",39303722,SRR27034090.fastq.gz,,,,eCLIP,NNNNNNNNNN,GSM7932070,UCSD,Gene Yeo,,ERI2,,,,,,Brian Yee,,Illumina NovaSeq 6000,,HEK293,,,,,,
233104689213030527,Integrated multi-omics analysis of zinc finger proteins uncovers roles in RNA regulation,186547924890461628,ZNF473_HEK293_Hs_RBDwt_rep1_SRR27034030,false,CLIP,"{'id': 'Hs', 'name': 'Human'}",39303722,SRR27034030.fastq.gz,,,,eCLIP,NNNNNNNNNN,GSM7932155,UCSD,Gene Yeo,,ZNF473,,,,,,Brian Yee,,Illumina NovaSeq 6000,,HEK293,,,,,,
487277694925411664,LARP4 Is an RNA-Binding Protein That Binds Nuclear-Encoded Mitochondrial mRNAs To Promote Mitochondrial Function,806883564352030962,LARP4_HEK293_Hs_rep1_SRR17462856,false,CLIP,"{'id': 'Hs', 'name': 'Human'}",38164626,SRR17462856.fastq.gz,,,,eCLIP,NNNNNNNNNN,GSM5773932,UCSD,Gene Yeo,,LARP4,,,,,,Gene Yeo,,Illumina HiSeq 4000,,HEK293,,,,,,
233104689213030527,Integrated multi-omics analysis of zinc finger proteins uncovers roles in RNA regulation,129328570465705310,CPSF4_HEK293_Hs_rep1_SRR27034095,false,CLIP,"{'id': 'Hs', 'name': 'Human'}",39303722,SRR27034095.fastq.gz,,,,eCLIP,NNNNNNNNNN,GSM7932065,UCSD,Gene Yeo,,CPSF4,,,,,,Brian Yee,,Illumina NovaSeq 6000,,HEK293,,,,,,
522753040066180635,Persistent mRNA localization defects and cell death in ALS neurons caused by transient cellular stress,435364966067216787,G3BP_CVB_Hs_Puromycin_rep2_SRR12588448,false,CLIP,"{'id': 'Hs', 'name': 'Human'}",34496257,SRR12588448.fastq.gz,,Puromycin Total RNA,,eCLIP,NNNNNNNNNN,GSM4766771,UCSD,Gene Yeo,,G3BP,,,,,,Brian Yee,,Illumina HiSeq 4000,,CVC,,,,,,
233104689213030527,Integrated multi-omics analysis of zinc finger proteins uncovers roles in RNA regulation,163435669893000468,CISD1_HEK293_Hs_rep1_SRR27034105,false,CLIP,"{'id': 'Hs', 'name': 'Human'}",39303722,SRR27034105.fastq.gz,,,,eCLIP,NNNNNNNNNN,GSM7932055,UCSD,Gene Yeo,,CISD1,,,,,,Brian Yee,,Illumina NovaSeq 6000,,HEK293,,,,,,
522753040066180635,Persistent mRNA localization defects and cell death in ALS neurons caused by transient cellular stress,349410423108909738,TIA1_H1motor_Hs_Puromycin_rep1_SRR12588458,false,CLIP,"{'id': 'Hs', 'name': 'Human'}",34496257,"SRR12588458_1.fastq.gz,SRR12588458_2.fastq.gz",,Puromycin Total RNA,,eCLIP,NNNNNNNNNN,GSM4766781,UCSD,Gene Yeo,,TIA1,,,,,,Gene Yeo,,Illumina HiSeq 4000,,H1motor,,,,,,
233104689213030527,Integrated multi-omics analysis of zinc finger proteins uncovers roles in RNA regulation,991416953247930626,LN28B_HEK293_Hs_rep2_SRR27034080,false,CLIP,"{'id': 'Hs', 'name': 'Human'}",39303722,SRR27034080.fastq.gz,,,,eCLIP,NNNNNNNNNN,GSM7932080,UCSD,Gene Yeo,,LN28B,,,,,,Brian Yee,,Illumina NovaSeq 6000,,HEK293,,,,,,
522753040066180635,Persistent mRNA localization defects and cell death in ALS neurons caused by transient cellular stress,481991341530970749,TIA1_H1motor_Hs_Input_Puromycin_rep1_SRR12588457,false,CLIP,"{'id': 'Hs', 'name': 'Human'}",34496257,"SRR12588457_1.fastq.gz,SRR12588457_2.fastq.gz",,Input Puromycin Total RNA,,eCLIP,NNNNNNNNNN,GSM4766780,UCSD,Gene Yeo,,SMInput,,,,,,Gene Yeo,,Illumina HiSeq 4000,,H1motor,,,,,,
233104689213030527,Integrated multi-omics analysis of zinc finger proteins uncovers roles in RNA regulation,307528579397268602,ZNF473_HEK293_Hs_Input_RBDdel_rep2_SRR27034035,false,CLIP,"{'id': 'Hs', 'name': 'Human'}",39303722,SRR27034035.fastq.gz,,Input RBDdel,,eCLIP,NNNNNNNNNN,GSM7932150,UCSD,Gene Yeo,,SMInput,,,,,,Brian Yee,,Illumina NovaSeq 6000,,HEK293,,,,,,
487277694925411664,LARP4 Is an RNA-Binding Protein That Binds Nuclear-Encoded Mitochondrial mRNAs To Promote Mitochondrial Function,162437598462857155,LARP4_HEK293_Hs_Input_rep1_SRR17462854,false,CLIP,"{'id': 'Hs', 'name': 'Human'}",38164626,SRR17462854.fastq.gz,,Input,,eCLIP,NNNNNNNNNN,GSM5773934,UCSD,Gene Yeo,,SMInput,,,,,,Brian Yee,,Illumina HiSeq 4000,,HEK293,,,,,,
522753040066180635,Persistent mRNA localization defects and cell death in ALS neurons caused by transient cellular stress,157921629656908334,TIA1_H1motor_Hs_Input_Untreated_rep1_SRR12588453,false,CLIP,"{'id': 'Hs', 'name': 'Human'}",34496257,"SRR12588453_1.fastq.gz,SRR12588453_2.fastq.gz",,Input Total RNA,,eCLIP,NNNNNNNNNN,GSM4766776,UCSD,Gene Yeo,,SMInput,,,,,,Gene Yeo,,Illumina HiSeq 4000,,H1motor,,,,,,
487277694925411664,LARP4 Is an RNA-Binding Protein That Binds Nuclear-Encoded Mitochondrial mRNAs To Promote Mitochondrial Function,900484218674476856,LARP4_HEK293_Hs_rep2_SRR17462855,false,CLIP,"{'id': 'Hs', 'name': 'Human'}",38164626,SRR17462855.fastq.gz,,,,eCLIP,NNNNNNNNNN,GSM5773933,UCSD,Gene Yeo,,LARP4,,,,,,Brian Yee,,Illumina HiSeq 4000,,HEK293,,,,,,
522753040066180635,Persistent mRNA localization defects and cell death in ALS neurons caused by transient cellular stress,900508440266138413,G3BP_CVB_Hs_Untreated_rep2_SRR12588452,false,CLIP,"{'id': 'Hs', 'name': 'Human'}",34496257,SRR12588452.fastq.gz,,Total RNA,,eCLIP,NNNNNNNNNN,GSM4766775,UCSD,Gene Yeo,,G3BP,,,,,,Brian Yee,,Illumina HiSeq 4000,,CVC,,,,,,
522753040066180635,Persistent mRNA localization defects and cell death in ALS neurons caused by transient cellular stress,895134998123866255,TDP43_CVB_Hs_Input_Puromycin_rep2_SRR12588438,false,CLIP,"{'id': 'Hs', 'name': 'Human'}",34496257,SRR12588438.fastq.gz,,Input Puromycin Total RNA,,eCLIP,NNNNNNNNNN,GSM4766761,UCSD,Gene Yeo,,SMInput,,,,,,Gene Yeo,,Illumina HiSeq 4000,,CVB,,,,,,
522753040066180635,Persistent mRNA localization defects and cell death in ALS neurons caused by transient cellular stress,722143399556404416,TDP43_CVB_Hs_Untreated_rep1_SRR12588443,false,CLIP,"{'id': 'Hs', 'name': 'Human'}",34496257,SRR12588443.fastq.gz,,Total RNA,,eCLIP,NNNNNNNNNN,GSM4766766,UCSD,Gene Yeo,,TARDBP,,,,,,Gene Yeo,,Illumina HiSeq 4000,,CVB,,,,,,
522753040066180635,Persistent mRNA localization defects and cell death in ALS neurons caused by transient cellular stress,938554533900904707,G3BP_CVB_Hs_Puromycin_rep1_SRR12588447,false,CLIP,"{'id': 'Hs', 'name': 'Human'}",34496257,SRR12588447.fastq.gz,,Puromycin Total RNA,,eCLIP,NNNNNNNNNN,GSM4766770,UCSD,Gene Yeo,,G3BP,,,,,,Brian Yee,,Illumina HiSeq 4000,,CVC,,,,,,
522753040066180635,Persistent mRNA localization defects and cell death in ALS neurons caused by transient cellular stress,237274230570139234,G3BP_CVB_Hs_Input_Untreated_rep1_SRR12588449,false,CLIP,"{'id': 'Hs', 'name': 'Human'}",34496257,SRR12588449.fastq.gz,,Input Total RNA,,eCLIP,NNNNNNNNNN,GSM4766772,UCSD,Gene Yeo,,SMInput,,,,,,Brian Yee,,Illumina HiSeq 4000,,CVC,,,,,,
522753040066180635,Persistent mRNA localization defects and cell death in ALS neurons caused by transient cellular stress,626681076765311494,TDP43_CVB_Hs_Input_Untreated_rep1_SRR12588441,false,CLIP,"{'id': 'Hs', 'name': 'Human'}",34496257,SRR12588441.fastq.gz,,Input Total RNA,,eCLIP,NNNNNNNNNN,GSM4766764,UCSD,Gene Yeo,,SMInput,,,,,,Gene Yeo,,Illumina HiSeq 4000,,CVB,,,,,,
522753040066180635,Persistent mRNA localization defects and cell death in ALS neurons caused by transient cellular stress,389328384752767439,TIA1_H1motor_Hs_Untreated_rep2_SRR12588456,false,CLIP,"{'id': 'Hs', 'name': 'Human'}",34496257,"SRR12588456_1.fastq.gz,SRR12588456_2.fastq.gz",,Total RNA,,eCLIP,NNNNNNNNNN,GSM4766779,UCSD,Gene Yeo,,TIA1,,,,,,Brian Yee,,Illumina HiSeq 4000,,H1motor,,,,,,
522753040066180635,Persistent mRNA localization defects and cell death in ALS neurons caused by transient cellular stress,651994435292201705,H1motor_Hs_Untreated_TotalRNA_rep2_SRR12588380,false,RNA-Seq,"{'id': 'Hs', 'name': 'Human'}",34496257,SRR12588380.fastq.gz,,Total RNA,,RNA-Seq,NNNNNNNNNN,GSM4766703,UCSD,Gene Yeo,,,,,,,,Gene Yeo,,Illumina HiSeq 4000,,H1motor,,auto,,,,
522753040066180635,Persistent mRNA localization defects and cell death in ALS neurons caused by transient cellular stress,160443136326574392,G3BP_CVB_Hs_Untreated_rep1_SRR12588451,false,CLIP,"{'id': 'Hs', 'name': 'Human'}",34496257,SRR12588451.fastq.gz,,Total RNA,,eCLIP,NNNNNNNNNN,GSM4766774,UCSD,Gene Yeo,,G3BP,,,,,,Gene Yeo,,Illumina HiSeq 4000,,CVC,,,,,,
522753040066180635,Persistent mRNA localization defects and cell death in ALS neurons caused by transient cellular stress,567205968078690018,TDP43_CVB_Hs_Input_Puromycin_rep1_SRR12588437,false,CLIP,"{'id': 'Hs', 'name': 'Human'}",34496257,SRR12588437.fastq.gz,,Input Puromycin Total RNA,,eCLIP,NNNNNNNNNN,GSM4766760,UCSD,Gene Yeo,,SMInput,,,,,,Brian Yee,,Illumina HiSeq 4000,,CVB,,,,,,
522753040066180635,Persistent mRNA localization defects and cell death in ALS neurons caused by transient cellular stress,500459561327449428,TIA1_H1motor_Hs_Untreated_rep1_SRR12588455,false,CLIP,"{'id': 'Hs', 'name': 'Human'}",34496257,"SRR12588455_1.fastq.gz,SRR12588455_2.fastq.gz",,Total RNA,,eCLIP,NNNNNNNNNN,GSM4766778,UCSD,Gene Yeo,,TIA1,,,,,,Gene Yeo,,Illumina HiSeq 4000,,H1motor,,,,,,
522753040066180635,Persistent mRNA localization defects and cell death in ALS neurons caused by transient cellular stress,412391918594082557,TDP43_CVB_Hs_Input_Untreated_rep2_SRR12588442,false,CLIP,"{'id': 'Hs', 'name': 'Human'}",34496257,SRR12588442.fastq.gz,,Input Total RNA,,eCLIP,NNNNNNNNNN,GSM4766765,UCSD,Gene Yeo,,SMInput,,,,,,Gene Yeo,,Illumina HiSeq 4000,,CVB,,,,,,
522753040066180635,Persistent mRNA localization defects and cell death in ALS neurons caused by transient cellular stress,297477597376216892,G3BP_CVB_Hs_Input_Untreated_rep2_SRR12588450,false,CLIP,"{'id': 'Hs', 'name': 'Human'}",34496257,SRR12588450.fastq.gz,,Input Total RNA,,eCLIP,NNNNNNNNNN,GSM4766773,UCSD,Gene Yeo,,SMInput,,,,,,Gene Yeo,,Illumina HiSeq 4000,,CVC,,,,,,
522753040066180635,Persistent mRNA localization defects and cell death in ALS neurons caused by transient cellular stress,955998307249718661,TIA1_H1motor_Hs_Input_Untreated_rep2_SRR12588454,false,CLIP,"{'id': 'Hs', 'name': 'Human'}",34496257,"SRR12588454_1.fastq.gz,SRR12588454_2.fastq.gz",,Input Total RNA,,eCLIP,NNNNNNNNNN,GSM4766777,UCSD,Gene Yeo,,SMInput,,,,,,Gene Yeo,,Illumina HiSeq 4000,,H1motor,,,,,,
522753040066180635,Persistent mRNA localization defects and cell death in ALS neurons caused by transient cellular stress,630570280661708293,G3BP_CVB_Hs_Input_Puromycin_rep1_SRR12588445,false,CLIP,"{'id': 'Hs', 'name': 'Human'}",34496257,SRR12588445.fastq.gz,,Input Puromycin Total RNA,,eCLIP,NNNNNNNNNN,GSM4766768,UCSD,Gene Yeo,,SMInput,,,,,,Gene Yeo,,Illumina HiSeq 4000,,CVC,,,,,,
522753040066180635,Persistent mRNA localization defects and cell death in ALS neurons caused by transient cellular stress,225670183665970697,CVB_Hs_TotalRNA_rep1_SRR12588335,false,RNA-Seq,"{'id': 'Hs', 'name': 'Human'}",34496257,SRR12588335.fastq.gz,,Total RNA,,RNA-Seq,NNNNNNNNNN,GSM4766658,UCSD,Gene Yeo,,,,,,,,Gene Yeo,,Illumina HiSeq 4000,,CVB,,auto,,,,
522753040066180635,Persistent mRNA localization defects and cell death in ALS neurons caused by transient cellular stress,103974089454767718,TDP43_CVB_Hs_Puromycin_rep1_SRR12588439,false,CLIP,"{'id': 'Hs', 'name': 'Human'}",34496257,SRR12588439.fastq.gz,,Puromycin Total RNA,,eCLIP,NNNNNNNNNN,GSM4766762,UCSD,Gene Yeo,,TARDBP,,,,,,Brian Yee,,Illumina HiSeq 4000,,CVB,,,,,,
522753040066180635,Persistent mRNA localization defects and cell death in ALS neurons caused by transient cellular stress,311321169284992793,G3BP_CVB_Hs_Input_Puromycin_rep2_SRR12588446,false,CLIP,"{'id': 'Hs', 'name': 'Human'}",34496257,SRR12588446.fastq.gz,,Input Puromycin Total RNA,,eCLIP,NNNNNNNNNN,GSM4766769,UCSD,Gene Yeo,,SMInput,,,,,,Gene Yeo,,Illumina HiSeq 4000,,CVC,,,,,,
522753040066180635,Persistent mRNA localization defects and cell death in ALS neurons caused by transient cellular stress,653745338114323711,TDP43_CVB_Hs_Puromycin_rep2_SRR12588440,false,CLIP,"{'id': 'Hs', 'name': 'Human'}",34496257,SRR12588440.fastq.gz,,Puromycin Total RNA,,eCLIP,NNNNNNNNNN,GSM4766763,UCSD,Gene Yeo,,TARDBP,,,,,,Brian Yee,,Illumina HiSeq 4000,,CVB,,,,,,
522753040066180635,Persistent mRNA localization defects and cell death in ALS neurons caused by transient cellular stress,763713507182992608,H1motor_Hs_Puromycin_TotalRNA_rep1_SRR12588360,false,RNA-Seq,"{'id': 'Hs', 'name': 'Human'}",34496257,SRR12588360.fastq.gz,,Puromycin Total RNA,,RNA-Seq,NNNNNNNNNN,GSM4766683,UCSD,Gene Yeo,,,,,,,,Gene Yeo,,Illumina HiSeq 4000,,H1motor,,auto,,,,
522753040066180635,Persistent mRNA localization defects and cell death in ALS neurons caused by transient cellular stress,746713645560015559,H1motor_Hs_Untreated_TotalRNA_rep1_SRR12588379,false,RNA-Seq,"{'id': 'Hs', 'name': 'Human'}",34496257,SRR12588379.fastq.gz,,Total RNA,,RNA-Seq,NNNNNNNNNN,GSM4766702,UCSD,Gene Yeo,,,,,,,,Gene Yeo,,Illumina HiSeq 4000,,H1motor,,auto,,,,
522753040066180635,Persistent mRNA localization defects and cell death in ALS neurons caused by transient cellular stress,378147410334288855,CVB_Hs_TotalRNA_rep2_SRR12588336,false,RNA-Seq,"{'id': 'Hs', 'name': 'Human'}",34496257,SRR12588336.fastq.gz,,Total RNA,,RNA-Seq,NNNNNNNNNN,GSM4766659,UCSD,Gene Yeo,,,,,,,,Gene Yeo,,Illumina HiSeq 4000,,CVB,,auto,,,,
522753040066180635,Persistent mRNA localization defects and cell death in ALS neurons caused by transient cellular stress,315347499281951914,TDP43_CVB_Hs_Untreated_rep2_SRR12588444,false,CLIP,"{'id': 'Hs', 'name': 'Human'}",34496257,SRR12588444.fastq.gz,,Total RNA,,eCLIP,NNNNNNNNNN,GSM4766767,UCSD,Gene Yeo,,TARDBP,,,,,,Brian Yee,,Illumina HiSeq 4000,,CVB,,,,,,
522753040066180635,Persistent mRNA localization defects and cell death in ALS neurons caused by transient cellular stress,809060625034968315,H1motor_Hs_Puromycin_TotalRNA_rep2_SRR12588364,false,RNA-Seq,"{'id': 'Hs', 'name': 'Human'}",34496257,SRR12588364.fastq.gz,,Puromycin Total RNA,,RNA-Seq,NNNNNNNNNN,GSM4766687,UCSD,Gene Yeo,,,,,,,,Gene Yeo,,Illumina HiSeq 4000,,H1motor,,auto,,,,
619838013971545528,Large-scale tethered function assays identify factors that regulate mRNA stability and translation,681062032431586725,UBAP2L_HEK293_Hs_Input_rep2_SRR11683578,false,CLIP,"{'id': 'Hs', 'name': 'Human'}",32807991,SRR11683578.fastq.gz,,Input,,eCLIP,NNNNNNNNNN,GSM4512276,UCSD,Gene Yeo,,SMInput,,,,,,En-Ching Luo,,Illumina HiSeq 4000,,HEK293,,,,,,
619838013971545528,Large-scale tethered function assays identify factors that regulate mRNA stability and translation,249247451580903376,DDX6_HEK293_Hs_rep2_SRR11683587,false,CLIP,"{'id': 'Hs', 'name': 'Human'}",32807991,SRR11683587.fastq.gz,,,,eCLIP,NNNNNNNNNN,GSM4512285,UCSD,Gene Yeo,,DDX6,,,,,,En-Ching Luo,,Illumina HiSeq 4000,,HEK293,,,,,,
619838013971545528,Large-scale tethered function assays identify factors that regulate mRNA stability and translation,894691780785574272,TOB2_HEK293_Hs_rep1_SRR11683601,false,CLIP,"{'id': 'Hs', 'name': 'Human'}",32807991,SRR11683601.fastq.gz,,,,eCLIP,NNNNNNNNNN,GSM4512299,UCSD,Gene Yeo,,TOB2,,,,,,En-Ching Luo,,Illumina HiSeq 4000,,HEK293,,,,,,
619838013971545528,Large-scale tethered function assays identify factors that regulate mRNA stability and translation,134605654667985530,DDX6_HEK293_Hs_Input_rep2_SRR11683586,false,CLIP,"{'id': 'Hs', 'name': 'Human'}",32807991,SRR11683586.fastq.gz,,Input,,eCLIP,NNNNNNNNNN,GSM4512284,UCSD,Gene Yeo,,SMInput,,,,,,En-Ching Luo,,Illumina HiSeq 4000,,HEK293,,,,,,
619838013971545528,Large-scale tethered function assays identify factors that regulate mRNA stability and translation,888611811970701102,PARN_HEK293_Hs_rep2_SRR11683595,false,CLIP,"{'id': 'Hs', 'name': 'Human'}",32807991,SRR11683595.fastq.gz,,,,eCLIP,NNNNNNNNNN,GSM4512293,UCSD,Gene Yeo,,PARN,,,,,,En-Ching Luo,,Illumina HiSeq 4000,,HEK293,,,,,,
619838013971545528,Large-scale tethered function assays identify factors that regulate mRNA stability and translation,947271118148876029,BOLL_HEK293_Hs_Input_OE_rep2_SRR11683606,false,CLIP,"{'id': 'Hs', 'name': 'Human'}",32807991,SRR11683606.fastq.gz,,Input OE,,eCLIP,NNNNNNNNNN,GSM4512304,UCSD,Gene Yeo,,SMInput,,,,,,En-Ching Luo,,Illumina HiSeq 4000,,HEK293,,,,,,
619838013971545528,Large-scale tethered function assays identify factors that regulate mRNA stability and translation,149444721895820399,TOB1_HEK293_Hs_OE_rep1_SRR11683617,false,CLIP,"{'id': 'Hs', 'name': 'Human'}",32807991,SRR11683617.fastq.gz,,OE,,eCLIP,NNNNNNNNNN,GSM4512315,UCSD,Gene Yeo,,TOB1,,,,,,En-Ching Luo,,Illumina HiSeq 4000,,HEK293,,,,,,
619838013971545528,Large-scale tethered function assays identify factors that regulate mRNA stability and translation,445806982907144604,MTDH_HEK293_Hs_Input_rep2_SRR11683574,false,CLIP,"{'id': 'Hs', 'name': 'Human'}",32807991,SRR11683574.fastq.gz,,Input,,eCLIP,NNNNNNNNNN,GSM4512272,UCSD,Gene Yeo,,SMInput,,,,,,En-Ching Luo,,Illumina HiSeq 4000,,HEK293,,,,,,
619838013971545528,Large-scale tethered function assays identify factors that regulate mRNA stability and translation,818035234626928301,UBAP2L_HEK293_Hs_rep2_SRR11683579,false,CLIP,"{'id': 'Hs', 'name': 'Human'}",32807991,SRR11683579.fastq.gz,,,,eCLIP,NNNNNNNNNN,GSM4512277,UCSD,Gene Yeo,,UBAP2L,,,,,,En-Ching Luo,,Illumina HiSeq 4000,,HEK293,,,,,,
619838013971545528,Large-scale tethered function assays identify factors that regulate mRNA stability and translation,267217939370254667,SNRPA_HEK293_Hs_rep1_SRR11683597,false,CLIP,"{'id': 'Hs', 'name': 'Human'}",32807991,SRR11683597.fastq.gz,,,,eCLIP,NNNNNNNNNN,GSM4512295,UCSD,Gene Yeo,,SNRPA,,,,,,En-Ching Luo,,Illumina HiSeq 4000,,HEK293,,,,,,
619838013971545528,Large-scale tethered function assays identify factors that regulate mRNA stability and translation,313476267027844536,MEX3C_HEK293_Hs_rep2_SRR11683591,false,CLIP,"{'id': 'Hs', 'name': 'Human'}",32807991,SRR11683591.fastq.gz,,,,eCLIP,NNNNNNNNNN,GSM4512289,UCSD,Gene Yeo,,MEX3C,,,,,,En-Ching Luo,,Illumina HiSeq 4000,,HEK293,,,,,,
619838013971545528,Large-scale tethered function assays identify factors that regulate mRNA stability and translation,971264713666456110,BOLL_HEK293_Hs_Input_OE_rep1_SRR11683604,false,CLIP,"{'id': 'Hs', 'name': 'Human'}",32807991,SRR11683604.fastq.gz,,Input OE,,eCLIP,NNNNNNNNNN,GSM4512302,UCSD,Gene Yeo,,SMInput,,,,,,En-Ching Luo,,Illumina HiSeq 4000,,HEK293,,,,,,
619838013971545528,Large-scale tethered function assays identify factors that regulate mRNA stability and translation,297218058476010145,MEX3C_HEK293_Hs_rep1_SRR11683589,false,CLIP,"{'id': 'Hs', 'name': 'Human'}",32807991,SRR11683589.fastq.gz,,,,eCLIP,NNNNNNNNNN,GSM4512287,UCSD,Gene Yeo,,MEX3C,,,,,,En-Ching Luo,,Illumina HiSeq 4000,,HEK293,,,,,,
619838013971545528,Large-scale tethered function assays identify factors that regulate mRNA stability and translation,518639910035515273,DDX6_HEK293_Hs_Input_rep1_SRR11683584,false,CLIP,"{'id': 'Hs', 'name': 'Human'}",32807991,SRR11683584.fastq.gz,,Input,,eCLIP,NNNNNNNNNN,GSM4512282,UCSD,Gene Yeo,,SMInput,,,,,,En-Ching Luo,,Illumina HiSeq 4000,,HEK293,,,,,,
619838013971545528,Large-scale tethered function assays identify factors that regulate mRNA stability and translation,207047221050153860,MTDH_HEK293_Hs_Input_rep1_SRR11683572,false,CLIP,"{'id': 'Hs', 'name': 'Human'}",32807991,SRR11683572.fastq.gz,,Input,,eCLIP,NNNNNNNNNN,GSM4512270,UCSD,Gene Yeo,,SMInput,,,,,,En-Ching Luo,,Illumina HiSeq 4000,,HEK293,,,,,,
619838013971545528,Large-scale tethered function assays identify factors that regulate mRNA stability and translation,372380772045004323,BOLL_HEK293_Hs_OE_rep2_SRR11683607,false,CLIP,"{'id': 'Hs', 'name': 'Human'}",32807991,SRR11683607.fastq.gz,,OE,,eCLIP,NNNNNNNNNN,GSM4512305,UCSD,Gene Yeo,,BOLL,,,,,,En-Ching Luo,,Illumina HiSeq 4000,,HEK293,,,,,,
619838013971545528,Large-scale tethered function assays identify factors that regulate mRNA stability and translation,670085321918758254,NANOS3_HEK293_Hs_OE_rep1_SRR11683613,false,CLIP,"{'id': 'Hs', 'name': 'Human'}",32807991,SRR11683613.fastq.gz,,OE,,eCLIP,NNNNNNNNNN,GSM4512311,UCSD,Gene Yeo,,NANOS3,,,,,,En-Ching Luo,,Illumina HiSeq 4000,,HEK293,,,,,,
619838013971545528,Large-scale tethered function assays identify factors that regulate mRNA stability and translation,414703448853111393,DDX6_HEK293_Hs_rep1_SRR11683585,false,CLIP,"{'id': 'Hs', 'name': 'Human'}",32807991,SRR11683585.fastq.gz,,,,eCLIP,NNNNNNNNNN,GSM4512283,UCSD,Gene Yeo,,DDX6,,,,,,En-Ching Luo,,Illumina HiSeq 4000,,HEK293,,,,,,
619838013971545528,Large-scale tethered function assays identify factors that regulate mRNA stability and translation,277822747841378109,MTDH_HEK293_Hs_rep1_SRR11683573,false,CLIP,"{'id': 'Hs', 'name': 'Human'}",32807991,SRR11683573.fastq.gz,,,,eCLIP,NNNNNNNNNN,GSM4512271,UCSD,Gene Yeo,,MTDH,,,,,,En-Ching Luo,,Illumina HiSeq 4000,,HEK293,,,,,,
619838013971545528,Large-scale tethered function assays identify factors that regulate mRNA stability and translation,491964890514997479,UBAP2L_HEK293_Hs_Input_rep1_SRR11683576,false,CLIP,"{'id': 'Hs', 'name': 'Human'}",32807991,SRR11683576.fastq.gz,,Input,,eCLIP,NNNNNNNNNN,GSM4512274,UCSD,Gene Yeo,,SMInput,,,,,,En-Ching Luo,,Illumina HiSeq 4000,,HEK293,,,,,,
619838013971545528,Large-scale tethered function assays identify factors that regulate mRNA stability and translation,576210108041751516,CNOT7_HEK293_Hs_Input_rep1_SRR11683564,false,CLIP,"{'id': 'Hs', 'name': 'Human'}",32807991,SRR11683564.fastq.gz,,Input,,eCLIP,NNNNNNNNNN,GSM4512262,UCSD,Gene Yeo,,SMInput,,,,,,En-Ching Luo,,Illumina HiSeq 4000,,HEK293,,,,,,
619838013971545528,Large-scale tethered function assays identify factors that regulate mRNA stability and translation,167825496240031964,TOB1_HEK293_Hs_OE_rep2_SRR11683619,false,CLIP,"{'id': 'Hs', 'name': 'Human'}",32807991,SRR11683619.fastq.gz,,OE,,eCLIP,NNNNNNNNNN,GSM4512317,UCSD,Gene Yeo,,TOB1,,,,,,En-Ching Luo,,Illumina HiSeq 4000,,HEK293,,,,,,
619838013971545528,Large-scale tethered function assays identify factors that regulate mRNA stability and translation,517469170878304807,AIMP1_HEK293_Hs_Input_rep2_SRR11683570,false,CLIP,"{'id': 'Hs', 'name': 'Human'}",32807991,SRR11683570.fastq.gz,,Input,,eCLIP,NNNNNNNNNN,GSM4512268,UCSD,Gene Yeo,,SMInput,,,,,,En-Ching Luo,,Illumina HiSeq 4000,,HEK293,,,,,,
619838013971545528,Large-scale tethered function assays identify factors that regulate mRNA stability and translation,156709154424251479,TOB1_HEK293_Hs_Input_OE_rep1_SRR11683616,false,CLIP,"{'id': 'Hs', 'name': 'Human'}",32807991,SRR11683616.fastq.gz,,Input OE,,eCLIP,NNNNNNNNNN,GSM4512314,UCSD,Gene Yeo,,SMInput,,,,,,En-Ching Luo,,Illumina HiSeq 4000,,HEK293,,,,,,
619838013971545528,Large-scale tethered function assays identify factors that regulate mRNA stability and translation,442437771082143266,TOB1_HEK293_Hs_Input_OE_rep2_SRR11683618,false,CLIP,"{'id': 'Hs', 'name': 'Human'}",32807991,SRR11683618.fastq.gz,,Input OE,,eCLIP,NNNNNNNNNN,GSM4512316,UCSD,Gene Yeo,,SMInput,,,,,,En-Ching Luo,,Illumina HiSeq 4000,,HEK293,,,,,,
619838013971545528,Large-scale tethered function assays identify factors that regulate mRNA stability and translation,279363481300638700,CLK3_HEK293_Hs_rep2_SRR11683583,false,CLIP,"{'id': 'Hs', 'name': 'Human'}",32807991,SRR11683583.fastq.gz,,,,eCLIP,NNNNNNNNNN,GSM4512281,UCSD,Gene Yeo,,CLK3,,,,,,En-Ching Luo,,Illumina HiSeq 4000,,HEK293,,,,,,
619838013971545528,Large-scale tethered function assays identify factors that regulate mRNA stability and translation,906713161981332670,IFIT2_HEK293_Hs_OE_rep2_SRR11683611,false,CLIP,"{'id': 'Hs', 'name': 'Human'}",32807991,SRR11683611.fastq.gz,,OE,,eCLIP,NNNNNNNNNN,GSM4512309,UCSD,Gene Yeo,,IFIT2,,,,,,En-Ching Luo,,Illumina HiSeq 4000,,HEK293,,,,,,
619838013971545528,Large-scale tethered function assays identify factors that regulate mRNA stability and translation,311885156203144343,SNRPA_HEK293_Hs_Input_rep1_SRR11683596,false,CLIP,"{'id': 'Hs', 'name': 'Human'}",32807991,SRR11683596.fastq.gz,,Input,,eCLIP,NNNNNNNNNN,GSM4512294,UCSD,Gene Yeo,,SMInput,,,,,,En-Ching Luo,,Illumina HiSeq 4000,,HEK293,,,,,,
619838013971545528,Large-scale tethered function assays identify factors that regulate mRNA stability and translation,562158629491750361,AIMP1_HEK293_Hs_rep1_SRR11683569,false,CLIP,"{'id': 'Hs', 'name': 'Human'}",32807991,SRR11683569.fastq.gz,,,,eCLIP,NNNNNNNNNN,GSM4512267,UCSD,Gene Yeo,,AIMP1,,,,,,En-Ching Luo,,Illumina HiSeq 4000,,HEK293,,,,,,
619838013971545528,Large-scale tethered function assays identify factors that regulate mRNA stability and translation,253296607276950778,SNRPA_HEK293_Hs_Input_rep2_SRR11683598,false,CLIP,"{'id': 'Hs', 'name': 'Human'}",32807991,SRR11683598.fastq.gz,,Input,,eCLIP,NNNNNNNNNN,GSM4512296,UCSD,Gene Yeo,,SMInput,,,,,,En-Ching Luo,,Illumina HiSeq 4000,,HEK293,,,,,,
619838013971545528,Large-scale tethered function assays identify factors that regulate mRNA stability and translation,987132659561215202,NANOS3_HEK293_Hs_Input_OE_rep2_SRR11683614,false,CLIP,"{'id': 'Hs', 'name': 'Human'}",32807991,SRR11683614.fastq.gz,,Input OE,,eCLIP,NNNNNNNNNN,GSM4512312,UCSD,Gene Yeo,,SMInput,,,,,,En-Ching Luo,,Illumina HiSeq 4000,,HEK293,,,,,,
619838013971545528,Large-scale tethered function assays identify factors that regulate mRNA stability and translation,798030352962396583,NANOS3_HEK293_Hs_OE_rep2_SRR11683615,false,CLIP,"{'id': 'Hs', 'name': 'Human'}",32807991,SRR11683615.fastq.gz,,OE,,eCLIP,NNNNNNNNNN,GSM4512313,UCSD,Gene Yeo,,NANOS3,,,,,,En-Ching Luo,,Illumina HiSeq 4000,,HEK293,,,,,,
619838013971545528,Large-scale tethered function assays identify factors that regulate mRNA stability and translation,610442994920177486,MEX3C_HEK293_Hs_Input_rep2_SRR11683590,false,CLIP,"{'id': 'Hs', 'name': 'Human'}",32807991,SRR11683590.fastq.gz,,Input,,eCLIP,NNNNNNNNNN,GSM4512288,UCSD,Gene Yeo,,SMInput,,,,,,En-Ching Luo,,Illumina HiSeq 4000,,HEK293,,,,,,
619838013971545528,Large-scale tethered function assays identify factors that regulate mRNA stability and translation,202191135853511508,MEX3C_HEK293_Hs_Input_rep1_SRR11683588,false,CLIP,"{'id': 'Hs', 'name': 'Human'}",32807991,SRR11683588.fastq.gz,,Input,,eCLIP,NNNNNNNNNN,GSM4512286,UCSD,Gene Yeo,,SMInput,,,,,,En-Ching Luo,,Illumina HiSeq 4000,,HEK293,,,,,,
619838013971545528,Large-scale tethered function assays identify factors that regulate mRNA stability and translation,765505570352225057,IFIT2_HEK293_Hs_Input_OE_rep2_SRR11683610,false,CLIP,"{'id': 'Hs', 'name': 'Human'}",32807991,SRR11683610.fastq.gz,,Input OE,,eCLIP,NNNNNNNNNN,GSM4512308,UCSD,Gene Yeo,,SMInput,,,,,,En-Ching Luo,,Illumina HiSeq 4000,,HEK293,,,,,,
619838013971545528,Large-scale tethered function assays identify factors that regulate mRNA stability and translation,157286323423736381,NANOS3_HEK293_Hs_Input_OE_rep1_SRR11683612,false,CLIP,"{'id': 'Hs', 'name': 'Human'}",32807991,SRR11683612.fastq.gz,,Input OE,,eCLIP,NNNNNNNNNN,GSM4512310,UCSD,Gene Yeo,,SMInput,,,,,,En-Ching Luo,,Illumina HiSeq 4000,,HEK293,,,,,,
619838013971545528,Large-scale tethered function assays identify factors that regulate mRNA stability and translation,284020609242099794,UBAP2L_HEK293_Hs_rep1_SRR11683577,false,CLIP,"{'id': 'Hs', 'name': 'Human'}",32807991,SRR11683577.fastq.gz,,,,eCLIP,NNNNNNNNNN,GSM4512275,UCSD,Gene Yeo,,UBAP2L,,,,,,En-Ching Luo,,Illumina HiSeq 4000,,HEK293,,,,,,
619838013971545528,Large-scale tethered function assays identify factors that regulate mRNA stability and translation,897720728677069050,BOLL_HEK293_Hs_OE_rep1_SRR11683605,false,CLIP,"{'id': 'Hs', 'name': 'Human'}",32807991,SRR11683605.fastq.gz,,OE,,eCLIP,NNNNNNNNNN,GSM4512303,UCSD,Gene Yeo,,BOLL,,,,,,En-Ching Luo,,Illumina HiSeq 4000,,HEK293,,,,,,
619838013971545528,Large-scale tethered function assays identify factors that regulate mRNA stability and translation,604953337336991894,AIMP1_HEK293_Hs_Input_rep1_SRR11683568,false,CLIP,"{'id': 'Hs', 'name': 'Human'}",32807991,SRR11683568.fastq.gz,,Input,,eCLIP,NNNNNNNNNN,GSM4512266,UCSD,Gene Yeo,,SMInput,,,,,,En-Ching Luo,,Illumina HiSeq 4000,,HEK293,,,,,,
619838013971545528,Large-scale tethered function assays identify factors that regulate mRNA stability and translation,634651220354959101,MTDH_HEK293_Hs_rep2_SRR11683575,false,CLIP,"{'id': 'Hs', 'name': 'Human'}",32807991,SRR11683575.fastq.gz,,,,eCLIP,NNNNNNNNNN,GSM4512273,UCSD,Gene Yeo,,MTDH,,,,,,En-Ching Luo,,Illumina HiSeq 4000,,HEK293,,,,,,
619838013971545528,Large-scale tethered function assays identify factors that regulate mRNA stability and translation,435544675682932272,CNOT7_HEK293_Hs_rep1_SRR11683565,false,CLIP,"{'id': 'Hs', 'name': 'Human'}",32807991,SRR11683565.fastq.gz,,,,eCLIP,NNNNNNNNNN,GSM4512263,UCSD,Gene Yeo,,CNOT7,,,,,,En-Ching Luo,,Illumina HiSeq 4000,,HEK293,,,,,,
619838013971545528,Large-scale tethered function assays identify factors that regulate mRNA stability and translation,726661142574971598,IFIT2_HEK293_Hs_Input_OE_rep1_SRR11683608,false,CLIP,"{'id': 'Hs', 'name': 'Human'}",32807991,SRR11683608.fastq.gz,,Input OE,,eCLIP,NNNNNNNNNN,GSM4512306,UCSD,Gene Yeo,,SMInput,,,,,,En-Ching Luo,,Illumina HiSeq 4000,,HEK293,,,,,,
619838013971545528,Large-scale tethered function assays identify factors that regulate mRNA stability and translation,296052136454724805,IFIT2_HEK293_Hs_OE_rep1_SRR11683609,false,CLIP,"{'id': 'Hs', 'name': 'Human'}",32807991,SRR11683609.fastq.gz,,OE,,eCLIP,NNNNNNNNNN,GSM4512307,UCSD,Gene Yeo,,IFIT2,,,,,,En-Ching Luo,,Illumina HiSeq 4000,,HEK293,,,,,,
619838013971545528,Large-scale tethered function assays identify factors that regulate mRNA stability and translation,572386544464540998,CNOT7_HEK293_Hs_Input_rep2_SRR11683566,false,CLIP,"{'id': 'Hs', 'name': 'Human'}",32807991,SRR11683566.fastq.gz,,Input,,eCLIP,NNNNNNNNNN,GSM4512264,UCSD,Gene Yeo,,SMInput,,,,,,En-Ching Luo,,Illumina HiSeq 4000,,HEK293,,,,,,
619838013971545528,Large-scale tethered function assays identify factors that regulate mRNA stability and translation,535478236278724525,PARN_HEK293_Hs_Input_rep1_SRR11683592,false,CLIP,"{'id': 'Hs', 'name': 'Human'}",32807991,SRR11683592.fastq.gz,,Input,,eCLIP,NNNNNNNNNN,GSM4512290,UCSD,Gene Yeo,,SMInput,,,,,,En-Ching Luo,,Illumina HiSeq 4000,,HEK293,,,,,,
619838013971545528,Large-scale tethered function assays identify factors that regulate mRNA stability and translation,160843467510143941,SNRPA_HEK293_Hs_rep2_SRR11683599,false,CLIP,"{'id': 'Hs', 'name': 'Human'}",32807991,SRR11683599.fastq.gz,,,,eCLIP,NNNNNNNNNN,GSM4512297,UCSD,Gene Yeo,,SNRPA,,,,,,En-Ching Luo,,Illumina HiSeq 4000,,HEK293,,,,,,
619838013971545528,Large-scale tethered function assays identify factors that regulate mRNA stability and translation,522502513298180717,AIMP1_HEK293_Hs_rep2_SRR11683571,false,CLIP,"{'id': 'Hs', 'name': 'Human'}",32807991,SRR11683571.fastq.gz,,,,eCLIP,NNNNNNNNNN,GSM4512269,UCSD,Gene Yeo,,AIMP1,,,,,,En-Ching Luo,,Illumina HiSeq 4000,,HEK293,,,,,,
619838013971545528,Large-scale tethered function assays identify factors that regulate mRNA stability and translation,136422571777626821,PARN_HEK293_Hs_Input_rep2_SRR11683594,false,CLIP,"{'id': 'Hs', 'name': 'Human'}",32807991,SRR11683594.fastq.gz,,Input,,eCLIP,NNNNNNNNNN,GSM4512292,UCSD,Gene Yeo,,SMInput,,,,,,En-Ching Luo,,Illumina HiSeq 4000,,HEK293,,,,,,
619838013971545528,Large-scale tethered function assays identify factors that regulate mRNA stability and translation,400222022289218367,CNOT7_HEK293_Hs_rep2_SRR11683567,false,CLIP,"{'id': 'Hs', 'name': 'Human'}",32807991,SRR11683567.fastq.gz,,,,eCLIP,NNNNNNNNNN,GSM4512265,UCSD,Gene Yeo,,CNOT7,,,,,,En-Ching Luo,,Illumina HiSeq 4000,,HEK293,,,,,,
619838013971545528,Large-scale tethered function assays identify factors that regulate mRNA stability and translation,619590899456724764,TOB2_HEK293_Hs_rep2_SRR11683603,false,CLIP,"{'id': 'Hs', 'name': 'Human'}",32807991,SRR11683603.fastq.gz,,,,eCLIP,NNNNNNNNNN,GSM4512301,UCSD,Gene Yeo,,TOB2,,,,,,En-Ching Luo,,Illumina HiSeq 4000,,HEK293,,,,,,
619838013971545528,Large-scale tethered function assays identify factors that regulate mRNA stability and translation,655244358655563492,TOB2_HEK293_Hs_Input_rep1_SRR11683600,false,CLIP,"{'id': 'Hs', 'name': 'Human'}",32807991,SRR11683600.fastq.gz,,Input,,eCLIP,NNNNNNNNNN,GSM4512298,UCSD,Gene Yeo,,SMInput,,,,,,En-Ching Luo,,Illumina HiSeq 4000,,HEK293,,,,,,
625655322152626743,Recruitment of the m6A/Am demethylase FTO to target RNAs by the telomeric zinc finger protein ZBTB48,112029384036894406,FTO_HEK293_Hs_Input_FLAG,false,CLIP,"{'id': 'Hs', 'name': 'Human'}",39300486,SRR24029903.fastq.gz,,Input,,iCLIP,NNNNNNNNNN,GSM7133928,University of Toronto,Benjamin J Blencowe,none (input),SMInput,,,,,,Syed Nabeel-Shah,,Illumina NovaSeq 6000,,HEK293,,,,,,
619838013971545528,Large-scale tethered function assays identify factors that regulate mRNA stability and translation,693450169975599104,PARN_HEK293_Hs_rep1_SRR11683593,false,CLIP,"{'id': 'Hs', 'name': 'Human'}",32807991,SRR11683593.fastq.gz,,,,eCLIP,NNNNNNNNNN,GSM4512291,UCSD,Gene Yeo,,PARN,,,,,,En-Ching Luo,,Illumina HiSeq 4000,,HEK293,,,,,,
619838013971545528,Large-scale tethered function assays identify factors that regulate mRNA stability and translation,390680806499827043,CLK3_HEK293_Hs_rep1_SRR11683581,false,CLIP,"{'id': 'Hs', 'name': 'Human'}",32807991,SRR11683581.fastq.gz,,,,eCLIP,NNNNNNNNNN,GSM4512279,UCSD,Gene Yeo,,CLK3,,,,,,En-Ching Luo,,Illumina HiSeq 4000,,HEK293,,,,,,
625655322152626743,Recruitment of the m6A/Am demethylase FTO to target RNAs by the telomeric zinc finger protein ZBTB48,918819154107942946,FTO_HEK293_Hs_ZBTB48kd_FLAG_rep1,false,CLIP,"{'id': 'Hs', 'name': 'Human'}",39300486,SRR24029896.fastq.gz,,KD,,iCLIP,NNNNNNNNNN,GSM7133935,University of Toronto,Benjamin J Blencowe,anti-FLAG M2 (Sigma F3165),FTO,nFLAG,,,,,Syed Nabeel-Shah,,Illumina NextSeq 500,,HEK293,,,,,,
625655322152626743,Recruitment of the m6A/Am demethylase FTO to target RNAs by the telomeric zinc finger protein ZBTB48,480332450299886690,m6A_HEK293_Hs_GFPoe_control_rep2,false,CLIP,"{'id': 'Hs', 'name': 'Human'}",39300486,SRR24029899.fastq.gz,,OE_control,,iCLIP,NNNNNNNNNN,GSM7133932,University of Toronto,Benjamin J Blencowe,anti-m6A (MBL RN131P),m6A,,,,,,Syed Nabeel-Shah,,Illumina NextSeq 500,,HEK293,,,,,,
625655322152626743,Recruitment of the m6A/Am demethylase FTO to target RNAs by the telomeric zinc finger protein ZBTB48,498369869605568432,FTO_HEK293_Hs_ZBTB48kd_FLAG_rep2,false,CLIP,"{'id': 'Hs', 'name': 'Human'}",39300486,SRR24029895.fastq.gz,,KD_FLAG,,iCLIP,NNNNNNNNNN,GSM7133936,University of Toronto,Benjamin J Blencowe,anti-FLAG M2 (Sigma F3165),FTO,nFLAG,,,,,Syed Nabeel-Shah,,Illumina NextSeq 500,,HEK293,,,,,,
625655322152626743,Recruitment of the m6A/Am demethylase FTO to target RNAs by the telomeric zinc finger protein ZBTB48,270927784021767338,FTO_HEK293_Hs_Input_KDcontrol_FLAG,false,CLIP,"{'id': 'Hs', 'name': 'Human'}",39300486,SRR24029891.fastq.gz,,Input_KD_control,,iCLIP,NNNNNNNNNN,GSM7133940,University of Toronto,Benjamin J Blencowe,none (input),SMInput,,,,,,Syed Nabeel-Shah,,Illumina NextSeq 500,,HEK293,,,,,,
619838013971545528,Large-scale tethered function assays identify factors that regulate mRNA stability and translation,332703144744667111,TOB2_HEK293_Hs_Input_rep2_SRR11683602,false,CLIP,"{'id': 'Hs', 'name': 'Human'}",32807991,SRR11683602.fastq.gz,,Input,,eCLIP,NNNNNNNNNN,GSM4512300,UCSD,Gene Yeo,,SMInput,,,,,,En-Ching Luo,,Illumina HiSeq 4000,,HEK293,,,,,,
625655322152626743,Recruitment of the m6A/Am demethylase FTO to target RNAs by the telomeric zinc finger protein ZBTB48,971059519365439954,FTO_HEK293_Hs_KDcontrol_FLAG_rep1,false,CLIP,"{'id': 'Hs', 'name': 'Human'}",39300486,SRR24029894.fastq.gz,,KD_control,,iCLIP,NNNNNNNNNN,GSM7133937,University of Toronto,Benjamin J Blencowe,anti-FLAG M2 (Sigma F3165),FTO,nFLAG,,,,,Syed Nabeel-Shah,,Illumina NextSeq 500,,HEK293,,,,,,
625655322152626743,Recruitment of the m6A/Am demethylase FTO to target RNAs by the telomeric zinc finger protein ZBTB48,923296381488280442,ZBTB48_HEK293_Hs_Input,false,CLIP,"{'id': 'Hs', 'name': 'Human'}",39300486,SRR24029908.fastq.gz,,Input,,iCLIP,NNNNNNNNNN,GSM7133923,University of Toronto,Benjamin J Blencowe,none (input),SMInput,,,,,,Syed Nabeel-Shah,,Illumina NextSeq 500,,HEK293,,,,,,
625655322152626743,Recruitment of the m6A/Am demethylase FTO to target RNAs by the telomeric zinc finger protein ZBTB48,360096385328304801,m6A_HEK293_Hs_ZBTB48oe_FLAG_rep2,false,CLIP,"{'id': 'Hs', 'name': 'Human'}",39300486,SRR24029897.fastq.gz,,OE,,iCLIP,NNNNNNNNNN,GSM7133934,University of Toronto,Benjamin J Blencowe,anti-m6A (MBL RN131P),m6A,nFLAG,,,,,Syed Nabeel-Shah,,Illumina NextSeq 500,,HEK293,,,,,,
619838013971545528,Large-scale tethered function assays identify factors that regulate mRNA stability and translation,996348429439104310,CLK3_HEK293_Hs_Input_rep1_SRR11683580,false,CLIP,"{'id': 'Hs', 'name': 'Human'}",32807991,SRR11683580.fastq.gz,,Input,,eCLIP,NNNNNNNNNN,GSM4512278,UCSD,Gene Yeo,,SMInput,,,,,,En-Ching Luo,,Illumina HiSeq 4000,,HEK293,,,,,,
625655322152626743,Recruitment of the m6A/Am demethylase FTO to target RNAs by the telomeric zinc finger protein ZBTB48,278878839459018787,m6A_HEK293_Hs_FTOoe_FLAG_rep2,false,CLIP,"{'id': 'Hs', 'name': 'Human'}",39300486,SRR24029901.fastq.gz,,OE,,iCLIP,NNNNNNNNNN,GSM7133930,University of Toronto,Benjamin J Blencowe,anti-m6A (MBL RN131P),m6A,nFLAG,,,,,Syed Nabeel-Shah,,Illumina NextSeq 500,,HEK293,,,,,,
625655322152626743,Recruitment of the m6A/Am demethylase FTO to target RNAs by the telomeric zinc finger protein ZBTB48,502560020727846502,FTO_HEK293_Hs_FLAG_rep2,false,CLIP,"{'id': 'Hs', 'name': 'Human'}",39300486,SRR24029906.fastq.gz,,FLAG,,iCLIP,NNNNNNNNNN,GSM7133925,University of Toronto,Benjamin J Blencowe,anti-FLAG M2 (Sigma F3165),FTO,nFLAG,,,,,Syed Nabeel-Shah,,Illumina NextSeq 500,,HEK293,,,,,,
625655322152626743,Recruitment of the m6A/Am demethylase FTO to target RNAs by the telomeric zinc finger protein ZBTB48,330699986933506147,FTO_HEK293_Hs_Input_ZBTB48kd_FLAG,false,CLIP,"{'id': 'Hs', 'name': 'Human'}",39300486,SRR24029892.fastq.gz,,Input_KD,,iCLIP,NNNNNNNNNN,GSM7133939,University of Toronto,Benjamin J Blencowe,none (input),SMInput,,,,,,Syed Nabeel-Shah,,Illumina NextSeq 500,,HEK293,,,,,,
625655322152626743,Recruitment of the m6A/Am demethylase FTO to target RNAs by the telomeric zinc finger protein ZBTB48,662050852612668761,ZBTB48_HEK293_Hs_rep2,false,CLIP,"{'id': 'Hs', 'name': 'Human'}",39300486,SRR24029909.fastq.gz,,,,iCLIP,NNNNNNNNNN,GSM7133922,University of Toronto,Benjamin J Blencowe,anti-ZBTB48 (GeneTex GTX118671),ZBTB48,,,,,,Syed Nabeel-Shah,,Illumina HiSeq 2500,,HEK293,,,,,,
625655322152626743,Recruitment of the m6A/Am demethylase FTO to target RNAs by the telomeric zinc finger protein ZBTB48,541483916893048847,FTO_HEK293_Hs_FLAG_rep4,false,CLIP,"{'id': 'Hs', 'name': 'Human'}",39300486,SRR24029904.fastq.gz,,FLAG,,iCLIP,NNNNNNNNNN,GSM7133927,University of Toronto,Benjamin J Blencowe,anti-FLAG M2 (Sigma F3165),FTO,nFLAG,,,,,Syed Nabeel-Shah,,Illumina NextSeq 500,,HEK293,,,,,,
619838013971545528,Large-scale tethered function assays identify factors that regulate mRNA stability and translation,556216046510161704,CLK3_HEK293_Hs_Input_rep2_SRR11683582,false,CLIP,"{'id': 'Hs', 'name': 'Human'}",32807991,SRR11683582.fastq.gz,,Input,,eCLIP,NNNNNNNNNN,GSM4512280,UCSD,Gene Yeo,,SMInput,,,,,,En-Ching Luo,,Illumina HiSeq 4000,,HEK293,,,,,,
625655322152626743,Recruitment of the m6A/Am demethylase FTO to target RNAs by the telomeric zinc finger protein ZBTB48,866524646324453621,m6A_HEK293_Hs_ZBTB48oe_FLAG_rep1,false,CLIP,"{'id': 'Hs', 'name': 'Human'}",39300486,SRR24029898.fastq.gz,,OE_FLAG,,iCLIP,NNNNNNNNNN,GSM7133933,University of Toronto,Benjamin J Blencowe,anti-m6A (MBL RN131P),m6A,nFLAG,,,,,Syed Nabeel-Shah,,Illumina NextSeq 500,,HEK293,,,,,,
625655322152626743,Recruitment of the m6A/Am demethylase FTO to target RNAs by the telomeric zinc finger protein ZBTB48,529193438177184338,m6A_HEK293_Hs_GFPoe_control_rep1,false,CLIP,"{'id': 'Hs', 'name': 'Human'}",39300486,SRR24029900.fastq.gz,,OE_control,,iCLIP,NNNNNNNNNN,GSM7133931,University of Toronto,Benjamin J Blencowe,anti-m6A (MBL RN131P),m6A,,,,,,Syed Nabeel-Shah,,Illumina NextSeq 500,,HEK293,,,,,,
625655322152626743,Recruitment of the m6A/Am demethylase FTO to target RNAs by the telomeric zinc finger protein ZBTB48,352555741426693554,FTO_HEK293_Hs_KDcontrol_FLAG_rep2,false,CLIP,"{'id': 'Hs', 'name': 'Human'}",39300486,SRR24029893.fastq.gz,,KD_control,,iCLIP,NNNNNNNNNN,GSM7133938,University of Toronto,Benjamin J Blencowe,anti-FLAG M2 (Sigma F3165),FTO,nFLAG,,,,,Syed Nabeel-Shah,,Illumina NextSeq 500,,HEK293,,,,,,
625655322152626743,Recruitment of the m6A/Am demethylase FTO to target RNAs by the telomeric zinc finger protein ZBTB48,197773827426968923,m6A_HEK293_Hs_FTOoe_FLAG_rep1,false,CLIP,"{'id': 'Hs', 'name': 'Human'}",39300486,SRR24029902.fastq.gz,,OE,,iCLIP,NNNNNNNNNN,GSM7133929,University of Toronto,Benjamin J Blencowe,anti-m6A (MBL RN131P),m6A,nFLAG,,,,,Syed Nabeel-Shah,,Illumina NextSeq 500,,HEK293,,,,,,
625655322152626743,Recruitment of the m6A/Am demethylase FTO to target RNAs by the telomeric zinc finger protein ZBTB48,281772718507822770,FTO_HEK293_Hs_FLAG_rep1,false,CLIP,"{'id': 'Hs', 'name': 'Human'}",39300486,SRR24029907.fastq.gz,,FLAG,,iCLIP,NNNNNNNNNN,GSM7133924,University of Toronto,Benjamin J Blencowe,anti-FLAG M2 (Sigma F3165),FTO,nFLAG,,,,,Syed Nabeel-Shah,,Illumina NextSeq 500,,HEK293,,,,,,
787497355313213050,RNA-seq HeLa;HEK293;A431,290099134631037073,HEK293_Hs_no_heatshock_GSE285497_SRR31847443_4,false,RNA-Seq,"{'id': 'Hs', 'name': 'Human'}",,"SRR31847443_1.fastq.gz,SRR31847443_2.fastq.gz",,no heatshock,,RNA-Seq,,GSM8703457,,,,,,,,,,Public,,Illumina NovaSeq 6000,,HEK293,,auto,,,,
625655322152626743,Recruitment of the m6A/Am demethylase FTO to target RNAs by the telomeric zinc finger protein ZBTB48,605620489923057189,FTO_HEK293_Hs_FLAG_rep3,false,CLIP,"{'id': 'Hs', 'name': 'Human'}",39300486,SRR24029905.fastq.gz,,FLAG,,iCLIP,NNNNNNNNNN,GSM7133926,University of Toronto,Benjamin J Blencowe,anti-FLAG M2 (Sigma F3165),FTO,nFLAG,,,,,Syed Nabeel-Shah,,Illumina NextSeq 500,,HEK293,,,,,,
787497355313213050,RNA-seq HeLa;HEK293;A431,497716536242632325,A431_total_RNAs_cell_line_Hs_48h_untreated_2_GSE130360,false,RNA-Seq,"{'id': 'Hs', 'name': 'Human'}",,"SRR8962078_1.fastq.gz,SRR8962078_2.fastq.gz",,,,RNA-Seq,,GSM3736782,,,,,,,,,,Public,,HiSeq X Ten,,A431,,auto,,,,
787497355313213050,RNA-seq HeLa;HEK293;A431,840315984233378672,HeLa_Hs_DMSO_treated_rep2_GSE298441,false,RNA-Seq,"{'id': 'Hs', 'name': 'Human'}",,"SRR33745425_1.fastq.gz,SRR33745425_2.fastq.gz",,DMSO-treated,,RNA-Seq,,GSM9014345,,,,,,,,,,Public,,Illumina HiSeq 2000,,HeLa,,auto,,,,
787497355313213050,RNA-seq HeLa;HEK293;A431,529193751395314049,HeLa_cells_Hs_no_heatshock_GSE285497_SRR31847431_1_B2,false,RNA-Seq,"{'id': 'Hs', 'name': 'Human'}",,"SRR31847431_1.fastq.gz,SRR31847431_2.fastq.gz",,no heatshock,,RNA-Seq,,GSM8703469,,,,,,,,,,Public,,Illumina NovaSeq 6000,,HeLa,,auto,,,,
787497355313213050,RNA-seq HeLa;HEK293;A431,952178737205668224,HEK293_Hs_no_heatshock_GSE285497_SRR31847446_3_B2,false,RNA-Seq,"{'id': 'Hs', 'name': 'Human'}",,"SRR31847446_1.fastq.gz,SRR31847446_2.fastq.gz",,no heatshock,,RNA-Seq,,GSM8703454,,,,,,,,,,Public,,Illumina NovaSeq 6000,,HEK293,,auto,,,,
625655322152626743,Recruitment of the m6A/Am demethylase FTO to target RNAs by the telomeric zinc finger protein ZBTB48,344592038921734988,ZBTB48_HEK293_Hs_rep1,false,CLIP,"{'id': 'Hs', 'name': 'Human'}",39300486,SRR24029910.fastq.gz,,,,iCLIP,NNNNNNNNNN,GSM7133921,University of Toronto,Benjamin J Blencowe,anti-ZBTB48 (GeneTex GTX118671),ZBTB48,,,,,,Syed Nabeel-Shah,,Illumina HiSeq 2500,,HEK293,,,,,,
787497355313213050,RNA-seq HeLa;HEK293;A431,583188792692892968,HeLa_cells_Hs_no_heatshock_GSE285497_SRR31847434_1,false,RNA-Seq,"{'id': 'Hs', 'name': 'Human'}",,"SRR31847434_1.fastq.gz,SRR31847434_2.fastq.gz",,no heatshock,,RNA-Seq,,GSM8703466,,,,,,,,,,Public,,Illumina NovaSeq 6000,,HeLa,,auto,,,,
787497355313213050,RNA-seq HeLa;HEK293;A431,644988277433371814,HeLa_Hs_DMSO_6h_GSE303802_SRR34737875_rep2,false,RNA-Seq,"{'id': 'Hs', 'name': 'Human'}",,"SRR34737875_1.fastq.gz,SRR34737875_2.fastq.gz",,DMSO 6h,,RNA-Seq,,GSM9136191,,,,,,,,,,Public,,Illumina NovaSeq 6000,,HeLa,,auto,,,,
233104689213030527,Integrated multi-omics analysis of zinc finger proteins uncovers roles in RNA regulation,519759929833886939,IGHMBP2_HEK293_Hs_rep2_SRR27034082,false,CLIP,"{'id': 'Hs', 'name': 'Human'}",39303722,SRR27034082.fastq.gz,,,,eCLIP,NNNNNNNNNN,GSM7932078,UCSD,Gene Yeo,,IGHMBP2,,,,,,Brian Yee,,Illumina NovaSeq 6000,,HEK293,,,,,,
787497355313213050,RNA-seq HeLa;HEK293;A431,524325796948370536,HEK293_Hs_no_heatshock_GSE285497_SRR31847437_6,false,RNA-Seq,"{'id': 'Hs', 'name': 'Human'}",,"SRR31847437_1.fastq.gz,SRR31847437_2.fastq.gz",,no heatshock,,RNA-Seq,,GSM8703463,,,,,,,,,,Public,,Illumina NovaSeq 6000,,HEK293,,auto,,,,
787497355313213050,RNA-seq HeLa;HEK293;A431,121932216170106669,A431_cells_Hs_DMSO_GSE129982_SRR8924527_rep2,false,RNA-Seq,"{'id': 'Hs', 'name': 'Human'}",,SRR8924527.fastq.gz,,DMSO,,RNA-Seq,,GSM3728923,,,,,,,,,,Public,,Illumina NextSeq 500,,A431,,auto,,,,
787497355313213050,RNA-seq HeLa;HEK293;A431,701159803768863466,HeLa_Hs_Untreated_rep1_GSE312662,false,RNA-Seq,"{'id': 'Hs', 'name': 'Human'}",,"SRR36325829_1.fastq.gz,SRR36325829_2.fastq.gz",,Untreated,,RNA-Seq,,GSM9351009,,,,,,,,,,Public,,Illumina NovaSeq X Plus,,HeLa,,auto,,,,
787497355313213050,RNA-seq HeLa;HEK293;A431,231072275270953804,HEK293_Hs_no_heatshock_GSE285497_SRR31847440_5,false,RNA-Seq,"{'id': 'Hs', 'name': 'Human'}",,"SRR31847440_1.fastq.gz,SRR31847440_2.fastq.gz",,no heatshock,,RNA-Seq,,GSM8703460,,,,,,,,,,Public,,Illumina NovaSeq 6000,,HEK293,,auto,,,,
787497355313213050,RNA-seq HeLa;HEK293;A431,739418785714105185,HeLa_Hs_rep1_GSE304865,false,RNA-Seq,"{'id': 'Hs', 'name': 'Human'}",,"SRR34908656_1.fastq.gz,SRR34908656_2.fastq.gz",,,,RNA-Seq,,GSM9158795,,,,,,,,,,Public,,Illumina NovaSeq X Plus,,HeLa,,auto,,,,
787497355313213050,RNA-seq HeLa;HEK293;A431,835733708400148791,A431_total_RNAs_cell_line_Hs_48h_untreated_1_GSE130359,false,RNA-Seq,"{'id': 'Hs', 'name': 'Human'}",,"SRR8962077_1.fastq.gz,SRR8962077_2.fastq.gz",,,,RNA-Seq,,GSM3736781,,,,,,,,,,Public,,HiSeq X Ten,,A431,,auto,,,,
787497355313213050,RNA-seq HeLa;HEK293;A431,337632129406210396,A431_total_RNAs_cell_line_Hs_48h_untreated_3_GSE130361,false,RNA-Seq,"{'id': 'Hs', 'name': 'Human'}",,"SRR8962079_1.fastq.gz,SRR8962079_2.fastq.gz",,,,RNA-Seq,,GSM3736783,,,,,,,,,,Public,,HiSeq X Ten,,A431,,auto,,,,
787497355313213050,RNA-seq HeLa;HEK293;A431,868533027011630767,HeLa_cells_Hs_no_heatshock_GSE285497_SRR31847415_5,false,RNA-Seq,"{'id': 'Hs', 'name': 'Human'}",,"SRR31847415_1.fastq.gz,SRR31847415_2.fastq.gz",,no heatshock,,RNA-Seq,,GSM8703485,,,,,,,,,,Public,,Illumina NovaSeq 6000,,HeLa,,auto,,,,
787497355313213050,RNA-seq HeLa;HEK293;A431,129268616837188615,A431_cells_Hs_DMSO_GSE129982_SRR8924526_rep1,false,RNA-Seq,"{'id': 'Hs', 'name': 'Human'}",,SRR8924526.fastq.gz,,DMSO,,RNA-Seq,,GSM3728922,,,,,,,,,,Public,,Illumina NextSeq 500,,A431,,auto,,,,
787497355313213050,RNA-seq HeLa;HEK293;A431,805865168278689870,HEK293_control_rep1_Hs_non_treated_GSE255201,false,RNA-Seq,"{'id': 'Hs', 'name': 'Human'}",,"SRR27891885_1.fastq.gz,SRR27891885_2.fastq.gz",,non-treated,,RNA-Seq,,GSM8065685,,,,,,,,,,Public,,Illumina NovaSeq 6000,,HEK293,,auto,,,,
787497355313213050,RNA-seq HeLa;HEK293;A431,626680461091250609,HeLa_Hs_DMSO_treated_rep1_GSE298441,false,RNA-Seq,"{'id': 'Hs', 'name': 'Human'}",,"SRR33745426_1.fastq.gz,SRR33745426_2.fastq.gz",,DMSO-treated,,RNA-Seq,,GSM9014344,,,,,,,,,,Public,,Illumina HiSeq 2000,,HeLa,,auto,,,,
787497355313213050,RNA-seq HeLa;HEK293;A431,552159983738700482,HeLa_cells_Hs_no_heatshock_GSE285497_SRR31847428_2,false,RNA-Seq,"{'id': 'Hs', 'name': 'Human'}",,"SRR31847428_1.fastq.gz,SRR31847428_2.fastq.gz",,no heatshock,,RNA-Seq,,GSM8703472,,,,,,,,,,Public,,Illumina NovaSeq 6000,,HeLa,,auto,,,,
787497355313213050,RNA-seq HeLa;HEK293;A431,583610437521226080,HeLa_Hs_Untreated_rep2_GSE312662,false,RNA-Seq,"{'id': 'Hs', 'name': 'Human'}",,"SRR36325828_1.fastq.gz,SRR36325828_2.fastq.gz",,Untreated,,RNA-Seq,,GSM9351010,,,,,,,,,,Public,,Illumina NovaSeq X Plus,,HeLa,,auto,,,,
787497355313213050,RNA-seq HeLa;HEK293;A431,207359538623981436,HeLa_Hs_rep3_GSE304865,false,RNA-Seq,"{'id': 'Hs', 'name': 'Human'}",,"SRR34908654_1.fastq.gz,SRR34908654_2.fastq.gz",,,,RNA-Seq,,GSM9158797,,,,,,,,,,Public,,Illumina NovaSeq X Plus,,HeLa,,auto,,,,
787497355313213050,RNA-seq HeLa;HEK293;A431,106984029378683694,HeLa_Hs_DMSO_6h_GSE303802_SRR34737876_rep1,false,RNA-Seq,"{'id': 'Hs', 'name': 'Human'}",,"SRR34737876_1.fastq.gz,SRR34737876_2.fastq.gz",,DMSO 6h,,RNA-Seq,,GSM9136190,,,,,,,,,,Public,,Illumina NovaSeq 6000,,HeLa,,auto,,,,
787497355313213050,RNA-seq HeLa;HEK293;A431,602574164409348975,Hela_Hs_Without_any_treatment_GSE292492_SRR32795843_3,false,RNA-Seq,"{'id': 'Hs', 'name': 'Human'}",,"SRR32795843_1.fastq.gz,SRR32795843_2.fastq.gz",,Without any treatment,,ncRNA-Seq,,GSM8859980,,,,,,,,,,Public,,Illumina NovaSeq 6000,,Hela,,auto,,,,
787497355313213050,RNA-seq HeLa;HEK293;A431,854515996125501227,A431_Hs_parental_rep1_GSE293711,false,RNA-Seq,"{'id': 'Hs', 'name': 'Human'}",,"SRR32965861_merged_1.fastq.gz,SRR32965861_merged_2.fastq.gz",,parental,,RNA-Seq,,GSM8888989,,,,,,,,,,Public,,NextSeq 550,,A431,,auto,,,,
787497355313213050,RNA-seq HeLa;HEK293;A431,901085257648992085,HeLa_Hs_rep1_GSE288527,false,RNA-Seq,"{'id': 'Hs', 'name': 'Human'}",,"SRR32193810_1.fastq.gz,SRR32193810_2.fastq.gz",,,,RNA-Seq,,GSM8769421,,,,,,,,,,Public,,Illumina NovaSeq 6000,,HeLa,,auto,,,,
787497355313213050,RNA-seq HeLa;HEK293;A431,278289096949845745,HeLa_Hs_rep2_GSE304865,false,RNA-Seq,"{'id': 'Hs', 'name': 'Human'}",,"SRR34908655_1.fastq.gz,SRR34908655_2.fastq.gz",,,,RNA-Seq,,GSM9158796,,,,,,,,,,Public,,Illumina NovaSeq X Plus,,HeLa,,auto,,,,
787497355313213050,RNA-seq HeLa;HEK293;A431,110821380409118148,A431_Hs_parental_rep3_GSE293711,false,RNA-Seq,"{'id': 'Hs', 'name': 'Human'}",,"SRR32965853_merged_1.fastq.gz,SRR32965853_merged_2.fastq.gz",,parental,,RNA-Seq,,GSM8888991,,,,,,,,,,Public,,NextSeq 550,,A431,,auto,,,,
787497355313213050,RNA-seq HeLa;HEK293;A431,205923830954098438,HeLa_Hs_rep4_GSE304865,false,RNA-Seq,"{'id': 'Hs', 'name': 'Human'}",,"SRR34908653_1.fastq.gz,SRR34908653_2.fastq.gz",,,,RNA-Seq,,GSM9158798,,,,,,,,,,Public,,Illumina NovaSeq X Plus,,HeLa,,auto,,,,
787497355313213050,RNA-seq HeLa;HEK293;A431,510540589007906666,A431_Hs_parental_rep2_GSE293711,false,RNA-Seq,"{'id': 'Hs', 'name': 'Human'}",,"SRR32965857_merged_1.fastq.gz,SRR32965857_merged_2.fastq.gz",,parental,,RNA-Seq,,GSM8888990,,,,,,,,,,Public,,NextSeq 550,,A431,,auto,,,,
787497355313213050,RNA-seq HeLa;HEK293;A431,994386481782396771,HEK293_Hs_Untreated_rep1_GSE285962,false,RNA-Seq,"{'id': 'Hs', 'name': 'Human'}",,"SRR31905686_1.fastq.gz,SRR31905686_2.fastq.gz",,Untreated,,RNA-Seq,,GSM8713956,,,,,,,,,,Public,,Illumina NovaSeq X,,HEK293,,auto,,,,
787497355313213050,RNA-seq HeLa;HEK293;A431,999533063075750557,HeLa_Hs_no_treatment_GSE286568_SRR31980203_2,false,RNA-Seq,"{'id': 'Hs', 'name': 'Human'}",,"SRR31980203_1.fastq.gz,SRR31980203_2.fastq.gz",,no treatment,,RNA-Seq,,GSM8729493,,,,,,,,,,Public,,Illumina NovaSeq X Plus,,HeLa,,auto,,,,
787497355313213050,RNA-seq HeLa;HEK293;A431,733860364368774913,HEK293_Hs_Untreated_rep3_GSE285962,false,RNA-Seq,"{'id': 'Hs', 'name': 'Human'}",,"SRR31905684_1.fastq.gz,SRR31905684_2.fastq.gz",,Untreated,,RNA-Seq,,GSM8713958,,,,,,,,,,Public,,Illumina NovaSeq X,,HEK293,,auto,,,,
787497355313213050,RNA-seq HeLa;HEK293;A431,813449490117430497,HEK293_Hs_Untreated_rep2_GSE285962,false,RNA-Seq,"{'id': 'Hs', 'name': 'Human'}",,"SRR31905685_1.fastq.gz,SRR31905685_2.fastq.gz",,Untreated,,RNA-Seq,,GSM8713957,,,,,,,,,,Public,,Illumina NovaSeq X,,HEK293,,auto,,,,
787497355313213050,RNA-seq HeLa;HEK293;A431,598245639731217983,Hela_Hs_Without_any_treatment_GSE292492_SRR32795844_2,false,RNA-Seq,"{'id': 'Hs', 'name': 'Human'}",,"SRR32795844_1.fastq.gz,SRR32795844_2.fastq.gz",,Without any treatment,,ncRNA-Seq,,GSM8859979,,,,,,,,,,Public,,Illumina NovaSeq 6000,,Hela,,auto,,,,
787497355313213050,RNA-seq HeLa;HEK293;A431,450819890575742015,HEK293_Hs_Control_2_GSE299443,false,RNA-Seq,"{'id': 'Hs', 'name': 'Human'}",,SRR33913011.fastq.gz,,,,RNA-Seq,,GSM9039312,,,,,,,,,,Public,,DNBSEQ-T7,,HEK293,,auto,,,,
787497355313213050,RNA-seq HeLa;HEK293;A431,239821941471155746,HeLa_Hs_DMSO_6h_GSE303802_SRR34737874_rep3,false,RNA-Seq,"{'id': 'Hs', 'name': 'Human'}",,"SRR34737874_1.fastq.gz,SRR34737874_2.fastq.gz",,DMSO 6h,,RNA-Seq,,GSM9136192,,,,,,,,,,Public,,Illumina NovaSeq 6000,,HeLa,,auto,,,,
787497355313213050,RNA-seq HeLa;HEK293;A431,476358424813036751,HeLa_Hs_DMSO_treated_rep1_GSE298441,false,RNA-Seq,"{'id': 'Hs', 'name': 'Human'}",,"SRR33745426_1.fastq.gz,SRR33745426_2.fastq.gz",,DMSO-treated,,RNA-Seq,,GSM9014344,,,,,,,,,,Public,,Illumina HiSeq 2000,,HeLa,,auto,,,,
787497355313213050,RNA-seq HeLa;HEK293;A431,478441586096510016,Hela_Hs_Without_any_treatment_GSE292492_SRR32795845_1,false,RNA-Seq,"{'id': 'Hs', 'name': 'Human'}",,"SRR32795845_1.fastq.gz,SRR32795845_2.fastq.gz",,Without any treatment,,ncRNA-Seq,,GSM8859978,,,,,,,,,,Public,,Illumina NovaSeq 6000,,Hela,,auto,,,,
787497355313213050,RNA-seq HeLa;HEK293;A431,846888330545485947,HeLa_Hs_rep3_GSE288527,false,RNA-Seq,"{'id': 'Hs', 'name': 'Human'}",,"SRR32193806_1.fastq.gz,SRR32193806_2.fastq.gz",,,,RNA-Seq,,GSM8769425,,,,,,,,,,Public,,Illumina NovaSeq 6000,,HeLa,,auto,,,,
787497355313213050,RNA-seq HeLa;HEK293;A431,813035470561838476,HeLa_Hs_rep4_GSE288527,false,RNA-Seq,"{'id': 'Hs', 'name': 'Human'}",,"SRR32193804_1.fastq.gz,SRR32193804_2.fastq.gz",,,,RNA-Seq,,GSM8769427,,,,,,,,,,Public,,Illumina NovaSeq 6000,,HeLa,,auto,,,,
787497355313213050,RNA-seq HeLa;HEK293;A431,958082477784373679,HeLa_Hs_no_treatment_GSE286568_SRR31980204_1,false,RNA-Seq,"{'id': 'Hs', 'name': 'Human'}",,"SRR31980204_1.fastq.gz,SRR31980204_2.fastq.gz",,no treatment,,RNA-Seq,,GSM8729492,,,,,,,,,,Public,,Illumina NovaSeq X Plus,,HeLa,,auto,,,,
787497355313213050,RNA-seq HeLa;HEK293;A431,517139729046431895,HeLa_Hs_rep2_GSE288527,false,RNA-Seq,"{'id': 'Hs', 'name': 'Human'}",,"SRR32193808_1.fastq.gz,SRR32193808_2.fastq.gz",,,,RNA-Seq,,GSM8769423,,,,,,,,,,Public,,Illumina NovaSeq 6000,,HeLa,,auto,,,,
787497355313213050,RNA-seq HeLa;HEK293;A431,849403223108636850,HeLa_Hs_DMSO_treated_rep2_GSE298441,false,RNA-Seq,"{'id': 'Hs', 'name': 'Human'}",,"SRR33745425_1.fastq.gz,SRR33745425_2.fastq.gz",,DMSO-treated,,RNA-Seq,,GSM9014345,,,,,,,,,,Public,,Illumina HiSeq 2000,,HeLa,,auto,,,,
787497355313213050,RNA-seq HeLa;HEK293;A431,603485791905681401,HEK293_Hs_Untreated_rep4_GSE285962,false,RNA-Seq,"{'id': 'Hs', 'name': 'Human'}",,"SRR31905683_1.fastq.gz,SRR31905683_2.fastq.gz",,Untreated,,RNA-Seq,,GSM8713959,,,,,,,,,,Public,,Illumina NovaSeq X,,HEK293,,auto,,,,
787497355313213050,RNA-seq HeLa;HEK293;A431,956549190337902452,HEK293_Hs_no_heatshock_GSE285497_SRR31847461_1,false,RNA-Seq,"{'id': 'Hs', 'name': 'Human'}",,"SRR31847461_1.fastq.gz,SRR31847461_2.fastq.gz",,no heatshock,,RNA-Seq,,GSM8703439,,,,,,,,,,Public,,Illumina NovaSeq 6000,,HEK293,,auto,,,,
787497355313213050,RNA-seq HeLa;HEK293;A431,266735704142669210,HeLa_cells_Hs_no_heatshock_GSE285497_SRR31847418_4,false,RNA-Seq,"{'id': 'Hs', 'name': 'Human'}",,"SRR31847418_1.fastq.gz,SRR31847418_2.fastq.gz",,no heatshock,,RNA-Seq,,GSM8703482,,,,,,,,,,Public,,Illumina NovaSeq 6000,,HeLa,,auto,,,,
787497355313213050,RNA-seq HeLa;HEK293;A431,752018534365149791,HeLa_Hs_DMSO_rep2_GSE280639,false,RNA-Seq,"{'id': 'Hs', 'name': 'Human'}",,"SRR31157008_1.fastq.gz,SRR31157008_2.fastq.gz",,DMSO,,RNA-Seq,,GSM8602755,,,,,,,,,,Public,,Illumina HiSeq 2500,,HeLa,,auto,,,,
787497355313213050,RNA-seq HeLa;HEK293;A431,820332825812833100,HeLa_Hs_DMSO_rep1_GSE280639,false,RNA-Seq,"{'id': 'Hs', 'name': 'Human'}",,"SRR31157009_1.fastq.gz,SRR31157009_2.fastq.gz",,DMSO,,RNA-Seq,,GSM8602752,,,,,,,,,,Public,,Illumina HiSeq 2500,,HeLa,,auto,,,,
787497355313213050,RNA-seq HeLa;HEK293;A431,667674148706125297,HEK293_Hs_DMSO_no_drug_rep2_GSE269144,false,RNA-Seq,"{'id': 'Hs', 'name': 'Human'}",,"SRR29294587_1.fastq.gz,SRR29294587_2.fastq.gz",,"DMSO, no drug",,RNA-Seq,,GSM8306970,,,,,,,,,,Public,,Illumina HiSeq 4000,,HEK293,,auto,,,,
787497355313213050,RNA-seq HeLa;HEK293;A431,429173609539976197,HEK293_Hs_no_heatshock_GSE285497_SRR31847455_2,false,RNA-Seq,"{'id': 'Hs', 'name': 'Human'}",,"SRR31847455_1.fastq.gz,SRR31847455_2.fastq.gz",,no heatshock,,RNA-Seq,,GSM8703445,,,,,,,,,,Public,,Illumina NovaSeq 6000,,HEK293,,auto,,,,
787497355313213050,RNA-seq HeLa;HEK293;A431,241633793712113699,HeLa_cells_Hs_no_heatshock_GSE285497_SRR31847425_2_B2,false,RNA-Seq,"{'id': 'Hs', 'name': 'Human'}",,"SRR31847425_1.fastq.gz,SRR31847425_2.fastq.gz",,no heatshock,,RNA-Seq,,GSM8703475,,,,,,,,,,Public,,Illumina NovaSeq 6000,,HeLa,,auto,,,,
787497355313213050,RNA-seq HeLa;HEK293;A431,436972302574544055,HEK293_Hs_DMSO_no_drug_rep3_GSE269144,false,RNA-Seq,"{'id': 'Hs', 'name': 'Human'}",,"SRR29294586_1.fastq.gz,SRR29294586_2.fastq.gz",,"DMSO, no drug",,RNA-Seq,,GSM8306971,,,,,,,,,,Public,,Illumina HiSeq 4000,,HEK293,,auto,,,,
787497355313213050,RNA-seq HeLa;HEK293;A431,758245307538294303,HeLa_Hs_DMSO_rep3_GSE280639,false,RNA-Seq,"{'id': 'Hs', 'name': 'Human'}",,"SRR31157007_1.fastq.gz,SRR31157007_2.fastq.gz",,DMSO,,RNA-Seq,,GSM8602757,,,,,,,,,,Public,,Illumina HiSeq 2500,,HeLa,,auto,,,,
787497355313213050,RNA-seq HeLa;HEK293;A431,642847191555179571,HEK293_Hs_DMSO_no_drug_rep1_GSE269144,false,RNA-Seq,"{'id': 'Hs', 'name': 'Human'}",,"SRR29294588_1.fastq.gz,SRR29294588_2.fastq.gz",,"DMSO, no drug",,RNA-Seq,,GSM8306969,,,,,,,,,,Public,,Illumina HiSeq 4000,,HEK293,,auto,,,,
787497355313213050,RNA-seq HeLa;HEK293;A431,206869687126657018,HEK293_Hs_mock_rep2_GSE267610,false,RNA-Seq,"{'id': 'Hs', 'name': 'Human'}",,SRR29044609.fastq.gz,,,,RNA-Seq,,GSM8270113,,,,,,,,,,Public,,Illumina NextSeq 500,,HEK293,,auto,,,,
787497355313213050,RNA-seq HeLa;HEK293;A431,669152004823180694,HEK293_Hs_mock_rep1_GSE267610,false,RNA-Seq,"{'id': 'Hs', 'name': 'Human'}",,SRR29044610.fastq.gz,,,,RNA-Seq,,GSM8270112,,,,,,,,,,Public,,Illumina NextSeq 500,,HEK293,,auto,,,,
787497355313213050,RNA-seq HeLa;HEK293;A431,333906073352871306,HEK293_control_rep2_Hs_non_treated_GSE255201,false,RNA-Seq,"{'id': 'Hs', 'name': 'Human'}",,"SRR27891884_1.fastq.gz,SRR27891884_2.fastq.gz",,non-treated,,RNA-Seq,,GSM8065686,,,,,,,,,,Public,,Illumina NovaSeq 6000,,HEK293,,auto,,,,
787497355313213050,RNA-seq HeLa;HEK293;A431,535575696617096609,HeLa_cell_line_Hs_GSE278255_SRR30819772_rep2,false,RNA-Seq,"{'id': 'Hs', 'name': 'Human'}",,"SRR30819772_1.fastq.gz,SRR30819772_2.fastq.gz",,,,RNA-Seq,,GSM8542631,,,,,,,,,,Public,,Illumina NovaSeq 6000,,HeLa,,auto,,,,
787497355313213050,RNA-seq HeLa;HEK293;A431,164155684493438699,HeLa_cells_Hs_no_heatshock_GSE285497_SRR31847412_6_1,false,RNA-Seq,"{'id': 'Hs', 'name': 'Human'}",,"SRR31847412_1.fastq.gz,SRR31847412_2.fastq.gz",,no heatshock,,RNA-Seq,,GSM8703488,,,,,,,,,,Public,,Illumina NovaSeq 6000,,HeLa,,auto,,,,
787497355313213050,RNA-seq HeLa;HEK293;A431,638805457606381172,HEK293_Hs_no_heatshock_GSE285497_SRR31847458_1_B2,false,RNA-Seq,"{'id': 'Hs', 'name': 'Human'}",,"SRR31847458_1.fastq.gz,SRR31847458_2.fastq.gz",,no heatshock,,RNA-Seq,,GSM8703442,,,,,,,,,,Public,,Illumina NovaSeq 6000,,HEK293,,auto,,,,
787497355313213050,RNA-seq HeLa;HEK293;A431,781905324282574898,HeLa_cells_Hs_no_heatshock_GSE285497_SRR31847423_3,false,RNA-Seq,"{'id': 'Hs', 'name': 'Human'}",,"SRR31847423_1.fastq.gz,SRR31847423_2.fastq.gz",,no heatshock,,RNA-Seq,,GSM8703477,,,,,,,,,,Public,,Illumina NovaSeq 6000,,HeLa,,auto,,,,
787497355313213050,RNA-seq HeLa;HEK293;A431,755212759244418452,HEK293_Hs_Control_Total_GSE277746,false,RNA-Seq,"{'id': 'Hs', 'name': 'Human'}",,SRR30758591.fastq.gz,,,,ncRNA-Seq,,GSM8528723,,,,,,,,,,Public,,Illumina NextSeq 500,,HEK293,,auto,,,,
787497355313213050,RNA-seq HeLa;HEK293;A431,935921062952238841,HEK293_Hs_no_heatshock_GSE285497_SRR31847452_2_B2,false,RNA-Seq,"{'id': 'Hs', 'name': 'Human'}",,"SRR31847452_1.fastq.gz,SRR31847452_2.fastq.gz",,no heatshock,,RNA-Seq,,GSM8703448,,,,,,,,,,Public,,Illumina NovaSeq 6000,,HEK293,,auto,,,,
787497355313213050,RNA-seq HeLa;HEK293;A431,593381202304838689,HeLa_cell_line_Hs_GSE278255_SRR30819776_rep1,false,RNA-Seq,"{'id': 'Hs', 'name': 'Human'}",,"SRR30819776_1.fastq.gz,SRR30819776_2.fastq.gz",,,,RNA-Seq,,GSM8542630,,,,,,,,,,Public,,Illumina NovaSeq 6000,,HeLa,,auto,,,,
787497355313213050,RNA-seq HeLa;HEK293;A431,555786601253139106,HEK293_cells_Hs_WT_GSE254916,false,RNA-Seq,"{'id': 'Hs', 'name': 'Human'}",,"SRR27845552_1.fastq.gz,SRR27845552_2.fastq.gz",,,,RNA-Seq,,GSM8060194,,,,,,,,,,Public,,Illumina NovaSeq 6000,,HEK293,,auto,,,,
787497355313213050,RNA-seq HeLa;HEK293;A431,172495716416545000,HeLa_cells_Hs_no_heatshock_GSE285497_SRR31847420_3_B2,false,RNA-Seq,"{'id': 'Hs', 'name': 'Human'}",,"SRR31847420_1.fastq.gz,SRR31847420_2.fastq.gz",,no heatshock,,RNA-Seq,,GSM8703480,,,,,,,,,,Public,,Illumina NovaSeq 6000,,HeLa,,auto,,,,
787497355313213050,RNA-seq HeLa;HEK293;A431,684159742527248925,HEK293_Hs_mock_rep3_GSE267610,false,RNA-Seq,"{'id': 'Hs', 'name': 'Human'}",,SRR29044608.fastq.gz,,,,RNA-Seq,,GSM8270114,,,,,,,,,,Public,,Illumina NextSeq 500,,HEK293,,auto,,,,
787497355313213050,RNA-seq HeLa;HEK293;A431,703383812852023014,HEK293_Hs_no_heatshock_GSE285497_SRR31847449_3,false,RNA-Seq,"{'id': 'Hs', 'name': 'Human'}",,"SRR31847449_1.fastq.gz,SRR31847449_2.fastq.gz",,no heatshock,,RNA-Seq,,GSM8703451,,,,,,,,,,Public,,Illumina NovaSeq 6000,,HEK293,,auto,,,,
422456844677891835,ENCORE Data,869945635985264779,YTHDC15096_Hs_K562_IP_rep1,false,CLIP,"{'id': 'Hs', 'name': 'Human'}",42025161,SRR36651643.fastq.gz,,IP,,eCLIP,NNNNNNNNNN,GSM9427113,UCSD,Gene Yeo,,YTHDC1,,,,,,Brian Yee,,Illumina NovaSeq X Plus,,K562,,,,,,
422456844677891835,ENCORE Data,457334263085138578,SNRNP2004152_Hs_K562_IP_rep2,false,CLIP,"{'id': 'Hs', 'name': 'Human'}",42025161,SRR36648007.fastq.gz,,IP,,eCLIP,NNNNNNNNNN,GSM9426022,UCSD,Gene Yeo,,SNRNP200,,,,,,Brian Yee,,Illumina HiSeq 4000,,K562,,,,,,
422456844677891835,ENCORE Data,737795234359342030,EIF2S15130_Hs_K562_INPUT_rep1,false,CLIP,"{'id': 'Hs', 'name': 'Human'}",42025161,SRR36651582.fastq.gz,,INPUT,,eCLIP,NNNNNNNNNN,GSM9427126,UCSD,Gene Yeo,,SMInput,,,,,,Brian Yee,,Illumina HiSeq 4000,,K562,,,,,,
422456844677891835,ENCORE Data,201136989690414186,DEK4146_Hs_HepG2_INPUT_rep1,false,CLIP,"{'id': 'Hs', 'name': 'Human'}",42025161,SRR36647848.fastq.gz,,,,eCLIP,NNNNNNNNNN,GSM9425829,UCSD,Gene Yeo,,SMInput,,,,,,Brian Yee,,Illumina,,HepG2,,,,,,
422456844677891835,ENCORE Data,841953502878589413,PRPF394068_Hs_K562_IP_rep1,false,CLIP,"{'id': 'Hs', 'name': 'Human'}",42025161,SRR36648021.fastq.gz,,IP,,eCLIP,NNNNNNNNNN,GSM9425960,UCSD,Gene Yeo,,PRPF39,,,,,,Brian Yee,,Illumina HiSeq 4000,,K562,,,,,,
422456844677891835,ENCORE Data,387937648496425943,SRSF94132_Hs_K562_IP_rep2,false,CLIP,"{'id': 'Hs', 'name': 'Human'}",42025161,SRR36647867.fastq.gz,,IP,,eCLIP,NNNNNNNNNN,GSM9425986,UCSD,Gene Yeo,,SRSF9,,,,,,Brian Yee,,Illumina HiSeq 4000,,K562,,,,,,
422456844677891835,ENCORE Data,607655582781636477,EED4223_Hs_K562_INPUT_rep2,false,CLIP,"{'id': 'Hs', 'name': 'Human'}",42025161,SRR36647926.fastq.gz,,INPUT,,eCLIP,NNNNNNNNNN,GSM9426039,UCSD,Gene Yeo,,SMInput,,,,,,Brian Yee,,Illumina HiSeq 4000,,K562,,,,,,
422456844677891835,ENCORE Data,460506321819118034,METTL14225_Hs_K562_IP_rep2,false,CLIP,"{'id': 'Hs', 'name': 'Human'}",42025161,SRR36647999.fastq.gz,,IP,,eCLIP,NNNNNNNNNN,GSM9426030,UCSD,Gene Yeo,,METTL1,,,,,,Brian Yee,,Illumina HiSeq 4000,,K562,,,,,,
422456844677891835,ENCORE Data,408018249032582131,PTBP15030_Hs_K562_INPUT_rep2,false,CLIP,"{'id': 'Hs', 'name': 'Human'}",42025161,SRR36651592.fastq.gz,,INPUT,,eCLIP,NNNNNNNNNN,GSM9427068,UCSD,Gene Yeo,,SMInput,,,,,,Brian Yee,,Illumina NovaSeq X Plus,,K562,,,,,,
422456844677891835,ENCORE Data,447145816159179803,MBNL14056_Hs_K562_IP_rep1,false,CLIP,"{'id': 'Hs', 'name': 'Human'}",42025161,SRR36647873.fastq.gz,,,,eCLIP,NNNNNNNNNN,GSM9425932,UCSD,Gene Yeo,,MBNL1,,,,,,Brian Yee,,Illumina,,K562,,,,,,
422456844677891835,ENCORE Data,751565263681816162,EIF2S15130_Hs_K562_IP_rep2,false,CLIP,"{'id': 'Hs', 'name': 'Human'}",42025161,SRR36651581.fastq.gz,,IP,,eCLIP,NNNNNNNNNN,GSM9427127,UCSD,Gene Yeo,,EIF2S1,,,,,,Brian Yee,,Illumina HiSeq 4000,,K562,,,,,,
422456844677891835,ENCORE Data,407440928280948571,TIAL15014_Hs_K562_INPUT_rep2,false,CLIP,"{'id': 'Hs', 'name': 'Human'}",42025161,SRR36651710.fastq.gz,,,,eCLIP,NNNNNNNNNN,GSM9427096,UCSD,Gene Yeo,,SMInput,,,,,,Brian Yee,,Illumina,,K562,,,,,,
422456844677891835,ENCORE Data,387206363298869385,QKI5007_Hs_K562_IP_rep1,false,CLIP,"{'id': 'Hs', 'name': 'Human'}",42025161,SRR36651591.fastq.gz,,IP,,eCLIP,NNNNNNNNNN,GSM9427069,UCSD,Gene Yeo,,QKI,,,,,,Brian Yee,,Illumina NovaSeq X Plus,,K562,,,,,,
422456844677891835,ENCORE Data,303113890602819853,CNOT24191_Hs_HepG2_INPUT_rep1,false,CLIP,"{'id': 'Hs', 'name': 'Human'}",42025161,SRR36647976.fastq.gz,,INPUT,,eCLIP,NNNNNNNNNN,GSM9425845,UCSD,Gene Yeo,,SMInput,,,,,,Brian Yee,,Illumina HiSeq 4000,,HepG2,,,,,,
422456844677891835,ENCORE Data,304582499883535007,FXR24098_Hs_HepG2_INPUT_rep1,false,CLIP,"{'id': 'Hs', 'name': 'Human'}",42025161,SRR36648056.fastq.gz,,,,eCLIP,NNNNNNNNNN,GSM9425781,UCSD,Gene Yeo,,SMInput,,,,,,Brian Yee,,Illumina,,HepG2,,,,,,
422456844677891835,ENCORE Data,176564806137401905,SNRNP2004212_Hs_HepG2_INPUT_rep2,false,CLIP,"{'id': 'Hs', 'name': 'Human'}",42025161,SRR36647970.fastq.gz,,INPUT,,eCLIP,NNNNNNNNNN,GSM9425851,UCSD,Gene Yeo,,SMInput,,,,,,Brian Yee,,Illumina HiSeq 4000,,HepG2,,,,,,
422456844677891835,ENCORE Data,286194622235457487,EIF3A4138_Hs_K562_IP_rep2,false,CLIP,"{'id': 'Hs', 'name': 'Human'}",42025161,SRR36647795.fastq.gz,,IP,,eCLIP,NNNNNNNNNN,GSM9426010,UCSD,Gene Yeo,,EIF3A,,,,,,Brian Yee,,Illumina HiSeq 4000,,K562,,,,,,
422456844677891835,ENCORE Data,778315723023916314,EIF4E4082_Hs_HepG2_INPUT_rep2,false,CLIP,"{'id': 'Hs', 'name': 'Human'}",42025161,SRR36648046.fastq.gz,,INPUT,,eCLIP,NNNNNNNNNN,GSM9425791,UCSD,Gene Yeo,,SMInput,,,,,,Brian Yee,,Illumina NovaSeq 6000,,HepG2,,,,,,
422456844677891835,ENCORE Data,664576932524504902,CXXC14088_Hs_K562_INPUT_rep2,false,CLIP,"{'id': 'Hs', 'name': 'Human'}",42025161,SRR36648014.fastq.gz,,INPUT,,eCLIP,NNNNNNNNNN,GSM9425967,UCSD,Gene Yeo,,SMInput,,,,,,Brian Yee,,Illumina HiSeq 4000,,K562,,,,,,
422456844677891835,ENCORE Data,762197109241978565,CNOT35133_Hs_K562_IP_rep1,false,CLIP,"{'id': 'Hs', 'name': 'Human'}",42025161,SRR36651639.fastq.gz,,IP,,eCLIP,NNNNNNNNNN,GSM9427117,UCSD,Gene Yeo,,CNOT3,,,,,,Brian Yee,,Illumina HiSeq 4000,,K562,,,,,,
422456844677891835,ENCORE Data,704850814526780469,EEF24037_Hs_K562_IP_rep1,false,CLIP,"{'id': 'Hs', 'name': 'Human'}",42025161,SRR36648033.fastq.gz,,IP,,eCLIP,NNNNNNNNNN,GSM9425900,UCSD,Gene Yeo,,EEF2,,,,,,Brian Yee,,Illumina HiSeq 4000,,K562,,,,,,
422456844677891835,ENCORE Data,898400288842481386,USP395116_Hs_K562_INPUT_rep1,false,CLIP,"{'id': 'Hs', 'name': 'Human'}",42025161,SRR36651574.fastq.gz,,INPUT,,eCLIP,NNNNNNNNNN,GSM9427134,UCSD,Gene Yeo,,SMInput,,,,,,Brian Yee,,Illumina HiSeq 4000,,K562,,,,,,
422456844677891835,ENCORE Data,659675275077730656,GARS4040_Hs_K562_IP_rep1,false,CLIP,"{'id': 'Hs', 'name': 'Human'}",42025161,SRR36647965.fastq.gz,,IP,,eCLIP,NNNNNNNNNN,GSM9425904,UCSD,Gene Yeo,,GARS,,,,,,Brian Yee,,Illumina HiSeq 4000,,K562,,,,,,
422456844677891835,ENCORE Data,550782818121264452,FMRP4030_Hs_K562_INPUT_rep1,false,CLIP,"{'id': 'Hs', 'name': 'Human'}",42025161,SRR36647812.fastq.gz,,INPUT,,eCLIP,NNNNNNNNNN,GSM9425945,UCSD,Gene Yeo,,SMInput,,,,,,Brian Yee,,Illumina NovaSeq 6000,,K562,,,,,,
422456844677891835,ENCORE Data,710647621758120585,YTHDF25108_Hs_K562_IP_rep2,false,CLIP,"{'id': 'Hs', 'name': 'Human'}",42025161,SRR36651693.fastq.gz,,IP,,eCLIP,NNNNNNNNNN,GSM9426919,UCSD,Gene Yeo,,YTHDF2,,,,,,Brian Yee,,Illumina NovaSeq X Plus,,K562,,,,,,
422456844677891835,ENCORE Data,114126373322182668,QKI5007_Hs_K562_INPUT_rep1,false,CLIP,"{'id': 'Hs', 'name': 'Human'}",42025161,SRR36651590.fastq.gz,,INPUT,,eCLIP,NNNNNNNNNN,GSM9427070,UCSD,Gene Yeo,,SMInput,,,,,,Brian Yee,,Illumina NovaSeq X Plus,,K562,,,,,,
422456844677891835,ENCORE Data,872666647090339801,FXR24002_Hs_K562_INPUT_rep1,false,CLIP,"{'id': 'Hs', 'name': 'Human'}",42025161,SRR36647888.fastq.gz,,INPUT,,eCLIP,NNNNNNNNNN,GSM9425869,UCSD,Gene Yeo,,SMInput,,,,,,Brian Yee,,Illumina HiSeq 4000,,K562,,,,,,
422456844677891835,ENCORE Data,621191283785353717,PRPF394114_Hs_HepG2_INPUT_rep1,false,CLIP,"{'id': 'Hs', 'name': 'Human'}",42025161,SRR36647984.fastq.gz,,INPUT,,eCLIP,NNNNNNNNNN,GSM9425805,UCSD,Gene Yeo,,SMInput,,,,,,Brian Yee,,Illumina NovaSeq 6000,,HepG2,,,,,,
422456844677891835,ENCORE Data,905734573724654015,GFPT15078_Hs_K562_INPUT_rep1,false,CLIP,"{'id': 'Hs', 'name': 'Human'}",42025161,SRR36651542.fastq.gz,,INPUT,,eCLIP,NNNNNNNNNN,GSM9427022,UCSD,Gene Yeo,,SMInput,,,,,,Brian Yee,,Illumina NovaSeq X Plus,,K562,,,,,,
422456844677891835,ENCORE Data,923320525248336017,TIAL14221_Hs_K562_INPUT_rep2,false,CLIP,"{'id': 'Hs', 'name': 'Human'}",42025161,SRR36647918.fastq.gz,,INPUT,,eCLIP,NNNNNNNNNN,GSM9426047,UCSD,Gene Yeo,,SMInput,,,,,,Brian Yee,,Illumina HiSeq 4000,,K562,,,,,,
422456844677891835,ENCORE Data,158994025827700440,APEX14028_Hs_K562_IP_rep2,false,CLIP,"{'id': 'Hs', 'name': 'Human'}",42025161,SRR36648027.fastq.gz,,IP,,eCLIP,NNNNNNNNNN,GSM9425954,UCSD,Gene Yeo,,APEX1,,,,,,Brian Yee,,Illumina NovaSeq 6000,,K562,,,,,,
422456844677891835,ENCORE Data,265395144740507355,SNRPD34204_Hs_HepG2_INPUT_rep2,false,CLIP,"{'id': 'Hs', 'name': 'Human'}",42025161,SRR36647902.fastq.gz,,INPUT,,eCLIP,NNNNNNNNNN,GSM9425823,UCSD,Gene Yeo,,SMInput,,,,,,Brian Yee,,Illumina HiSeq 4000,,HepG2,,,,,,
422456844677891835,ENCORE Data,886466055134811508,RYBP4140_Hs_K562_IP_rep1,false,CLIP,"{'id': 'Hs', 'name': 'Human'}",42025161,SRR36647857.fastq.gz,,,,eCLIP,NNNNNNNNNN,GSM9425996,UCSD,Gene Yeo,,RYBP,,,,,,Brian Yee,,Illumina,,K562,,,,,,
422456844677891835,ENCORE Data,634618559967465990,PRKRA5068_Hs_K562_INPUT_rep1,false,CLIP,"{'id': 'Hs', 'name': 'Human'}",42025161,SRR36651654.fastq.gz,,INPUT,,eCLIP,NNNNNNNNNN,GSM9427054,UCSD,Gene Yeo,,SMInput,,,,,,Brian Yee,,Illumina NovaSeq X Plus,,K562,,,,,,
787497355313213050,RNA-seq HeLa;HEK293;A431,825837683878571234,HEK293_Hs_Control_1_GSE299443,false,RNA-Seq,"{'id': 'Hs', 'name': 'Human'}",,SRR33913012.fastq.gz,,,,RNA-Seq,,GSM9039311,,,,,,,,,,Public,,DNBSEQ-T7,,HEK293,,auto,,,,
422456844677891835,ENCORE Data,450513809235817583,EIF3B5061_Hs_K562_IP_rep1,false,CLIP,"{'id': 'Hs', 'name': 'Human'}",42025161,SRR36651619.fastq.gz,,IP,,eCLIP,NNNNNNNNNN,GSM9426993,UCSD,Gene Yeo,,EIF3B,,,,,,Brian Yee,,Illumina NovaSeq X Plus,,K562,,,,,,
422456844677891835,ENCORE Data,337477051456932671,TIAL15080_Hs_K562_INPUT_rep2,false,CLIP,"{'id': 'Hs', 'name': 'Human'}",42025161,SRR36651706.fastq.gz,,INPUT,,eCLIP,NNNNNNNNNN,GSM9427100,UCSD,Gene Yeo,,SMInput,,,,,,Brian Yee,,Illumina NovaSeq X Plus,,K562,,,,,,
422456844677891835,ENCORE Data,230291109202371402,ADAT14217_Hs_K562_IP_rep2,false,CLIP,"{'id': 'Hs', 'name': 'Human'}",42025161,SRR36648003.fastq.gz,,IP,,eCLIP,NNNNNNNNNN,GSM9426026,UCSD,Gene Yeo,,ADAT1,,,,,,Brian Yee,,Illumina HiSeq 4000,,K562,,,,,,
422456844677891835,ENCORE Data,960717478023911865,PRPF394068_Hs_K562_IP_rep2,false,CLIP,"{'id': 'Hs', 'name': 'Human'}",42025161,SRR36648019.fastq.gz,,IP,,eCLIP,NNNNNNNNNN,GSM9425962,UCSD,Gene Yeo,,PRPF39,,,,,,Brian Yee,,Illumina HiSeq 4000,,K562,,,,,,
422456844677891835,ENCORE Data,455692387510494442,RBM55018_Hs_K562_IP_rep1,false,CLIP,"{'id': 'Hs', 'name': 'Human'}",42025161,SRR36651535.fastq.gz,,,,eCLIP,NNNNNNNNNN,GSM9427077,UCSD,Gene Yeo,,RBM5,,,,,,Brian Yee,,Illumina,,K562,,,,,,
422456844677891835,ENCORE Data,251277793150196428,EIF4E4018_Hs_K562_IP_rep2,false,CLIP,"{'id': 'Hs', 'name': 'Human'}",42025161,SRR36648039.fastq.gz,,IP,,eCLIP,NNNNNNNNNN,GSM9425894,UCSD,Gene Yeo,,EIF4E,,,,,,Brian Yee,,Illumina HiSeq 4000,,K562,,,,,,
422456844677891835,ENCORE Data,984231219434188256,SFPQ5125_Hs_K562_IP_rep2,false,CLIP,"{'id': 'Hs', 'name': 'Human'}",42025161,SRR36651573.fastq.gz,,IP,,eCLIP,NNNNNNNNNN,GSM9426943,UCSD,Gene Yeo,,SFPQ,,,,,,Brian Yee,,Illumina HiSeq 4000,,K562,,,,,,
422456844677891835,ENCORE Data,869194609199218564,FMRP4030_Hs_K562_IP_rep2,false,CLIP,"{'id': 'Hs', 'name': 'Human'}",42025161,SRR36647811.fastq.gz,,IP,,eCLIP,NNNNNNNNNN,GSM9425946,UCSD,Gene Yeo,,FMRP,,,,,,Brian Yee,,Illumina NovaSeq 6000,,K562,,,,,,
422456844677891835,ENCORE Data,222886615941387115,NONO4084_Hs_HepG2_IP_rep2,false,CLIP,"{'id': 'Hs', 'name': 'Human'}",42025161,SRR36647911.fastq.gz,,IP,,eCLIP,NNNNNNNNNN,GSM9425814,UCSD,Gene Yeo,,NONO,,,,,,Brian Yee,,Illumina HiSeq 4000,,HepG2,,,,,,
422456844677891835,ENCORE Data,802990966594812946,PTBP15015_Hs_K562_INPUT_rep1,false,CLIP,"{'id': 'Hs', 'name': 'Human'}",42025161,SRR36651598.fastq.gz,,INPUT,,eCLIP,NNNNNNNNNN,GSM9427062,UCSD,Gene Yeo,,SMInput,,,,,,Brian Yee,,Illumina NovaSeq X Plus,,K562,,,,,,
422456844677891835,ENCORE Data,141557384639074962,EIF3A4138_Hs_K562_INPUT_rep2,false,CLIP,"{'id': 'Hs', 'name': 'Human'}",42025161,SRR36647794.fastq.gz,,INPUT,,eCLIP,NNNNNNNNNN,GSM9426011,UCSD,Gene Yeo,,SMInput,,,,,,Brian Yee,,Illumina HiSeq 4000,,K562,,,,,,
422456844677891835,ENCORE Data,846733987085263352,ADAR4137_Hs_K562_IP_rep1,false,CLIP,"{'id': 'Hs', 'name': 'Human'}",42025161,SRR36648013.fastq.gz,,IP,,eCLIP,NNNNNNNNNN,GSM9426016,UCSD,Gene Yeo,,ADAR,,,,,,Brian Yee,,Illumina HiSeq 4000,,K562,,,,,,
422456844677891835,ENCORE Data,677368139931230275,CACTIN4158_Hs_K562_IP_rep1,false,CLIP,"{'id': 'Hs', 'name': 'Human'}",42025161,SRR36647945.fastq.gz,,IP,,eCLIP,NNNNNNNNNN,GSM9425972,UCSD,Gene Yeo,,CACTIN,,,,,,Brian Yee,,Illumina HiSeq 4000,,K562,,,,,,
422456844677891835,ENCORE Data,822429025567869960,PABPN15062_Hs_HepG2_IP_rep2,false,CLIP,"{'id': 'Hs', 'name': 'Human'}",42025161,SRR36651565.fastq.gz,,IP,,eCLIP,NNNNNNNNNN,GSM9426951,UCSD,Gene Yeo,,PABPN1,,,,,,Brian Yee,,Illumina HiSeq 4000,,HepG2,,,,,,
422456844677891835,ENCORE Data,579400412836958136,PDCD45075_Hs_K562_IP_rep1,false,CLIP,"{'id': 'Hs', 'name': 'Human'}",42025161,SRR36651663.fastq.gz,,IP,,eCLIP,NNNNNNNNNN,GSM9427045,UCSD,Gene Yeo,,PDCD4,,,,,,Brian Yee,,Illumina NovaSeq X Plus,,K562,,,,,,
422456844677891835,ENCORE Data,449290347392724287,DDX55094_Hs_K562_IP_rep1,false,CLIP,"{'id': 'Hs', 'name': 'Human'}",42025161,SRR36651737.fastq.gz,,IP,,eCLIP,NNNNNNNNNN,GSM9426973,UCSD,Gene Yeo,,DDX5,,,,,,Brian Yee,,Illumina NovaSeq X Plus,,K562,,,,,,
422456844677891835,ENCORE Data,887543671875808899,NCBP15121_Hs_K562_INPUT_rep2,false,CLIP,"{'id': 'Hs', 'name': 'Human'}",42025161,SRR36651628.fastq.gz,,INPUT,,eCLIP,NNNNNNNNNN,GSM9426936,UCSD,Gene Yeo,,SMInput,,,,,,Brian Yee,,Illumina HiSeq 4000,,K562,,,,,,
422456844677891835,ENCORE Data,515723339579692811,METTL14225_Hs_K562_INPUT_rep2,false,CLIP,"{'id': 'Hs', 'name': 'Human'}",42025161,SRR36647998.fastq.gz,,INPUT,,eCLIP,NNNNNNNNNN,GSM9426031,UCSD,Gene Yeo,,SMInput,,,,,,Brian Yee,,Illumina HiSeq 4000,,K562,,,,,,
422456844677891835,ENCORE Data,243943571155730932,MBNL14056_Hs_K562_INPUT_rep1,false,CLIP,"{'id': 'Hs', 'name': 'Human'}",42025161,SRR36647872.fastq.gz,,,,eCLIP,NNNNNNNNNN,GSM9425933,UCSD,Gene Yeo,,SMInput,,,,,,Brian Yee,,Illumina,,K562,,,,,,
422456844677891835,ENCORE Data,724553014245032724,CNOT35133_Hs_K562_INPUT_rep1,false,CLIP,"{'id': 'Hs', 'name': 'Human'}",42025161,SRR36651638.fastq.gz,,INPUT,,eCLIP,NNNNNNNNNN,GSM9427118,UCSD,Gene Yeo,,SMInput,,,,,,Brian Yee,,Illumina HiSeq 4000,,K562,,,,,,
422456844677891835,ENCORE Data,490002960387059936,DDX434160_Hs_K562_IP_rep2,false,CLIP,"{'id': 'Hs', 'name': 'Human'}",42025161,SRR36647863.fastq.gz,,,,eCLIP,NNNNNNNNNN,GSM9425990,UCSD,Gene Yeo,,DDX43,,,,,,Brian Yee,,Illumina,,K562,,,,,,
422456844677891835,ENCORE Data,892855205438049852,EEF24037_Hs_K562_IP_rep2,false,CLIP,"{'id': 'Hs', 'name': 'Human'}",42025161,SRR36648031.fastq.gz,,IP,,eCLIP,NNNNNNNNNN,GSM9425902,UCSD,Gene Yeo,,EEF2,,,,,,Brian Yee,,Illumina HiSeq 4000,,K562,,,,,,
422456844677891835,ENCORE Data,542789191054200268,ELAVL14083_Hs_HepG2_INPUT_rep2,false,CLIP,"{'id': 'Hs', 'name': 'Human'}",42025161,SRR36647990.fastq.gz,,INPUT,,eCLIP,NNNNNNNNNN,GSM9425799,UCSD,Gene Yeo,,SMInput,,,,,,Brian Yee,,Illumina NovaSeq 6000,,HepG2,,,,,,
422456844677891835,ENCORE Data,310813972782894856,QKI5007_Hs_K562_INPUT_rep2,false,CLIP,"{'id': 'Hs', 'name': 'Human'}",42025161,SRR36651540.fastq.gz,,INPUT,,eCLIP,NNNNNNNNNN,GSM9427072,UCSD,Gene Yeo,,SMInput,,,,,,Brian Yee,,Illumina NovaSeq X Plus,,K562,,,,,,
422456844677891835,ENCORE Data,827898720148247588,NSUN44047_Hs_K562_IP_rep1,false,CLIP,"{'id': 'Hs', 'name': 'Human'}",42025161,SRR36647957.fastq.gz,,IP,,eCLIP,NNNNNNNNNN,GSM9425912,UCSD,Gene Yeo,,NSUN4,,,,,,Brian Yee,,Illumina HiSeq 4000,,K562,,,,,,
422456844677891835,ENCORE Data,940593389315259860,DEK4146_Hs_HepG2_INPUT_rep2,false,CLIP,"{'id': 'Hs', 'name': 'Human'}",42025161,SRR36647846.fastq.gz,,,,eCLIP,NNNNNNNNNN,GSM9425831,UCSD,Gene Yeo,,SMInput,,,,,,Brian Yee,,Illumina,,HepG2,,,,,,
422456844677891835,ENCORE Data,373162542313316344,RPS64012_Hs_K562_INPUT_rep1,false,CLIP,"{'id': 'Hs', 'name': 'Human'}",42025161,SRR36647824.fastq.gz,,INPUT,,eCLIP,NNNNNNNNNN,GSM9425885,UCSD,Gene Yeo,,SMInput,,,,,,Brian Yee,,Illumina HiSeq 4000,,K562,,,,,,
422456844677891835,ENCORE Data,810205058837964524,GARS4040_Hs_K562_IP_rep2,false,CLIP,"{'id': 'Hs', 'name': 'Human'}",42025161,SRR36647963.fastq.gz,,IP,,eCLIP,NNNNNNNNNN,GSM9425906,UCSD,Gene Yeo,,GARS,,,,,,Brian Yee,,Illumina HiSeq 4000,,K562,,,,,,
422456844677891835,ENCORE Data,686394017319914773,FUBP14055_Hs_K562_INPUT_rep1,false,CLIP,"{'id': 'Hs', 'name': 'Human'}",42025161,SRR36647880.fastq.gz,,INPUT,,eCLIP,NNNNNNNNNN,GSM9425925,UCSD,Gene Yeo,,SMInput,,,,,,Brian Yee,,Illumina HiSeq 4000,,K562,,,,,,
422456844677891835,ENCORE Data,663837928102351727,EIF2S15130_Hs_K562_INPUT_rep2,false,CLIP,"{'id': 'Hs', 'name': 'Human'}",42025161,SRR36651580.fastq.gz,,INPUT,,eCLIP,NNNNNNNNNN,GSM9427128,UCSD,Gene Yeo,,SMInput,,,,,,Brian Yee,,Illumina HiSeq 4000,,K562,,,,,,
422456844677891835,ENCORE Data,363783739922246058,USP395116_Hs_K562_INPUT_rep2,false,CLIP,"{'id': 'Hs', 'name': 'Human'}",42025161,SRR36651752.fastq.gz,,INPUT,,eCLIP,NNNNNNNNNN,GSM9427136,UCSD,Gene Yeo,,SMInput,,,,,,Brian Yee,,Illumina HiSeq 4000,,K562,,,,,,
422456844677891835,ENCORE Data,146297813794032387,DDX14231_Hs_K562_INPUT_rep1,false,CLIP,"{'id': 'Hs', 'name': 'Human'}",42025161,SRR36647932.fastq.gz,,INPUT,,eCLIP,NNNNNNNNNN,GSM9426033,UCSD,Gene Yeo,,SMInput,,,,,,Brian Yee,,Illumina HiSeq 4000,,K562,,,,,,
422456844677891835,ENCORE Data,384865752230779562,ELAC24224_Hs_K562_IP_rep1,false,CLIP,"{'id': 'Hs', 'name': 'Human'}",42025161,SRR36647925.fastq.gz,,IP,,eCLIP,NNNNNNNNNN,GSM9426040,UCSD,Gene Yeo,,ELAC2,,,,,,Brian Yee,,Illumina HiSeq 4000,,K562,,,,,,
422456844677891835,ENCORE Data,228423965991493446,TDP434014_Hs_K562_IP_rep1,false,CLIP,"{'id': 'Hs', 'name': 'Human'}",42025161,SRR36648045.fastq.gz,,IP,,eCLIP,NNNNNNNNNN,GSM9425888,UCSD,Gene Yeo,,TDP43,,,,,,Brian Yee,,Illumina HiSeq 4000,,K562,,,,,,
422456844677891835,ENCORE Data,737765915295650731,EIF64222_Hs_K562_INPUT_rep2,false,CLIP,"{'id': 'Hs', 'name': 'Human'}",42025161,SRR36647802.fastq.gz,,INPUT,,eCLIP,NNNNNNNNNN,GSM9426003,UCSD,Gene Yeo,,SMInput,,,,,,Brian Yee,,Illumina HiSeq 4000,,K562,,,,,,
422456844677891835,ENCORE Data,819011729178675676,IGF2BP15093_Hs_K562_INPUT_rep2,false,CLIP,"{'id': 'Hs', 'name': 'Human'}",42025161,SRR36651730.fastq.gz,,INPUT,,eCLIP,NNNNNNNNNN,GSM9427028,UCSD,Gene Yeo,,SMInput,,,,,,Brian Yee,,Illumina NovaSeq X Plus,,K562,,,,,,
422456844677891835,ENCORE Data,278853598689084049,NONO4084_Hs_HepG2_INPUT_rep2,false,CLIP,"{'id': 'Hs', 'name': 'Human'}",42025161,SRR36647910.fastq.gz,,INPUT,,eCLIP,NNNNNNNNNN,GSM9425815,UCSD,Gene Yeo,,SMInput,,,,,,Brian Yee,,Illumina HiSeq 4000,,HepG2,,,,,,
422456844677891835,ENCORE Data,427048506250700735,DHX384202_Hs_HepG2_IP_rep1,false,CLIP,"{'id': 'Hs', 'name': 'Human'}",42025161,SRR36647969.fastq.gz,,IP,,eCLIP,NNNNNNNNNN,GSM9425852,UCSD,Gene Yeo,,DHX38,,,,,,Brian Yee,,Illumina HiSeq 4000,,HepG2,,,,,,
422456844677891835,ENCORE Data,107262323542957313,EIF2S25023_Hs_K562_INPUT_rep1,false,CLIP,"{'id': 'Hs', 'name': 'Human'}",42025161,SRR36651670.fastq.gz,,INPUT,,eCLIP,NNNNNNNNNN,GSM9426990,UCSD,Gene Yeo,,SMInput,,,,,,Brian Yee,,Illumina NovaSeq X Plus,,K562,,,,,,
422456844677891835,ENCORE Data,302729236977731913,EIF15134_Hs_K562_IP_rep2,false,CLIP,"{'id': 'Hs', 'name': 'Human'}",42025161,SRR36651585.fastq.gz,,IP,,eCLIP,NNNNNNNNNN,GSM9427123,UCSD,Gene Yeo,,EIF1,,,,,,Brian Yee,,Illumina HiSeq 4000,,K562,,,,,,
422456844677891835,ENCORE Data,481975638945402293,CNOT24191_Hs_HepG2_IP_rep2,false,CLIP,"{'id': 'Hs', 'name': 'Human'}",42025161,SRR36647975.fastq.gz,,IP,,eCLIP,NNNNNNNNNN,GSM9425846,UCSD,Gene Yeo,,CNOT2,,,,,,Brian Yee,,Illumina HiSeq 4000,,HepG2,,,,,,
422456844677891835,ENCORE Data,271530452431493604,TAF155013_Hs_K562_INPUT_rep2,false,CLIP,"{'id': 'Hs', 'name': 'Human'}",42025161,SRR36651718.fastq.gz,,INPUT,,eCLIP,NNNNNNNNNN,GSM9427088,UCSD,Gene Yeo,,SMInput,,,,,,Brian Yee,,Illumina NovaSeq X Plus,,K562,,,,,,
422456844677891835,ENCORE Data,812847239200843318,PRPF394114_Hs_HepG2_IP_rep2,false,CLIP,"{'id': 'Hs', 'name': 'Human'}",42025161,SRR36647983.fastq.gz,,IP,,eCLIP,NNNNNNNNNN,GSM9425806,UCSD,Gene Yeo,,PRPF39,,,,,,Brian Yee,,Illumina NovaSeq 6000,,HepG2,,,,,,
422456844677891835,ENCORE Data,642586237703742153,FXR24002_Hs_K562_IP_rep2,false,CLIP,"{'id': 'Hs', 'name': 'Human'}",42025161,SRR36647887.fastq.gz,,IP,,eCLIP,NNNNNNNNNN,GSM9425870,UCSD,Gene Yeo,,FXR2,,,,,,Brian Yee,,Illumina HiSeq 4000,,K562,,,,,,
422456844677891835,ENCORE Data,470445931871428034,EIF3B5061_Hs_K562_IP_rep2,false,CLIP,"{'id': 'Hs', 'name': 'Human'}",42025161,SRR36651617.fastq.gz,,IP,,eCLIP,NNNNNNNNNN,GSM9426995,UCSD,Gene Yeo,,EIF3B,,,,,,Brian Yee,,Illumina NovaSeq X Plus,,K562,,,,,,
422456844677891835,ENCORE Data,109094192506146165,SNRPD34204_Hs_HepG2_INPUT_rep1,false,CLIP,"{'id': 'Hs', 'name': 'Human'}",42025161,SRR36647904.fastq.gz,,INPUT,,eCLIP,NNNNNNNNNN,GSM9425821,UCSD,Gene Yeo,,SMInput,,,,,,Brian Yee,,Illumina HiSeq 4000,,HepG2,,,,,,
422456844677891835,ENCORE Data,493427588295953510,FUBP14055_Hs_K562_IP_rep2,false,CLIP,"{'id': 'Hs', 'name': 'Human'}",42025161,SRR36647879.fastq.gz,,IP,,eCLIP,NNNNNNNNNN,GSM9425926,UCSD,Gene Yeo,,FUBP1,,,,,,Brian Yee,,Illumina HiSeq 4000,,K562,,,,,,
422456844677891835,ENCORE Data,520854220364753046,RYBP4140_Hs_K562_INPUT_rep1,false,CLIP,"{'id': 'Hs', 'name': 'Human'}",42025161,SRR36647856.fastq.gz,,INPUT,,eCLIP,NNNNNNNNNN,GSM9425997,UCSD,Gene Yeo,,SMInput,,,,,,Brian Yee,,Illumina HiSeq 4000,,K562,,,,,,
422456844677891835,ENCORE Data,895088129006074737,EIF4G25065_Hs_K562_INPUT_rep1,false,CLIP,"{'id': 'Hs', 'name': 'Human'}",42025161,SRR36651606.fastq.gz,,INPUT,,eCLIP,NNNNNNNNNN,GSM9427006,UCSD,Gene Yeo,,SMInput,,,,,,Brian Yee,,Illumina NovaSeq X Plus,,K562,,,,,,
422456844677891835,ENCORE Data,135120925816482194,FXR24098_Hs_HepG2_IP_rep2,false,CLIP,"{'id': 'Hs', 'name': 'Human'}",42025161,SRR36648055.fastq.gz,,IP,,eCLIP,NNNNNNNNNN,GSM9425782,UCSD,Gene Yeo,,FXR2,,,,,,Brian Yee,,Illumina HiSeq 4000,,HepG2,,,,,,
422456844677891835,ENCORE Data,804441173048021914,SF3A14117_Hs_HepG2_INPUT_rep1,false,CLIP,"{'id': 'Hs', 'name': 'Human'}",42025161,SRR36647916.fastq.gz,,INPUT,,eCLIP,NNNNNNNNNN,GSM9425809,UCSD,Gene Yeo,,SMInput,,,,,,Brian Yee,,Illumina NovaSeq 6000,,HepG2,,,,,,
422456844677891835,ENCORE Data,160803501058215493,YTHDF25108_Hs_K562_INPUT_rep2,false,CLIP,"{'id': 'Hs', 'name': 'Human'}",42025161,SRR36651692.fastq.gz,,INPUT,,eCLIP,NNNNNNNNNN,GSM9426920,UCSD,Gene Yeo,,SMInput,,,,,,Brian Yee,,Illumina NovaSeq X Plus,,K562,,,,,,
422456844677891835,ENCORE Data,287153960286511656,PTBP15015_Hs_K562_IP_rep2,false,CLIP,"{'id': 'Hs', 'name': 'Human'}",42025161,SRR36651597.fastq.gz,,IP,,eCLIP,NNNNNNNNNN,GSM9427063,UCSD,Gene Yeo,,PTBP1,,,,,,Brian Yee,,Illumina NovaSeq X Plus,,K562,,,,,,
422456844677891835,ENCORE Data,545833618834670090,UBAP2L5090_Hs_K562_IP_rep2,false,CLIP,"{'id': 'Hs', 'name': 'Human'}",42025161,SRR36651653.fastq.gz,,IP,,eCLIP,NNNNNNNNNN,GSM9427103,UCSD,Gene Yeo,,UBAP2L,,,,,,Brian Yee,,Illumina NovaSeq X Plus,,K562,,,,,,
422456844677891835,ENCORE Data,270148577472071811,RPS64012_Hs_K562_IP_rep2,false,CLIP,"{'id': 'Hs', 'name': 'Human'}",42025161,SRR36647823.fastq.gz,,IP,,eCLIP,NNNNNNNNNN,GSM9425886,UCSD,Gene Yeo,,RPS6,,,,,,Brian Yee,,Illumina HiSeq 4000,,K562,,,,,,
422456844677891835,ENCORE Data,695277979864824312,SNRPC4164_Hs_K562_IP_rep2,false,CLIP,"{'id': 'Hs', 'name': 'Human'}",42025161,SRR36647939.fastq.gz,,IP,,eCLIP,NNNNNNNNNN,GSM9425978,UCSD,Gene Yeo,,SNRPC,,,,,,Brian Yee,,Illumina HiSeq 4000,,K562,,,,,,
422456844677891835,ENCORE Data,604205004521337764,BCAT25120_Hs_K562_IP_rep2,false,CLIP,"{'id': 'Hs', 'name': 'Human'}",42025161,SRR36651633.fastq.gz,,IP,,eCLIP,NNNNNNNNNN,GSM9426931,UCSD,Gene Yeo,,BCAT2,,,,,,Brian Yee,,Illumina HiSeq 4000,,K562,,,,,,
422456844677891835,ENCORE Data,860094317222435328,PRPF394068_Hs_K562_INPUT_rep2,false,CLIP,"{'id': 'Hs', 'name': 'Human'}",42025161,SRR36648018.fastq.gz,,INPUT,,eCLIP,NNNNNNNNNN,GSM9425963,UCSD,Gene Yeo,,SMInput,,,,,,Brian Yee,,Illumina HiSeq 4000,,K562,,,,,,
422456844677891835,ENCORE Data,860022087806121520,USP105089_Hs_K562_INPUT_rep2,false,CLIP,"{'id': 'Hs', 'name': 'Human'}",42025161,SRR36651648.fastq.gz,,INPUT,,eCLIP,NNNNNNNNNN,GSM9427108,UCSD,Gene Yeo,,SMInput,,,,,,Brian Yee,,Illumina NovaSeq X Plus,,K562,,,,,,
422456844677891835,ENCORE Data,670905238650673104,FXR14036_Hs_K562_IP_rep2,false,CLIP,"{'id': 'Hs', 'name': 'Human'}",42025161,SRR36647807.fastq.gz,,IP,,eCLIP,NNNNNNNNNN,GSM9425950,UCSD,Gene Yeo,,FXR1,,,,,,Brian Yee,,Illumina NovaSeq 6000,,K562,,,,,,
422456844677891835,ENCORE Data,552720790930338869,TFAM5069_Hs_K562_IP_rep1,false,CLIP,"{'id': 'Hs', 'name': 'Human'}",42025161,SRR36651717.fastq.gz,,,,eCLIP,NNNNNNNNNN,GSM9427089,UCSD,Gene Yeo,,TFAM,,,,,,Brian Yee,,Illumina,,K562,,,,,,
422456844677891835,ENCORE Data,847593885437161775,PRPF394149_Hs_HepG2_INPUT_rep1,false,CLIP,"{'id': 'Hs', 'name': 'Human'}",42025161,SRR36647840.fastq.gz,,INPUT,,eCLIP,NNNNNNNNNN,GSM9425837,UCSD,Gene Yeo,,SMInput,,,,,,Brian Yee,,Illumina HiSeq 4000,,HepG2,,,,,,
422456844677891835,ENCORE Data,997431384629767673,FXR14036_Hs_K562_INPUT_rep2,false,CLIP,"{'id': 'Hs', 'name': 'Human'}",42025161,SRR36647806.fastq.gz,,INPUT,,eCLIP,NNNNNNNNNN,GSM9425951,UCSD,Gene Yeo,,SMInput,,,,,,Brian Yee,,Illumina NovaSeq 6000,,K562,,,,,,
422456844677891835,ENCORE Data,786309938984872624,EIF4E4018_Hs_K562_INPUT_rep2,false,CLIP,"{'id': 'Hs', 'name': 'Human'}",42025161,SRR36648038.fastq.gz,,INPUT,,eCLIP,NNNNNNNNNN,GSM9425895,UCSD,Gene Yeo,,SMInput,,,,,,Brian Yee,,Illumina HiSeq 4000,,K562,,,,,,
422456844677891835,ENCORE Data,832666435761904894,ELAVL14083_Hs_HepG2_IP_rep1,false,CLIP,"{'id': 'Hs', 'name': 'Human'}",42025161,SRR36647993.fastq.gz,,IP,,eCLIP,NNNNNNNNNN,GSM9425796,UCSD,Gene Yeo,,ELAVL1,,,,,,Brian Yee,,Illumina NovaSeq 6000,,HepG2,,,,,,
422456844677891835,ENCORE Data,784741691804101761,GARS4108_Hs_HepG2_IP_rep1,false,CLIP,"{'id': 'Hs', 'name': 'Human'}",42025161,SRR36647989.fastq.gz,,IP,,eCLIP,NNNNNNNNNN,GSM9425800,UCSD,Gene Yeo,,GARS,,,,,,Brian Yee,,Illumina NovaSeq 6000,,HepG2,,,,,,
422456844677891835,ENCORE Data,280874895061156530,NKRF5005_Hs_K562_IP_rep2,false,CLIP,"{'id': 'Hs', 'name': 'Human'}",42025161,SRR36651669.fastq.gz,,IP,,eCLIP,NNNNNNNNNN,GSM9427039,UCSD,Gene Yeo,,NKRF,,,,,,Brian Yee,,Illumina NovaSeq X Plus,,K562,,,,,,
422456844677891835,ENCORE Data,903583823653997385,PDCD45075_Hs_K562_INPUT_rep2,false,CLIP,"{'id': 'Hs', 'name': 'Human'}",42025161,SRR36651660.fastq.gz,,INPUT,,eCLIP,NNNNNNNNNN,GSM9427048,UCSD,Gene Yeo,,SMInput,,,,,,Brian Yee,,Illumina NovaSeq X Plus,,K562,,,,,,
422456844677891835,ENCORE Data,948986964549650604,AGO24116_Hs_K562_IP_rep1,false,CLIP,"{'id': 'Hs', 'name': 'Human'}",42025161,SRR36648025.fastq.gz,,IP,,eCLIP,NNNNNNNNNN,GSM9425956,UCSD,Gene Yeo,,AGO2,,,,,,Brian Yee,,Illumina NovaSeq 6000,,K562,,,,,,
422456844677891835,ENCORE Data,947943031536786049,DEK4004_Hs_K562_IP_rep1,false,CLIP,"{'id': 'Hs', 'name': 'Human'}",42025161,SRR36647837.fastq.gz,,IP,,eCLIP,NNNNNNNNNN,GSM9425872,UCSD,Gene Yeo,,DEK,,,,,,Brian Yee,,Illumina HiSeq 4000,,K562,,,,,,
422456844677891835,ENCORE Data,817247282068177769,SNRPA14203_Hs_HepG2_IP_rep1,false,CLIP,"{'id': 'Hs', 'name': 'Human'}",42025161,SRR36647909.fastq.gz,,IP,,eCLIP,NNNNNNNNNN,GSM9425816,UCSD,Gene Yeo,,SNRPA1,,,,,,Brian Yee,,Illumina HiSeq 4000,,HepG2,,,,,,
422456844677891835,ENCORE Data,275489270360336389,DNAJC25084_Hs_K562_INPUT_rep2,false,CLIP,"{'id': 'Hs', 'name': 'Human'}",42025161,SRR36651680.fastq.gz,,INPUT,,eCLIP,NNNNNNNNNN,GSM9426980,UCSD,Gene Yeo,,SMInput,,,,,,Brian Yee,,Illumina NovaSeq X Plus,,K562,,,,,,
422456844677891835,ENCORE Data,807614387752655174,SFPQ5125_Hs_K562_INPUT_rep2,false,CLIP,"{'id': 'Hs', 'name': 'Human'}",42025161,SRR36651572.fastq.gz,,INPUT,,eCLIP,NNNNNNNNNN,GSM9426944,UCSD,Gene Yeo,,SMInput,,,,,,Brian Yee,,Illumina HiSeq 4000,,K562,,,,,,
422456844677891835,ENCORE Data,190304683264031208,RBM55018_Hs_K562_IP_rep2,false,CLIP,"{'id': 'Hs', 'name': 'Human'}",42025161,SRR36651533.fastq.gz,,IP,,eCLIP,NNNNNNNNNN,GSM9427079,UCSD,Gene Yeo,,RBM5,,,,,,Brian Yee,,Illumina NovaSeq X Plus,,K562,,,,,,
422456844677891835,ENCORE Data,627809049285271440,DDX474050_Hs_K562_INPUT_rep2,false,CLIP,"{'id': 'Hs', 'name': 'Human'}",42025161,SRR36647950.fastq.gz,,INPUT,,eCLIP,NNNNNNNNNN,GSM9425919,UCSD,Gene Yeo,,SMInput,,,,,,Brian Yee,,Illumina HiSeq 4000,,K562,,,,,,
422456844677891835,ENCORE Data,786364492543147415,THOC45123_Hs_K562_IP_rep1,false,CLIP,"{'id': 'Hs', 'name': 'Human'}",42025161,SRR36651627.fastq.gz,,IP,,eCLIP,NNNNNNNNNN,GSM9426937,UCSD,Gene Yeo,,THOC4,,,,,,Brian Yee,,Illumina HiSeq 4000,,K562,,,,,,
422456844677891835,ENCORE Data,586701155008919520,NSUN44047_Hs_K562_INPUT_rep1,false,CLIP,"{'id': 'Hs', 'name': 'Human'}",42025161,SRR36647956.fastq.gz,,INPUT,,eCLIP,NNNNNNNNNN,GSM9425913,UCSD,Gene Yeo,,SMInput,,,,,,Brian Yee,,Illumina HiSeq 4000,,K562,,,,,,
422456844677891835,ENCORE Data,615864218938776336,CACTIN4158_Hs_K562_IP_rep2,false,CLIP,"{'id': 'Hs', 'name': 'Human'}",42025161,SRR36647943.fastq.gz,,IP,,eCLIP,NNNNNNNNNN,GSM9425974,UCSD,Gene Yeo,,CACTIN,,,,,,Brian Yee,,Illumina HiSeq 4000,,K562,,,,,,
422456844677891835,ENCORE Data,307579942661492690,DDX14231_Hs_K562_IP_rep2,false,CLIP,"{'id': 'Hs', 'name': 'Human'}",42025161,SRR36647931.fastq.gz,,IP,,eCLIP,NNNNNNNNNN,GSM9426034,UCSD,Gene Yeo,,DDX1,,,,,,Brian Yee,,Illumina HiSeq 4000,,K562,,,,,,
422456844677891835,ENCORE Data,609858980961094202,ADAT14217_Hs_K562_INPUT_rep2,false,CLIP,"{'id': 'Hs', 'name': 'Human'}",42025161,SRR36648002.fastq.gz,,INPUT,,eCLIP,NNNNNNNNNN,GSM9426027,UCSD,Gene Yeo,,SMInput,,,,,,Brian Yee,,Illumina HiSeq 4000,,K562,,,,,,
422456844677891835,ENCORE Data,102333802313160519,DDX434160_Hs_K562_INPUT_rep2,false,CLIP,"{'id': 'Hs', 'name': 'Human'}",42025161,SRR36647862.fastq.gz,,,,eCLIP,NNNNNNNNNN,GSM9425991,UCSD,Gene Yeo,,SMInput,,,,,,Brian Yee,,Illumina,,K562,,,,,,
422456844677891835,ENCORE Data,903175947871285692,EIF3C5060_Hs_K562_INPUT_rep2,false,CLIP,"{'id': 'Hs', 'name': 'Human'}",42025161,SRR36651612.fastq.gz,,INPUT,,eCLIP,NNNNNNNNNN,GSM9427000,UCSD,Gene Yeo,,SMInput,,,,,,Brian Yee,,Illumina NovaSeq X Plus,,K562,,,,,,
422456844677891835,ENCORE Data,434299874095149097,EEF24037_Hs_K562_INPUT_rep2,false,CLIP,"{'id': 'Hs', 'name': 'Human'}",42025161,SRR36648030.fastq.gz,,INPUT,,eCLIP,NNNNNNNNNN,GSM9425903,UCSD,Gene Yeo,,SMInput,,,,,,Brian Yee,,Illumina HiSeq 4000,,K562,,,,,,
422456844677891835,ENCORE Data,106347864790580114,SNRPC4164_Hs_K562_INPUT_rep2,false,CLIP,"{'id': 'Hs', 'name': 'Human'}",42025161,SRR36647938.fastq.gz,,INPUT,,eCLIP,NNNNNNNNNN,GSM9425979,UCSD,Gene Yeo,,SMInput,,,,,,Brian Yee,,Illumina HiSeq 4000,,K562,,,,,,
422456844677891835,ENCORE Data,358466943068806794,DDX55094_Hs_K562_INPUT_rep1,false,CLIP,"{'id': 'Hs', 'name': 'Human'}",42025161,SRR36651736.fastq.gz,,,,eCLIP,NNNNNNNNNN,GSM9426974,UCSD,Gene Yeo,,SMInput,,,,,,Brian Yee,,Illumina,,K562,,,,,,
422456844677891835,ENCORE Data,877092924254445177,TIAL15080_Hs_K562_INPUT_rep1,false,CLIP,"{'id': 'Hs', 'name': 'Human'}",42025161,SRR36651708.fastq.gz,,INPUT,,eCLIP,NNNNNNNNNN,GSM9427098,UCSD,Gene Yeo,,SMInput,,,,,,Brian Yee,,Illumina NovaSeq X Plus,,K562,,,,,,
422456844677891835,ENCORE Data,649449020936507541,SUZ125033_Hs_K562_INPUT_rep2,false,CLIP,"{'id': 'Hs', 'name': 'Human'}",42025161,SRR36651756.fastq.gz,,INPUT,,eCLIP,NNNNNNNNNN,GSM9427084,UCSD,Gene Yeo,,SMInput,,,,,,Brian Yee,,Illumina NovaSeq X Plus,,K562,,,,,,
422456844677891835,ENCORE Data,843223562121105691,RBM155008_Hs_K562_IP_rep1,false,CLIP,"{'id': 'Hs', 'name': 'Human'}",42025161,SRR36651539.fastq.gz,,,,eCLIP,NNNNNNNNNN,GSM9427073,UCSD,Gene Yeo,,RBM15,,,,,,Brian Yee,,Illumina,,K562,,,,,,
422456844677891835,ENCORE Data,280824468146687050,EIF3E5025_Hs_K562_IP_rep1,false,CLIP,"{'id': 'Hs', 'name': 'Human'}",42025161,SRR36651611.fastq.gz,,IP,,eCLIP,NNNNNNNNNN,GSM9427001,UCSD,Gene Yeo,,EIF3E,,,,,,Brian Yee,,Illumina NovaSeq X Plus,,K562,,,,,,
422456844677891835,ENCORE Data,597677794877653400,DEK4004_Hs_K562_INPUT_rep2,false,CLIP,"{'id': 'Hs', 'name': 'Human'}",42025161,SRR36647834.fastq.gz,,INPUT,,eCLIP,NNNNNNNNNN,GSM9425875,UCSD,Gene Yeo,,SMInput,,,,,,Brian Yee,,Illumina HiSeq 4000,,K562,,,,,,
422456844677891835,ENCORE Data,822727312831488951,MORC24139_Hs_K562_IP_rep1,false,CLIP,"{'id': 'Hs', 'name': 'Human'}",42025161,SRR36647801.fastq.gz,,IP,,eCLIP,NNNNNNNNNN,GSM9426004,UCSD,Gene Yeo,,MORC2,,,,,,Brian Yee,,Illumina HiSeq 4000,,K562,,,,,,
422456844677891835,ENCORE Data,744635246773391163,GARS4040_Hs_K562_INPUT_rep2,false,CLIP,"{'id': 'Hs', 'name': 'Human'}",42025161,SRR36647962.fastq.gz,,INPUT,,eCLIP,NNNNNNNNNN,GSM9425907,UCSD,Gene Yeo,,SMInput,,,,,,Brian Yee,,Illumina HiSeq 4000,,K562,,,,,,
422456844677891835,ENCORE Data,127658353626306576,BRD45079_Hs_K562_INPUT_rep2,false,CLIP,"{'id': 'Hs', 'name': 'Human'}",42025161,SRR36651750.fastq.gz,,INPUT,,eCLIP,NNNNNNNNNN,GSM9426960,UCSD,Gene Yeo,,SMInput,,,,,,Brian Yee,,Illumina NovaSeq X Plus,,K562,,,,,,
422456844677891835,ENCORE Data,750782285252438255,RPS64012_Hs_K562_INPUT_rep2,false,CLIP,"{'id': 'Hs', 'name': 'Human'}",42025161,SRR36647822.fastq.gz,,INPUT,,eCLIP,NNNNNNNNNN,GSM9425887,UCSD,Gene Yeo,,SMInput,,,,,,Brian Yee,,Illumina HiSeq 4000,,K562,,,,,,
422456844677891835,ENCORE Data,123258535432704267,SF3A14117_Hs_HepG2_IP_rep2,false,CLIP,"{'id': 'Hs', 'name': 'Human'}",42025161,SRR36647915.fastq.gz,,IP,,eCLIP,NNNNNNNNNN,GSM9425810,UCSD,Gene Yeo,,SF3A1,,,,,,Brian Yee,,Illumina NovaSeq 6000,,HepG2,,,,,,
422456844677891835,ENCORE Data,391010017577569920,CNOT24191_Hs_HepG2_INPUT_rep2,false,CLIP,"{'id': 'Hs', 'name': 'Human'}",42025161,SRR36647974.fastq.gz,,INPUT,,eCLIP,NNNNNNNNNN,GSM9425847,UCSD,Gene Yeo,,SMInput,,,,,,Brian Yee,,Illumina HiSeq 4000,,HepG2,,,,,,
422456844677891835,ENCORE Data,653397703715760621,KHSRP5001_Hs_K562_IP_rep2,false,CLIP,"{'id': 'Hs', 'name': 'Human'}",42025161,SRR36651701.fastq.gz,,IP,,eCLIP,NNNNNNNNNN,GSM9426911,UCSD,Gene Yeo,,KHSRP,,,,,,Brian Yee,,Illumina NovaSeq 6000,,K562,,,,,,
422456844677891835,ENCORE Data,533460813199948502,DHX384202_Hs_HepG2_INPUT_rep1,false,CLIP,"{'id': 'Hs', 'name': 'Human'}",42025161,SRR36647968.fastq.gz,,INPUT,,eCLIP,NNNNNNNNNN,GSM9425853,UCSD,Gene Yeo,,SMInput,,,,,,Brian Yee,,Illumina HiSeq 4000,,HepG2,,,,,,
422456844677891835,ENCORE Data,850782093431146256,RPS104104_Hs_K562_IP_rep1,false,CLIP,"{'id': 'Hs', 'name': 'Human'}",42025161,SRR36647949.fastq.gz,,IP,,eCLIP,NNNNNNNNNN,GSM9425968,UCSD,Gene Yeo,,RPS10,,,,,,Brian Yee,,Illumina HiSeq 4000,,K562,,,,,,
422456844677891835,ENCORE Data,434329024659904178,TDP434014_Hs_K562_INPUT_rep1,false,CLIP,"{'id': 'Hs', 'name': 'Human'}",42025161,SRR36648044.fastq.gz,,INPUT,,eCLIP,NNNNNNNNNN,GSM9425889,UCSD,Gene Yeo,,SMInput,,,,,,Brian Yee,,Illumina HiSeq 4000,,K562,,,,,,
422456844677891835,ENCORE Data,439693175461766560,SNRNP2004212_Hs_HepG2_IP_rep1,false,CLIP,"{'id': 'Hs', 'name': 'Human'}",42025161,SRR36647973.fastq.gz,,IP,,eCLIP,NNNNNNNNNN,GSM9425848,UCSD,Gene Yeo,,SNRNP200,,,,,,Brian Yee,,Illumina HiSeq 4000,,HepG2,,,,,,
422456844677891835,ENCORE Data,454117474782313507,EIF4H5074_Hs_K562_IP_rep1,false,CLIP,"{'id': 'Hs', 'name': 'Human'}",42025161,SRR36651555.fastq.gz,,IP,,eCLIP,NNNNNNNNNN,GSM9427009,UCSD,Gene Yeo,,EIF4H,,,,,,Brian Yee,,Illumina NovaSeq X Plus,,K562,,,,,,
422456844677891835,ENCORE Data,802020163868349240,PTBP15015_Hs_K562_INPUT_rep2,false,CLIP,"{'id': 'Hs', 'name': 'Human'}",42025161,SRR36651596.fastq.gz,,INPUT,,eCLIP,NNNNNNNNNN,GSM9427064,UCSD,Gene Yeo,,SMInput,,,,,,Brian Yee,,Illumina NovaSeq X Plus,,K562,,,,,,
422456844677891835,ENCORE Data,619365671329669705,PARP4214_Hs_HepG2_IP_rep2,false,CLIP,"{'id': 'Hs', 'name': 'Human'}",42025161,SRR36647899.fastq.gz,,IP,,eCLIP,NNNNNNNNNN,GSM9425858,UCSD,Gene Yeo,,PARP,,,,,,Brian Yee,,Illumina HiSeq 4000,,HepG2,,,,,,
422456844677891835,ENCORE Data,520612721005120159,LARS5082_Hs_K562_IP_rep1,false,CLIP,"{'id': 'Hs', 'name': 'Human'}",42025161,SRR36651729.fastq.gz,,IP,,eCLIP,NNNNNNNNNN,GSM9427029,UCSD,Gene Yeo,,LARS,,,,,,Brian Yee,,Illumina NovaSeq X Plus,,K562,,,,,,
422456844677891835,ENCORE Data,808391634346482157,PRPF394114_Hs_HepG2_INPUT_rep2,false,CLIP,"{'id': 'Hs', 'name': 'Human'}",42025161,SRR36647982.fastq.gz,,INPUT,,eCLIP,NNNNNNNNNN,GSM9425807,UCSD,Gene Yeo,,SMInput,,,,,,Brian Yee,,Illumina NovaSeq 6000,,HepG2,,,,,,
422456844677891835,ENCORE Data,757649426401854398,PPP1R104148_Hs_HepG2_IP_rep2,false,CLIP,"{'id': 'Hs', 'name': 'Human'}",42025161,SRR36647843.fastq.gz,,IP,,eCLIP,NNNNNNNNNN,GSM9425834,UCSD,Gene Yeo,,PPP1R10,,,,,,Brian Yee,,Illumina HiSeq 4000,,HepG2,,,,,,
422456844677891835,ENCORE Data,120131633701276436,SRSF14045_Hs_K562_INPUT_rep1,false,CLIP,"{'id': 'Hs', 'name': 'Human'}",42025161,SRR36647884.fastq.gz,,INPUT,,eCLIP,NNNNNNNNNN,GSM9425921,UCSD,Gene Yeo,,SMInput,,,,,,Brian Yee,,Illumina HiSeq 4000,,K562,,,,,,
422456844677891835,ENCORE Data,974358916492790763,CDK95063_Hs_HepG2_INPUT_rep2,false,CLIP,"{'id': 'Hs', 'name': 'Human'}",42025161,SRR36651560.fastq.gz,,INPUT,,eCLIP,NNNNNNNNNN,GSM9426956,UCSD,Gene Yeo,,SMInput,,,,,,Brian Yee,,Illumina HiSeq 4000,,HepG2,,,,,,
422456844677891835,ENCORE Data,728869859617721987,BCAT25120_Hs_K562_INPUT_rep2,false,CLIP,"{'id': 'Hs', 'name': 'Human'}",42025161,SRR36651632.fastq.gz,,INPUT,,eCLIP,NNNNNNNNNN,GSM9426932,UCSD,Gene Yeo,,SMInput,,,,,,Brian Yee,,Illumina HiSeq 4000,,K562,,,,,,
422456844677891835,ENCORE Data,204332215966370864,UBAP2L5090_Hs_K562_IP_rep1,false,CLIP,"{'id': 'Hs', 'name': 'Human'}",42025161,SRR36651705.fastq.gz,,IP,,eCLIP,NNNNNNNNNN,GSM9427101,UCSD,Gene Yeo,,UBAP2L,,,,,,Brian Yee,,Illumina NovaSeq X Plus,,K562,,,,,,
422456844677891835,ENCORE Data,880807651943555186,ELAC24224_Hs_K562_INPUT_rep1,false,CLIP,"{'id': 'Hs', 'name': 'Human'}",42025161,SRR36647924.fastq.gz,,INPUT,,eCLIP,NNNNNNNNNN,GSM9426041,UCSD,Gene Yeo,,SMInput,,,,,,Brian Yee,,Illumina HiSeq 4000,,K562,,,,,,
422456844677891835,ENCORE Data,866895761238621787,LARP15110_Hs_K562_IP_rep1,false,CLIP,"{'id': 'Hs', 'name': 'Human'}",42025161,SRR36651691.fastq.gz,,IP,,eCLIP,NNNNNNNNNN,GSM9426921,UCSD,Gene Yeo,,LARP1,,,,,,Brian Yee,,Illumina NovaSeq X Plus,,K562,,,,,,
422456844677891835,ENCORE Data,368859096391409949,TARDBP4110_Hs_HepG2_INPUT_rep2,false,CLIP,"{'id': 'Hs', 'name': 'Human'}",42025161,SRR36648050.fastq.gz,,INPUT,,eCLIP,NNNNNNNNNN,GSM9425787,UCSD,Gene Yeo,,SMInput,,,,,,Brian Yee,,Illumina HiSeq 4000,,HepG2,,,,,,
422456844677891835,ENCORE Data,193233132556680836,PRK25064_Hs_K562_INPUT_rep1,false,CLIP,"{'id': 'Hs', 'name': 'Human'}",42025161,SRR36651658.fastq.gz,,INPUT,,eCLIP,NNNNNNNNNN,GSM9427050,UCSD,Gene Yeo,,SMInput,,,,,,Brian Yee,,Illumina NovaSeq X Plus,,K562,,,,,,
422456844677891835,ENCORE Data,271585531331434481,AGO24116_Hs_K562_INPUT_rep1,false,CLIP,"{'id': 'Hs', 'name': 'Human'}",42025161,SRR36648024.fastq.gz,,INPUT,,eCLIP,NNNNNNNNNN,GSM9425957,UCSD,Gene Yeo,,SMInput,,,,,,Brian Yee,,Illumina NovaSeq 6000,,K562,,,,,,
422456844677891835,ENCORE Data,415662823692060752,USP105089_Hs_K562_IP_rep1,false,CLIP,"{'id': 'Hs', 'name': 'Human'}",42025161,SRR36651651.fastq.gz,,IP,,eCLIP,NNNNNNNNNN,GSM9427105,UCSD,Gene Yeo,,USP10,,,,,,Brian Yee,,Illumina NovaSeq X Plus,,K562,,,,,,
422456844677891835,ENCORE Data,134687591584576418,MBNL14056_Hs_K562_INPUT_rep2,false,CLIP,"{'id': 'Hs', 'name': 'Human'}",42025161,SRR36647870.fastq.gz,,INPUT,,eCLIP,NNNNNNNNNN,GSM9425935,UCSD,Gene Yeo,,SMInput,,,,,,Brian Yee,,Illumina HiSeq 4000,,K562,,,,,,
422456844677891835,ENCORE Data,843171444904471062,TFAM5069_Hs_K562_INPUT_rep1,false,CLIP,"{'id': 'Hs', 'name': 'Human'}",42025161,SRR36651716.fastq.gz,,INPUT,,eCLIP,NNNNNNNNNN,GSM9427090,UCSD,Gene Yeo,,SMInput,,,,,,Brian Yee,,Illumina NovaSeq X Plus,,K562,,,,,,
422456844677891835,ENCORE Data,517440336387056004,DEK4020_Hs_HepG2_IP_rep1,false,CLIP,"{'id': 'Hs', 'name': 'Human'}",42025161,SRR36648061.fastq.gz,,IP,,eCLIP,NNNNNNNNNN,GSM9425776,UCSD,Gene Yeo,,DEK,,,,,,Brian Yee,,Illumina HiSeq 4000,,HepG2,,,,,,
422456844677891835,ENCORE Data,958714137412909989,CXXC14088_Hs_K562_IP_rep1,false,CLIP,"{'id': 'Hs', 'name': 'Human'}",42025161,SRR36648017.fastq.gz,,IP,,eCLIP,NNNNNNNNNN,GSM9425964,UCSD,Gene Yeo,,CXXC1,,,,,,Brian Yee,,Illumina HiSeq 4000,,K562,,,,,,
422456844677891835,ENCORE Data,735457729692954154,LARS5082_Hs_K562_INPUT_rep1,false,CLIP,"{'id': 'Hs', 'name': 'Human'}",42025161,SRR36651728.fastq.gz,,INPUT,,eCLIP,NNNNNNNNNN,GSM9427030,UCSD,Gene Yeo,,SMInput,,,,,,Brian Yee,,Illumina NovaSeq X Plus,,K562,,,,,,
422456844677891835,ENCORE Data,638489416596157462,DNAJC25084_Hs_K562_IP_rep1,false,CLIP,"{'id': 'Hs', 'name': 'Human'}",42025161,SRR36651683.fastq.gz,,IP,,eCLIP,NNNNNNNNNN,GSM9426977,UCSD,Gene Yeo,,DNAJC2,,,,,,Brian Yee,,Illumina NovaSeq X Plus,,K562,,,,,,
422456844677891835,ENCORE Data,536640257698820869,RYBP4140_Hs_K562_IP_rep2,false,CLIP,"{'id': 'Hs', 'name': 'Human'}",42025161,SRR36647855.fastq.gz,,,,eCLIP,NNNNNNNNNN,GSM9425998,UCSD,Gene Yeo,,RYBP,,,,,,Brian Yee,,Illumina,,K562,,,,,,
422456844677891835,ENCORE Data,649356617892079388,PRKRA5068_Hs_K562_IP_rep2,false,CLIP,"{'id': 'Hs', 'name': 'Human'}",42025161,SRR36651605.fastq.gz,,IP,,eCLIP,NNNNNNNNNN,GSM9427055,UCSD,Gene Yeo,,PRKRA,,,,,,Brian Yee,,Illumina NovaSeq X Plus,,K562,,,,,,
422456844677891835,ENCORE Data,373369857858166515,EIF3A4138_Hs_K562_IP_rep1,false,CLIP,"{'id': 'Hs', 'name': 'Human'}",42025161,SRR36647797.fastq.gz,,IP,,eCLIP,NNNNNNNNNN,GSM9426008,UCSD,Gene Yeo,,EIF3A,,,,,,Brian Yee,,Illumina HiSeq 4000,,K562,,,,,,
422456844677891835,ENCORE Data,639317787551334769,NPM14010_Hs_K562_IP_rep1,false,CLIP,"{'id': 'Hs', 'name': 'Human'}",42025161,SRR36647829.fastq.gz,,IP,,eCLIP,NNNNNNNNNN,GSM9425880,UCSD,Gene Yeo,,NPM1,,,,,,Brian Yee,,Illumina HiSeq 4000,,K562,,,,,,
422456844677891835,ENCORE Data,872923069632364739,GARS4108_Hs_HepG2_INPUT_rep1,false,CLIP,"{'id': 'Hs', 'name': 'Human'}",42025161,SRR36647988.fastq.gz,,INPUT,,eCLIP,NNNNNNNNNN,GSM9425801,UCSD,Gene Yeo,,SMInput,,,,,,Brian Yee,,Illumina NovaSeq 6000,,HepG2,,,,,,
422456844677891835,ENCORE Data,657706735691731000,WDR775076_Hs_K562_IP_rep1,false,CLIP,"{'id': 'Hs', 'name': 'Human'}",42025161,SRR36651647.fastq.gz,,IP,,eCLIP,NNNNNNNNNN,GSM9427109,UCSD,Gene Yeo,,WDR77,,,,,,Brian Yee,,Illumina NovaSeq X Plus,,K562,,,,,,
422456844677891835,ENCORE Data,341342059267587224,DDX14231_Hs_K562_INPUT_rep2,false,CLIP,"{'id': 'Hs', 'name': 'Human'}",42025161,SRR36647930.fastq.gz,,INPUT,,eCLIP,NNNNNNNNNN,GSM9426035,UCSD,Gene Yeo,,SMInput,,,,,,Brian Yee,,Illumina HiSeq 4000,,K562,,,,,,
422456844677891835,ENCORE Data,296846882951439684,NCL4035_Hs_K562_IP_rep1,false,CLIP,"{'id': 'Hs', 'name': 'Human'}",42025161,SRR36648037.fastq.gz,,IP,,eCLIP,NNNNNNNNNN,GSM9425896,UCSD,Gene Yeo,,NCL,,,,,,Brian Yee,,Illumina HiSeq 4000,,K562,,,,,,
422456844677891835,ENCORE Data,154673453206700949,KARS5104_Hs_K562_IP_rep1,false,CLIP,"{'id': 'Hs', 'name': 'Human'}",42025161,SRR36651571.fastq.gz,,IP,,eCLIP,NNNNNNNNNN,GSM9426945,UCSD,Gene Yeo,,KARS,,,,,,Brian Yee,,Illumina NovaSeq X Plus,,K562,,,,,,
422456844677891835,ENCORE Data,918402174524981601,EIF2B45019_Hs_K562_IP_rep1,false,CLIP,"{'id': 'Hs', 'name': 'Human'}",42025161,SRR36651679.fastq.gz,,IP,,eCLIP,NNNNNNNNNN,GSM9426981,UCSD,Gene Yeo,,EIF2B4,,,,,,Brian Yee,,Illumina NovaSeq X Plus,,K562,,,,,,
422456844677891835,ENCORE Data,237821501696855276,SNRNP2004212_Hs_HepG2_INPUT_rep1,false,CLIP,"{'id': 'Hs', 'name': 'Human'}",42025161,SRR36647972.fastq.gz,,INPUT,,eCLIP,NNNNNNNNNN,GSM9425849,UCSD,Gene Yeo,,SMInput,,,,,,Brian Yee,,Illumina HiSeq 4000,,HepG2,,,,,,
422456844677891835,ENCORE Data,611416486419615059,NKRF5005_Hs_K562_INPUT_rep2,false,CLIP,"{'id': 'Hs', 'name': 'Human'}",42025161,SRR36651668.fastq.gz,,INPUT,,eCLIP,NNNNNNNNNN,GSM9427040,UCSD,Gene Yeo,,SMInput,,,,,,Brian Yee,,Illumina NovaSeq X Plus,,K562,,,,,,
422456844677891835,ENCORE Data,279207514166753009,RPS104104_Hs_K562_INPUT_rep1,false,CLIP,"{'id': 'Hs', 'name': 'Human'}",42025161,SRR36647948.fastq.gz,,INPUT,,eCLIP,NNNNNNNNNN,GSM9425969,UCSD,Gene Yeo,,SMInput,,,,,,Brian Yee,,Illumina HiSeq 4000,,K562,,,,,,
422456844677891835,ENCORE Data,613811102684914115,SNRPD34155_Hs_K562_IP_rep1,false,CLIP,"{'id': 'Hs', 'name': 'Human'}",42025161,SRR36647937.fastq.gz,,IP,,eCLIP,NNNNNNNNNN,GSM9425980,UCSD,Gene Yeo,,SNRPD3,,,,,,Brian Yee,,Illumina HiSeq 4000,,K562,,,,,,
422456844677891835,ENCORE Data,461715760868384498,EIF64222_Hs_K562_IP_rep1,false,CLIP,"{'id': 'Hs', 'name': 'Human'}",42025161,SRR36647805.fastq.gz,,IP,,eCLIP,NNNNNNNNNN,GSM9426000,UCSD,Gene Yeo,,EIF6,,,,,,Brian Yee,,Illumina HiSeq 4000,,K562,,,,,,
422456844677891835,ENCORE Data,292871069054180716,APEX14028_Hs_K562_IP_rep1,false,CLIP,"{'id': 'Hs', 'name': 'Human'}",42025161,SRR36648029.fastq.gz,,IP,,eCLIP,NNNNNNNNNN,GSM9425952,UCSD,Gene Yeo,,APEX1,,,,,,Brian Yee,,Illumina NovaSeq 6000,,K562,,,,,,
422456844677891835,ENCORE Data,179859102043832941,DEK4004_Hs_K562_INPUT_rep1,false,CLIP,"{'id': 'Hs', 'name': 'Human'}",42025161,SRR36647836.fastq.gz,,INPUT,,eCLIP,NNNNNNNNNN,GSM9425873,UCSD,Gene Yeo,,SMInput,,,,,,Brian Yee,,Illumina HiSeq 4000,,K562,,,,,,
422456844677891835,ENCORE Data,975843421303019393,NSUN44047_Hs_K562_INPUT_rep2,false,CLIP,"{'id': 'Hs', 'name': 'Human'}",42025161,SRR36647954.fastq.gz,,INPUT,,eCLIP,NNNNNNNNNN,GSM9425915,UCSD,Gene Yeo,,SMInput,,,,,,Brian Yee,,Illumina HiSeq 4000,,K562,,,,,,
422456844677891835,ENCORE Data,321951623833503175,EIF4H5074_Hs_K562_INPUT_rep1,false,CLIP,"{'id': 'Hs', 'name': 'Human'}",42025161,SRR36651554.fastq.gz,,,,eCLIP,NNNNNNNNNN,GSM9427010,UCSD,Gene Yeo,,SMInput,,,,,,Brian Yee,,Illumina,,K562,,,,,,
422456844677891835,ENCORE Data,547303257588556289,SF3A14048_Hs_K562_IP_rep1,false,CLIP,"{'id': 'Hs', 'name': 'Human'}",42025161,SRR36647821.fastq.gz,,IP,,eCLIP,NNNNNNNNNN,GSM9425936,UCSD,Gene Yeo,,SF3A1,,,,,,Brian Yee,,Illumina HiSeq 4000,,K562,,,,,,
422456844677891835,ENCORE Data,610342437936190313,EXOSC104161_Hs_K562_IP_rep2,false,CLIP,"{'id': 'Hs', 'name': 'Human'}",42025161,SRR36647859.fastq.gz,,IP,,eCLIP,NNNNNNNNNN,GSM9425994,UCSD,Gene Yeo,,EXOSC10,,,,,,Brian Yee,,Illumina HiSeq 4000,,K562,,,,,,
422456844677891835,ENCORE Data,965842216593181969,BRD45079_Hs_K562_IP_rep1,false,CLIP,"{'id': 'Hs', 'name': 'Human'}",42025161,SRR36651559.fastq.gz,,,,eCLIP,NNNNNNNNNN,GSM9426957,UCSD,Gene Yeo,,BRD4,,,,,,Brian Yee,,Illumina,,K562,,,,,,
422456844677891835,ENCORE Data,903344655038048206,GFPT15078_Hs_K562_IP_rep2,false,CLIP,"{'id': 'Hs', 'name': 'Human'}",42025161,SRR36651735.fastq.gz,,IP,,eCLIP,NNNNNNNNNN,GSM9427023,UCSD,Gene Yeo,,GFPT1,,,,,,Brian Yee,,Illumina NovaSeq X Plus,,K562,,,,,,
422456844677891835,ENCORE Data,151543922222248416,THOC45123_Hs_K562_INPUT_rep1,false,CLIP,"{'id': 'Hs', 'name': 'Human'}",42025161,SRR36651626.fastq.gz,,INPUT,,eCLIP,NNNNNNNNNN,GSM9426938,UCSD,Gene Yeo,,SMInput,,,,,,Brian Yee,,Illumina HiSeq 4000,,K562,,,,,,
422456844677891835,ENCORE Data,261878948760079614,CDC405006_Hs_K562_IP_rep2,false,CLIP,"{'id': 'Hs', 'name': 'Human'}",42025161,SRR36651747.fastq.gz,,IP,,eCLIP,NNNNNNNNNN,GSM9426963,UCSD,Gene Yeo,,CDC40,,,,,,Brian Yee,,Illumina NovaSeq X Plus,,K562,,,,,,
422456844677891835,ENCORE Data,292984395073377301,ELAVL14044_Hs_K562_IP_rep1,false,CLIP,"{'id': 'Hs', 'name': 'Human'}",42025161,SRR36647961.fastq.gz,,IP,,eCLIP,NNNNNNNNNN,GSM9425908,UCSD,Gene Yeo,,ELAVL1,,,,,,Brian Yee,,Illumina HiSeq 4000,,K562,,,,,,
422456844677891835,ENCORE Data,583433213516866794,SNRPA14203_Hs_HepG2_INPUT_rep1,false,CLIP,"{'id': 'Hs', 'name': 'Human'}",42025161,SRR36647908.fastq.gz,,INPUT,,eCLIP,NNNNNNNNNN,GSM9425817,UCSD,Gene Yeo,,SMInput,,,,,,Brian Yee,,Illumina HiSeq 4000,,HepG2,,,,,,
422456844677891835,ENCORE Data,219395589737227591,PARP4214_Hs_HepG2_INPUT_rep2,false,CLIP,"{'id': 'Hs', 'name': 'Human'}",42025161,SRR36647898.fastq.gz,,INPUT,,eCLIP,NNNNNNNNNN,GSM9425859,UCSD,Gene Yeo,,SMInput,,,,,,Brian Yee,,Illumina HiSeq 4000,,HepG2,,,,,,
422456844677891835,ENCORE Data,691091754517346651,CACTIN4158_Hs_K562_INPUT_rep2,false,CLIP,"{'id': 'Hs', 'name': 'Human'}",42025161,SRR36647942.fastq.gz,,INPUT,,eCLIP,NNNNNNNNNN,GSM9425975,UCSD,Gene Yeo,,SMInput,,,,,,Brian Yee,,Illumina HiSeq 4000,,K562,,,,,,
422456844677891835,ENCORE Data,797757843382418231,PTBP15030_Hs_K562_IP_rep1,false,CLIP,"{'id': 'Hs', 'name': 'Human'}",42025161,SRR36651595.fastq.gz,,IP,,eCLIP,NNNNNNNNNN,GSM9427065,UCSD,Gene Yeo,,PTBP1,,,,,,Brian Yee,,Illumina NovaSeq X Plus,,K562,,,,,,
422456844677891835,ENCORE Data,859448395125165842,MORC24139_Hs_K562_INPUT_rep1,false,CLIP,"{'id': 'Hs', 'name': 'Human'}",42025161,SRR36647800.fastq.gz,,INPUT,,eCLIP,NNNNNNNNNN,GSM9426005,UCSD,Gene Yeo,,SMInput,,,,,,Brian Yee,,Illumina HiSeq 4000,,K562,,,,,,
422456844677891835,ENCORE Data,121602113293337656,TAF155013_Hs_K562_IP_rep1,false,CLIP,"{'id': 'Hs', 'name': 'Human'}",42025161,SRR36651755.fastq.gz,,IP,,eCLIP,NNNNNNNNNN,GSM9427085,UCSD,Gene Yeo,,TAF15,,,,,,Brian Yee,,Illumina NovaSeq X Plus,,K562,,,,,,
422456844677891835,ENCORE Data,556655273750088869,NCBP15121_Hs_K562_IP_rep1,false,CLIP,"{'id': 'Hs', 'name': 'Human'}",42025161,SRR36651631.fastq.gz,,IP,,eCLIP,NNNNNNNNNN,GSM9426933,UCSD,Gene Yeo,,NCBP1,,,,,,Brian Yee,,Illumina HiSeq 4000,,K562,,,,,,
422456844677891835,ENCORE Data,771461267719997710,SRSF14045_Hs_K562_IP_rep2,false,CLIP,"{'id': 'Hs', 'name': 'Human'}",42025161,SRR36647883.fastq.gz,,,,eCLIP,NNNNNNNNNN,GSM9425922,UCSD,Gene Yeo,,SRSF1,,,,,,Brian Yee,,Illumina,,K562,,,,,,
422456844677891835,ENCORE Data,840902219696492405,WDR775076_Hs_K562_INPUT_rep1,false,CLIP,"{'id': 'Hs', 'name': 'Human'}",42025161,SRR36651646.fastq.gz,,INPUT,,eCLIP,NNNNNNNNNN,GSM9427110,UCSD,Gene Yeo,,SMInput,,,,,,Brian Yee,,Illumina NovaSeq X Plus,,K562,,,,,,
422456844677891835,ENCORE Data,769599259145577891,ADAR4137_Hs_K562_INPUT_rep2,false,CLIP,"{'id': 'Hs', 'name': 'Human'}",42025161,SRR36648010.fastq.gz,,INPUT,,eCLIP,NNNNNNNNNN,GSM9426019,UCSD,Gene Yeo,,SMInput,,,,,,Brian Yee,,Illumina HiSeq 4000,,K562,,,,,,
422456844677891835,ENCORE Data,199697436581705052,METTL14225_Hs_K562_IP_rep1,false,CLIP,"{'id': 'Hs', 'name': 'Human'}",42025161,SRR36648001.fastq.gz,,IP,,eCLIP,NNNNNNNNNN,GSM9426028,UCSD,Gene Yeo,,METTL1,,,,,,Brian Yee,,Illumina HiSeq 4000,,K562,,,,,,
422456844677891835,ENCORE Data,612072919683066428,TDP434014_Hs_K562_INPUT_rep2,false,CLIP,"{'id': 'Hs', 'name': 'Human'}",42025161,SRR36648042.fastq.gz,,INPUT,,eCLIP,NNNNNNNNNN,GSM9425891,UCSD,Gene Yeo,,SMInput,,,,,,Brian Yee,,Illumina HiSeq 4000,,K562,,,,,,
422456844677891835,ENCORE Data,388370910508184401,PRKRA5068_Hs_K562_INPUT_rep2,false,CLIP,"{'id': 'Hs', 'name': 'Human'}",42025161,SRR36651604.fastq.gz,,INPUT,,eCLIP,NNNNNNNNNN,GSM9427056,UCSD,Gene Yeo,,SMInput,,,,,,Brian Yee,,Illumina NovaSeq X Plus,,K562,,,,,,
422456844677891835,ENCORE Data,660817675238815623,NSUN44047_Hs_K562_IP_rep2,false,CLIP,"{'id': 'Hs', 'name': 'Human'}",42025161,SRR36647955.fastq.gz,,IP,,eCLIP,NNNNNNNNNN,GSM9425914,UCSD,Gene Yeo,,NSUN4,,,,,,Brian Yee,,Illumina HiSeq 4000,,K562,,,,,,
422456844677891835,ENCORE Data,446743544987208227,SRSF54058_Hs_K562_INPUT_rep1,false,CLIP,"{'id': 'Hs', 'name': 'Human'}",42025161,SRR36647876.fastq.gz,,INPUT,,eCLIP,NNNNNNNNNN,GSM9425929,UCSD,Gene Yeo,,SMInput,,,,,,Brian Yee,,Illumina HiSeq 4000,,K562,,,,,,
422456844677891835,ENCORE Data,250630796958011932,RYBP4140_Hs_K562_INPUT_rep2,false,CLIP,"{'id': 'Hs', 'name': 'Human'}",42025161,SRR36647854.fastq.gz,,INPUT,,eCLIP,NNNNNNNNNN,GSM9425999,UCSD,Gene Yeo,,SMInput,,,,,,Brian Yee,,Illumina HiSeq 4000,,K562,,,,,,
422456844677891835,ENCORE Data,243269681533704919,PABPC15117_Hs_K562_INPUT_rep2,false,CLIP,"{'id': 'Hs', 'name': 'Human'}",42025161,SRR36651576.fastq.gz,,INPUT,,eCLIP,NNNNNNNNNN,GSM9427132,UCSD,Gene Yeo,,SMInput,,,,,,Brian Yee,,Illumina HiSeq 4000,,K562,,,,,,
422456844677891835,ENCORE Data,952648922143498290,CACTIN4190_Hs_HepG2_IP_rep1,false,CLIP,"{'id': 'Hs', 'name': 'Human'}",42025161,SRR36647981.fastq.gz,,IP,,eCLIP,NNNNNNNNNN,GSM9425840,UCSD,Gene Yeo,,CACTIN,,,,,,Brian Yee,,Illumina HiSeq 4000,,HepG2,,,,,,
422456844677891835,ENCORE Data,383738395887330883,GARS4108_Hs_HepG2_IP_rep2,false,CLIP,"{'id': 'Hs', 'name': 'Human'}",42025161,SRR36647987.fastq.gz,,IP,,eCLIP,NNNNNNNNNN,GSM9425802,UCSD,Gene Yeo,,GARS,,,,,,Brian Yee,,Illumina NovaSeq 6000,,HepG2,,,,,,
422456844677891835,ENCORE Data,251612716545379000,HNRNPK4006_Hs_K562_INPUT_rep1,false,CLIP,"{'id': 'Hs', 'name': 'Human'}",42025161,SRR36647832.fastq.gz,,INPUT,,eCLIP,NNNNNNNNNN,GSM9425877,UCSD,Gene Yeo,,SMInput,,,,,,Brian Yee,,Illumina HiSeq 4000,,K562,,,,,,
422456844677891835,ENCORE Data,389834728843314332,RBM105113_Hs_K562_IP_rep1,false,CLIP,"{'id': 'Hs', 'name': 'Human'}",42025161,SRR36651687.fastq.gz,,IP,,eCLIP,NNNNNNNNNN,GSM9426925,UCSD,Gene Yeo,,RBM10,,,,,,Brian Yee,,Illumina NovaSeq X Plus,,K562,,,,,,
422456844677891835,ENCORE Data,469526597245115701,EED4223_Hs_K562_IP_rep1,false,CLIP,"{'id': 'Hs', 'name': 'Human'}",42025161,SRR36647929.fastq.gz,,IP,,eCLIP,NNNNNNNNNN,GSM9426036,UCSD,Gene Yeo,,EED,,,,,,Brian Yee,,Illumina HiSeq 4000,,K562,,,,,,
422456844677891835,ENCORE Data,917581627322355964,RBM155008_Hs_K562_INPUT_rep1,false,CLIP,"{'id': 'Hs', 'name': 'Human'}",42025161,SRR36651538.fastq.gz,,INPUT,,eCLIP,NNNNNNNNNN,GSM9427074,UCSD,Gene Yeo,,SMInput,,,,,,Brian Yee,,Illumina NovaSeq X Plus,,K562,,,,,,
422456844677891835,ENCORE Data,345908637587126386,DEK4020_Hs_HepG2_INPUT_rep1,false,CLIP,"{'id': 'Hs', 'name': 'Human'}",42025161,SRR36648060.fastq.gz,,,,eCLIP,NNNNNNNNNN,GSM9425777,UCSD,Gene Yeo,,SMInput,,,,,,Brian Yee,,Illumina,,HepG2,,,,,,
422456844677891835,ENCORE Data,181238251407672839,NCL5086_Hs_K562_IP_rep2,false,CLIP,"{'id': 'Hs', 'name': 'Human'}",42025161,SRR36651723.fastq.gz,,,,eCLIP,NNNNNNNNNN,GSM9427035,UCSD,Gene Yeo,,NCL,,,,,,Brian Yee,,Illumina,,K562,,,,,,
422456844677891835,ENCORE Data,810170201236482376,SF3A14117_Hs_HepG2_INPUT_rep2,false,CLIP,"{'id': 'Hs', 'name': 'Human'}",42025161,SRR36647914.fastq.gz,,INPUT,,eCLIP,NNNNNNNNNN,GSM9425811,UCSD,Gene Yeo,,SMInput,,,,,,Brian Yee,,Illumina NovaSeq 6000,,HepG2,,,,,,
422456844677891835,ENCORE Data,347254816643237649,PPP1R104148_Hs_HepG2_INPUT_rep2,false,CLIP,"{'id': 'Hs', 'name': 'Human'}",42025161,SRR36647842.fastq.gz,,INPUT,,eCLIP,NNNNNNNNNN,GSM9425835,UCSD,Gene Yeo,,SMInput,,,,,,Brian Yee,,Illumina HiSeq 4000,,HepG2,,,,,,
422456844677891835,ENCORE Data,116255899503228698,TFAM5069_Hs_K562_IP_rep2,false,CLIP,"{'id': 'Hs', 'name': 'Human'}",42025161,SRR36651715.fastq.gz,,IP,,eCLIP,NNNNNNNNNN,GSM9427091,UCSD,Gene Yeo,,TFAM,,,,,,Brian Yee,,Illumina NovaSeq X Plus,,K562,,,,,,
422456844677891835,ENCORE Data,517690699754370631,ELAC24224_Hs_K562_IP_rep2,false,CLIP,"{'id': 'Hs', 'name': 'Human'}",42025161,SRR36647923.fastq.gz,,IP,,eCLIP,NNNNNNNNNN,GSM9426042,UCSD,Gene Yeo,,ELAC2,,,,,,Brian Yee,,Illumina HiSeq 4000,,K562,,,,,,
422456844677891835,ENCORE Data,912431232113209659,CXXC14088_Hs_K562_IP_rep2,false,CLIP,"{'id': 'Hs', 'name': 'Human'}",42025161,SRR36648015.fastq.gz,,IP,,eCLIP,NNNNNNNNNN,GSM9425966,UCSD,Gene Yeo,,CXXC1,,,,,,Brian Yee,,Illumina HiSeq 4000,,K562,,,,,,
422456844677891835,ENCORE Data,491051100882714496,EIF4H5074_Hs_K562_IP_rep2,false,CLIP,"{'id': 'Hs', 'name': 'Human'}",42025161,SRR36651553.fastq.gz,,IP,,eCLIP,NNNNNNNNNN,GSM9427011,UCSD,Gene Yeo,,EIF4H,,,,,,Brian Yee,,Illumina NovaSeq X Plus,,K562,,,,,,
422456844677891835,ENCORE Data,604288205119310958,NOP25098_Hs_K562_IP_rep2,false,CLIP,"{'id': 'Hs', 'name': 'Human'}",42025161,SRR36651665.fastq.gz,,IP,,eCLIP,NNNNNNNNNN,GSM9427043,UCSD,Gene Yeo,,NOP2,,,,,,Brian Yee,,Illumina NovaSeq X Plus,,K562,,,,,,
422456844677891835,ENCORE Data,771142106558944174,EIF4E4082_Hs_HepG2_INPUT_rep1,false,CLIP,"{'id': 'Hs', 'name': 'Human'}",42025161,SRR36648048.fastq.gz,,INPUT,,eCLIP,NNNNNNNNNN,GSM9425789,UCSD,Gene Yeo,,SMInput,,,,,,Brian Yee,,Illumina NovaSeq 6000,,HepG2,,,,,,
422456844677891835,ENCORE Data,742310228127777125,DHX384202_Hs_HepG2_IP_rep2,false,CLIP,"{'id': 'Hs', 'name': 'Human'}",42025161,SRR36647967.fastq.gz,,IP,,eCLIP,NNNNNNNNNN,GSM9425854,UCSD,Gene Yeo,,DHX38,,,,,,Brian Yee,,Illumina HiSeq 4000,,HepG2,,,,,,
422456844677891835,ENCORE Data,983806459336692023,AGO24116_Hs_K562_IP_rep2,false,CLIP,"{'id': 'Hs', 'name': 'Human'}",42025161,SRR36648023.fastq.gz,,IP,,eCLIP,NNNNNNNNNN,GSM9425958,UCSD,Gene Yeo,,AGO2,,,,,,Brian Yee,,Illumina NovaSeq 6000,,K562,,,,,,
422456844677891835,ENCORE Data,167855835430733505,SNRPC4164_Hs_K562_IP_rep1,false,CLIP,"{'id': 'Hs', 'name': 'Human'}",42025161,SRR36647941.fastq.gz,,IP,,eCLIP,NNNNNNNNNN,GSM9425976,UCSD,Gene Yeo,,SNRPC,,,,,,Brian Yee,,Illumina HiSeq 4000,,K562,,,,,,
422456844677891835,ENCORE Data,955126470347340345,EIF64222_Hs_K562_INPUT_rep1,false,CLIP,"{'id': 'Hs', 'name': 'Human'}",42025161,SRR36647804.fastq.gz,,INPUT,,eCLIP,NNNNNNNNNN,GSM9426001,UCSD,Gene Yeo,,SMInput,,,,,,Brian Yee,,Illumina HiSeq 4000,,K562,,,,,,
422456844677891835,ENCORE Data,461539859369248213,FUS5012_Hs_K562_INPUT_rep1,false,CLIP,"{'id': 'Hs', 'name': 'Human'}",42025161,SRR36651546.fastq.gz,,,,eCLIP,NNNNNNNNNN,GSM9427018,UCSD,Gene Yeo,,SMInput,,,,,,Brian Yee,,Illumina,,K562,,,,,,
422456844677891835,ENCORE Data,633912332839123871,PRK25064_Hs_K562_IP_rep2,false,CLIP,"{'id': 'Hs', 'name': 'Human'}",42025161,SRR36651657.fastq.gz,,IP,,eCLIP,NNNNNNNNNN,GSM9427051,UCSD,Gene Yeo,,PRK2,,,,,,Brian Yee,,Illumina NovaSeq X Plus,,K562,,,,,,
422456844677891835,ENCORE Data,703452814089462562,SRSF94132_Hs_K562_IP_rep1,false,CLIP,"{'id': 'Hs', 'name': 'Human'}",42025161,SRR36647869.fastq.gz,,,,eCLIP,NNNNNNNNNN,GSM9425984,UCSD,Gene Yeo,,SRSF9,,,,,,Brian Yee,,Illumina,,K562,,,,,,
422456844677891835,ENCORE Data,355368597894893406,NPM14010_Hs_K562_IP_rep2,false,CLIP,"{'id': 'Hs', 'name': 'Human'}",42025161,SRR36647827.fastq.gz,,IP,,eCLIP,NNNNNNNNNN,GSM9425882,UCSD,Gene Yeo,,NPM1,,,,,,Brian Yee,,Illumina HiSeq 4000,,K562,,,,,,
422456844677891835,ENCORE Data,583864579156234841,KHSRP5001_Hs_K562_INPUT_rep2,false,CLIP,"{'id': 'Hs', 'name': 'Human'}",42025161,SRR36651700.fastq.gz,,INPUT,,eCLIP,NNNNNNNNNN,GSM9426912,UCSD,Gene Yeo,,SMInput,,,,,,Brian Yee,,Illumina NovaSeq 6000,,K562,,,,,,
422456844677891835,ENCORE Data,974760564906539438,BRD45079_Hs_K562_INPUT_rep1,false,CLIP,"{'id': 'Hs', 'name': 'Human'}",42025161,SRR36651558.fastq.gz,,,,eCLIP,NNNNNNNNNN,GSM9426958,UCSD,Gene Yeo,,SMInput,,,,,,Brian Yee,,Illumina,,K562,,,,,,
422456844677891835,ENCORE Data,332730133637873621,SNRPD34155_Hs_K562_IP_rep2,false,CLIP,"{'id': 'Hs', 'name': 'Human'}",42025161,SRR36647935.fastq.gz,,IP,,eCLIP,NNNNNNNNNN,GSM9425982,UCSD,Gene Yeo,,SNRPD3,,,,,,Brian Yee,,Illumina HiSeq 4000,,K562,,,,,,
422456844677891835,ENCORE Data,103568195828500617,RBM105113_Hs_K562_INPUT_rep2,false,CLIP,"{'id': 'Hs', 'name': 'Human'}",42025161,SRR36651636.fastq.gz,,INPUT,,eCLIP,NNNNNNNNNN,GSM9426928,UCSD,Gene Yeo,,SMInput,,,,,,Brian Yee,,Illumina NovaSeq X Plus,,K562,,,,,,
422456844677891835,ENCORE Data,912524613636840514,MFAP14169_Hs_K562_INPUT_rep2,false,CLIP,"{'id': 'Hs', 'name': 'Human'}",42025161,SRR36647790.fastq.gz,,INPUT,,eCLIP,NNNNNNNNNN,GSM9426015,UCSD,Gene Yeo,,SMInput,,,,,,Brian Yee,,Illumina HiSeq 4000,,K562,,,,,,
422456844677891835,ENCORE Data,707633555355168053,USP105089_Hs_K562_INPUT_rep1,false,CLIP,"{'id': 'Hs', 'name': 'Human'}",42025161,SRR36651650.fastq.gz,,INPUT,,eCLIP,NNNNNNNNNN,GSM9427106,UCSD,Gene Yeo,,SMInput,,,,,,Brian Yee,,Illumina NovaSeq X Plus,,K562,,,,,,
422456844677891835,ENCORE Data,344737058198073273,ELAVL14083_Hs_HepG2_INPUT_rep1,false,CLIP,"{'id': 'Hs', 'name': 'Human'}",42025161,SRR36647992.fastq.gz,,INPUT,,eCLIP,NNNNNNNNNN,GSM9425797,UCSD,Gene Yeo,,SMInput,,,,,,Brian Yee,,Illumina NovaSeq 6000,,HepG2,,,,,,
422456844677891835,ENCORE Data,163593093553352761,NCL4035_Hs_K562_INPUT_rep1,false,CLIP,"{'id': 'Hs', 'name': 'Human'}",42025161,SRR36648036.fastq.gz,,INPUT,,eCLIP,NNNNNNNNNN,GSM9425897,UCSD,Gene Yeo,,SMInput,,,,,,Brian Yee,,Illumina HiSeq 4000,,K562,,,,,,
422456844677891835,ENCORE Data,655898216791403914,EIF2B45019_Hs_K562_INPUT_rep1,false,CLIP,"{'id': 'Hs', 'name': 'Human'}",42025161,SRR36651678.fastq.gz,,INPUT,,eCLIP,NNNNNNNNNN,GSM9426982,UCSD,Gene Yeo,,SMInput,,,,,,Brian Yee,,Illumina NovaSeq X Plus,,K562,,,,,,
422456844677891835,ENCORE Data,784440317303554401,GFPT15078_Hs_K562_INPUT_rep2,false,CLIP,"{'id': 'Hs', 'name': 'Human'}",42025161,SRR36651734.fastq.gz,,INPUT,,eCLIP,NNNNNNNNNN,GSM9427024,UCSD,Gene Yeo,,SMInput,,,,,,Brian Yee,,Illumina NovaSeq X Plus,,K562,,,,,,
422456844677891835,ENCORE Data,834699273585127667,EIF3E5025_Hs_K562_INPUT_rep1,false,CLIP,"{'id': 'Hs', 'name': 'Human'}",42025161,SRR36651610.fastq.gz,,INPUT,,eCLIP,NNNNNNNNNN,GSM9427002,UCSD,Gene Yeo,,SMInput,,,,,,Brian Yee,,Illumina NovaSeq X Plus,,K562,,,,,,
422456844677891835,ENCORE Data,689453283166861834,MORC24139_Hs_K562_IP_rep2,false,CLIP,"{'id': 'Hs', 'name': 'Human'}",42025161,SRR36647799.fastq.gz,,IP,,eCLIP,NNNNNNNNNN,GSM9426006,UCSD,Gene Yeo,,MORC2,,,,,,Brian Yee,,Illumina HiSeq 4000,,K562,,,,,,
422456844677891835,ENCORE Data,761125920540849543,RPS104104_Hs_K562_IP_rep2,false,CLIP,"{'id': 'Hs', 'name': 'Human'}",42025161,SRR36647947.fastq.gz,,IP,,eCLIP,NNNNNNNNNN,GSM9425970,UCSD,Gene Yeo,,RPS10,,,,,,Brian Yee,,Illumina HiSeq 4000,,K562,,,,,,
422456844677891835,ENCORE Data,766647107878632153,WDR775076_Hs_K562_IP_rep2,false,CLIP,"{'id': 'Hs', 'name': 'Human'}",42025161,SRR36651645.fastq.gz,,IP,,eCLIP,NNNNNNNNNN,GSM9427111,UCSD,Gene Yeo,,WDR77,,,,,,Brian Yee,,Illumina NovaSeq X Plus,,K562,,,,,,
422456844677891835,ENCORE Data,387762280071131387,DDX474050_Hs_K562_INPUT_rep1,false,CLIP,"{'id': 'Hs', 'name': 'Human'}",42025161,SRR36647952.fastq.gz,,INPUT,,eCLIP,NNNNNNNNNN,GSM9425917,UCSD,Gene Yeo,,SMInput,,,,,,Brian Yee,,Illumina HiSeq 4000,,K562,,,,,,
422456844677891835,ENCORE Data,919443675097772465,FUBP14055_Hs_K562_IP_rep1,false,CLIP,"{'id': 'Hs', 'name': 'Human'}",42025161,SRR36647881.fastq.gz,,,,eCLIP,NNNNNNNNNN,GSM9425924,UCSD,Gene Yeo,,FUBP1,,,,,,Brian Yee,,Illumina,,K562,,,,,,
422456844677891835,ENCORE Data,114585432082439182,EED4223_Hs_K562_INPUT_rep1,false,CLIP,"{'id': 'Hs', 'name': 'Human'}",42025161,SRR36647928.fastq.gz,,INPUT,,eCLIP,NNNNNNNNNN,GSM9426037,UCSD,Gene Yeo,,SMInput,,,,,,Brian Yee,,Illumina HiSeq 4000,,K562,,,,,,
422456844677891835,ENCORE Data,640203101346940235,KARS5104_Hs_K562_INPUT_rep1,false,CLIP,"{'id': 'Hs', 'name': 'Human'}",42025161,SRR36651570.fastq.gz,,INPUT,,eCLIP,NNNNNNNNNN,GSM9426946,UCSD,Gene Yeo,,SMInput,,,,,,Brian Yee,,Illumina NovaSeq X Plus,,K562,,,,,,
422456844677891835,ENCORE Data,755107772241306257,PTBP15030_Hs_K562_IP_rep2,false,CLIP,"{'id': 'Hs', 'name': 'Human'}",42025161,SRR36651593.fastq.gz,,IP,,eCLIP,NNNNNNNNNN,GSM9427067,UCSD,Gene Yeo,,PTBP1,,,,,,Brian Yee,,Illumina NovaSeq X Plus,,K562,,,,,,
422456844677891835,ENCORE Data,250773570647870511,CELF15041_Hs_K562_INPUT_rep1,false,CLIP,"{'id': 'Hs', 'name': 'Human'}",42025161,SRR36651744.fastq.gz,,INPUT,,eCLIP,NNNNNNNNNN,GSM9426966,UCSD,Gene Yeo,,SMInput,,,,,,Brian Yee,,Illumina NovaSeq X Plus,,K562,,,,,,
422456844677891835,ENCORE Data,629503484158222161,CNOT24191_Hs_HepG2_IP_rep1,false,CLIP,"{'id': 'Hs', 'name': 'Human'}",42025161,SRR36647977.fastq.gz,,IP,,eCLIP,NNNNNNNNNN,GSM9425844,UCSD,Gene Yeo,,CNOT2,,,,,,Brian Yee,,Illumina HiSeq 4000,,HepG2,,,,,,
422456844677891835,ENCORE Data,988430399515772322,TAF155013_Hs_K562_INPUT_rep1,false,CLIP,"{'id': 'Hs', 'name': 'Human'}",42025161,SRR36651754.fastq.gz,,INPUT,,eCLIP,NNNNNNNNNN,GSM9427086,UCSD,Gene Yeo,,SMInput,,,,,,Brian Yee,,Illumina NovaSeq X Plus,,K562,,,,,,
422456844677891835,ENCORE Data,825151526796108627,TIAL15014_Hs_K562_IP_rep1,false,CLIP,"{'id': 'Hs', 'name': 'Human'}",42025161,SRR36651713.fastq.gz,,IP,,eCLIP,NNNNNNNNNN,GSM9427093,UCSD,Gene Yeo,,TIAL1,,,,,,Brian Yee,,Illumina NovaSeq X Plus,,K562,,,,,,
422456844677891835,ENCORE Data,149263673697247660,NONO4001_Hs_K562_INPUT_rep2,false,CLIP,"{'id': 'Hs', 'name': 'Human'}",42025161,SRR36647890.fastq.gz,,INPUT,,eCLIP,NNNNNNNNNN,GSM9425867,UCSD,Gene Yeo,,SMInput,,,,,,Brian Yee,,Illumina HiSeq 4000,,K562,,,,,,
422456844677891835,ENCORE Data,935613553246049620,SNRPD34204_Hs_HepG2_IP_rep1,false,CLIP,"{'id': 'Hs', 'name': 'Human'}",42025161,SRR36647905.fastq.gz,,IP,,eCLIP,NNNNNNNNNN,GSM9425820,UCSD,Gene Yeo,,SNRPD3,,,,,,Brian Yee,,Illumina HiSeq 4000,,HepG2,,,,,,
422456844677891835,ENCORE Data,446623312082250442,APEX14028_Hs_K562_INPUT_rep1,false,CLIP,"{'id': 'Hs', 'name': 'Human'}",42025161,SRR36648028.fastq.gz,,INPUT,,eCLIP,NNNNNNNNNN,GSM9425953,UCSD,Gene Yeo,,SMInput,,,,,,Brian Yee,,Illumina NovaSeq 6000,,K562,,,,,,
422456844677891835,ENCORE Data,431529052709566419,SRSF54058_Hs_K562_IP_rep1,false,CLIP,"{'id': 'Hs', 'name': 'Human'}",42025161,SRR36647877.fastq.gz,,,,eCLIP,NNNNNNNNNN,GSM9425928,UCSD,Gene Yeo,,SRSF5,,,,,,Brian Yee,,Illumina,,K562,,,,,,
422456844677891835,ENCORE Data,840741676055356900,SFPQ5125_Hs_K562_INPUT_rep1,false,CLIP,"{'id': 'Hs', 'name': 'Human'}",42025161,SRR36651622.fastq.gz,,INPUT,,eCLIP,NNNNNNNNNN,GSM9426942,UCSD,Gene Yeo,,SMInput,,,,,,Brian Yee,,Illumina HiSeq 4000,,K562,,,,,,
422456844677891835,ENCORE Data,100710058525333915,METTL14225_Hs_K562_INPUT_rep1,false,CLIP,"{'id': 'Hs', 'name': 'Human'}",42025161,SRR36648000.fastq.gz,,INPUT,,eCLIP,NNNNNNNNNN,GSM9426029,UCSD,Gene Yeo,,SMInput,,,,,,Brian Yee,,Illumina HiSeq 4000,,K562,,,,,,
422456844677891835,ENCORE Data,639281620586311716,EIF2S15130_Hs_K562_IP_rep1,false,CLIP,"{'id': 'Hs', 'name': 'Human'}",42025161,SRR36651583.fastq.gz,,IP,,eCLIP,NNNNNNNNNN,GSM9427125,UCSD,Gene Yeo,,EIF2S1,,,,,,Brian Yee,,Illumina HiSeq 4000,,K562,,,,,,
422456844677891835,ENCORE Data,769567084275504457,FUS5012_Hs_K562_INPUT_rep2,false,CLIP,"{'id': 'Hs', 'name': 'Human'}",42025161,SRR36651544.fastq.gz,,INPUT,,eCLIP,NNNNNNNNNN,GSM9427020,UCSD,Gene Yeo,,SMInput,,,,,,Brian Yee,,Illumina NovaSeq X Plus,,K562,,,,,,
422456844677891835,ENCORE Data,528612230918968021,EXOSC104161_Hs_K562_INPUT_rep2,false,CLIP,"{'id': 'Hs', 'name': 'Human'}",42025161,SRR36647858.fastq.gz,,INPUT,,eCLIP,NNNNNNNNNN,GSM9425995,UCSD,Gene Yeo,,SMInput,,,,,,Brian Yee,,Illumina HiSeq 4000,,K562,,,,,,
422456844677891835,ENCORE Data,322093374949677672,NONO4084_Hs_HepG2_IP_rep1,false,CLIP,"{'id': 'Hs', 'name': 'Human'}",42025161,SRR36647913.fastq.gz,,IP,,eCLIP,NNNNNNNNNN,GSM9425812,UCSD,Gene Yeo,,NONO,,,,,,Brian Yee,,Illumina HiSeq 4000,,HepG2,,,,,,
422456844677891835,ENCORE Data,323811895956480941,DEK4020_Hs_HepG2_IP_rep2,false,CLIP,"{'id': 'Hs', 'name': 'Human'}",42025161,SRR36648059.fastq.gz,,IP,,eCLIP,NNNNNNNNNN,GSM9425778,UCSD,Gene Yeo,,DEK,,,,,,Brian Yee,,Illumina HiSeq 4000,,HepG2,,,,,,
422456844677891835,ENCORE Data,709339291111675437,RBM55018_Hs_K562_INPUT_rep1,false,CLIP,"{'id': 'Hs', 'name': 'Human'}",42025161,SRR36651534.fastq.gz,,INPUT,,eCLIP,NNNNNNNNNN,GSM9427078,UCSD,Gene Yeo,,SMInput,,,,,,Brian Yee,,Illumina NovaSeq X Plus,,K562,,,,,,
422456844677891835,ENCORE Data,446447678159082194,SNRNP2004212_Hs_HepG2_IP_rep2,false,CLIP,"{'id': 'Hs', 'name': 'Human'}",42025161,SRR36647971.fastq.gz,,IP,,eCLIP,NNNNNNNNNN,GSM9425850,UCSD,Gene Yeo,,SNRNP200,,,,,,Brian Yee,,Illumina HiSeq 4000,,HepG2,,,,,,
422456844677891835,ENCORE Data,446683359320443887,EIF2B45019_Hs_K562_IP_rep2,false,CLIP,"{'id': 'Hs', 'name': 'Human'}",42025161,SRR36651677.fastq.gz,,IP,,eCLIP,NNNNNNNNNN,GSM9426983,UCSD,Gene Yeo,,EIF2B4,,,,,,Brian Yee,,Illumina NovaSeq X Plus,,K562,,,,,,
422456844677891835,ENCORE Data,613697708064477457,RECQ14049_Hs_K562_IP_rep1,false,CLIP,"{'id': 'Hs', 'name': 'Human'}",42025161,SRR36647817.fastq.gz,,IP,,eCLIP,NNNNNNNNNN,GSM9425940,UCSD,Gene Yeo,,RECQ1,,,,,,Brian Yee,,Illumina HiSeq 4000,,K562,,,,,,
422456844677891835,ENCORE Data,120498437349250742,HNRNPK4006_Hs_K562_IP_rep2,false,CLIP,"{'id': 'Hs', 'name': 'Human'}",42025161,SRR36647831.fastq.gz,,IP,,eCLIP,NNNNNNNNNN,GSM9425878,UCSD,Gene Yeo,,HNRNPK,,,,,,Brian Yee,,Illumina HiSeq 4000,,K562,,,,,,
422456844677891835,ENCORE Data,514159623373180993,PRPF394149_Hs_HepG2_IP_rep1,false,CLIP,"{'id': 'Hs', 'name': 'Human'}",42025161,SRR36647841.fastq.gz,,IP,,eCLIP,NNNNNNNNNN,GSM9425836,UCSD,Gene Yeo,,PRPF39,,,,,,Brian Yee,,Illumina HiSeq 4000,,HepG2,,,,,,
422456844677891835,ENCORE Data,700079288964282914,SNRPC4187_Hs_HepG2_INPUT_rep1,false,CLIP,"{'id': 'Hs', 'name': 'Human'}",42025161,SRR36647852.fastq.gz,,,,eCLIP,NNNNNNNNNN,GSM9425825,UCSD,Gene Yeo,,SMInput,,,,,,Brian Yee,,Illumina,,HepG2,,,,,,
422456844677891835,ENCORE Data,271291182387190152,USP105089_Hs_K562_IP_rep2,false,CLIP,"{'id': 'Hs', 'name': 'Human'}",42025161,SRR36651649.fastq.gz,,IP,,eCLIP,NNNNNNNNNN,GSM9427107,UCSD,Gene Yeo,,USP10,,,,,,Brian Yee,,Illumina NovaSeq X Plus,,K562,,,,,,
422456844677891835,ENCORE Data,942504850627544057,USP395116_Hs_K562_IP_rep1,false,CLIP,"{'id': 'Hs', 'name': 'Human'}",42025161,SRR36651575.fastq.gz,,IP,,eCLIP,NNNNNNNNNN,GSM9427133,UCSD,Gene Yeo,,USP39,,,,,,Brian Yee,,Illumina HiSeq 4000,,K562,,,,,,
422456844677891835,ENCORE Data,334512676484420625,EIF4E4018_Hs_K562_INPUT_rep1,false,CLIP,"{'id': 'Hs', 'name': 'Human'}",42025161,SRR36648040.fastq.gz,,INPUT,,eCLIP,NNNNNNNNNN,GSM9425893,UCSD,Gene Yeo,,SMInput,,,,,,Brian Yee,,Illumina HiSeq 4000,,K562,,,,,,
422456844677891835,ENCORE Data,526859129337456086,EIF64222_Hs_K562_IP_rep2,false,CLIP,"{'id': 'Hs', 'name': 'Human'}",42025161,SRR36647803.fastq.gz,,IP,,eCLIP,NNNNNNNNNN,GSM9426002,UCSD,Gene Yeo,,EIF6,,,,,,Brian Yee,,Illumina HiSeq 4000,,K562,,,,,,
422456844677891835,ENCORE Data,446502377681567815,FXR24002_Hs_K562_IP_rep1,false,CLIP,"{'id': 'Hs', 'name': 'Human'}",42025161,SRR36647889.fastq.gz,,,,eCLIP,NNNNNNNNNN,GSM9425868,UCSD,Gene Yeo,,FXR2,,,,,,Brian Yee,,Illumina,,K562,,,,,,
422456844677891835,ENCORE Data,631938604605052919,PSMD45077_Hs_K562_INPUT_rep2,false,CLIP,"{'id': 'Hs', 'name': 'Human'}",42025161,SRR36651600.fastq.gz,,INPUT,,eCLIP,NNNNNNNNNN,GSM9427060,UCSD,Gene Yeo,,SMInput,,,,,,Brian Yee,,Illumina NovaSeq X Plus,,K562,,,,,,
422456844677891835,ENCORE Data,794291927965354329,SRSF54058_Hs_K562_INPUT_rep2,false,CLIP,"{'id': 'Hs', 'name': 'Human'}",42025161,SRR36647874.fastq.gz,,INPUT,,eCLIP,NNNNNNNNNN,GSM9425931,UCSD,Gene Yeo,,SMInput,,,,,,Brian Yee,,Illumina HiSeq 4000,,K562,,,,,,
422456844677891835,ENCORE Data,407019726208439404,EIF4G25065_Hs_K562_INPUT_rep2,false,CLIP,"{'id': 'Hs', 'name': 'Human'}",42025161,SRR36651556.fastq.gz,,INPUT,,eCLIP,NNNNNNNNNN,GSM9427008,UCSD,Gene Yeo,,SMInput,,,,,,Brian Yee,,Illumina NovaSeq X Plus,,K562,,,,,,
422456844677891835,ENCORE Data,764690878529791708,IGF2BP15093_Hs_K562_IP_rep2,false,CLIP,"{'id': 'Hs', 'name': 'Human'}",42025161,SRR36651731.fastq.gz,,IP,,eCLIP,NNNNNNNNNN,GSM9427027,UCSD,Gene Yeo,,IGF2BP1,,,,,,Brian Yee,,Illumina NovaSeq X Plus,,K562,,,,,,
422456844677891835,ENCORE Data,947678772629758557,RBM155008_Hs_K562_IP_rep2,false,CLIP,"{'id': 'Hs', 'name': 'Human'}",42025161,SRR36651537.fastq.gz,,,,eCLIP,NNNNNNNNNN,GSM9427075,UCSD,Gene Yeo,,RBM15,,,,,,Brian Yee,,Illumina,,K562,,,,,,
422456844677891835,ENCORE Data,216676921047267232,SNRPD34155_Hs_K562_INPUT_rep2,false,CLIP,"{'id': 'Hs', 'name': 'Human'}",42025161,SRR36647934.fastq.gz,,INPUT,,eCLIP,NNNNNNNNNN,GSM9425983,UCSD,Gene Yeo,,SMInput,,,,,,Brian Yee,,Illumina HiSeq 4000,,K562,,,,,,
422456844677891835,ENCORE Data,988646604502554007,EED4223_Hs_K562_IP_rep2,false,CLIP,"{'id': 'Hs', 'name': 'Human'}",42025161,SRR36647927.fastq.gz,,IP,,eCLIP,NNNNNNNNNN,GSM9426038,UCSD,Gene Yeo,,EED,,,,,,Brian Yee,,Illumina HiSeq 4000,,K562,,,,,,
422456844677891835,ENCORE Data,637532799499094306,NKRF5005_Hs_K562_INPUT_rep1,false,CLIP,"{'id': 'Hs', 'name': 'Human'}",42025161,SRR36651720.fastq.gz,,INPUT,,eCLIP,NNNNNNNNNN,GSM9427038,UCSD,Gene Yeo,,SMInput,,,,,,Brian Yee,,Illumina NovaSeq X Plus,,K562,,,,,,
422456844677891835,ENCORE Data,738872126463163557,USP395116_Hs_K562_IP_rep2,false,CLIP,"{'id': 'Hs', 'name': 'Human'}",42025161,SRR36651753.fastq.gz,,IP,,eCLIP,NNNNNNNNNN,GSM9427135,UCSD,Gene Yeo,,USP39,,,,,,Brian Yee,,Illumina HiSeq 4000,,K562,,,,,,
422456844677891835,ENCORE Data,150349350964077530,EIF4E4082_Hs_HepG2_IP_rep2,false,CLIP,"{'id': 'Hs', 'name': 'Human'}",42025161,SRR36648047.fastq.gz,,,,eCLIP,NNNNNNNNNN,GSM9425790,UCSD,Gene Yeo,,EIF4E,,,,,,Brian Yee,,Illumina,,HepG2,,,,,,
422456844677891835,ENCORE Data,508032819991400869,NCL4035_Hs_K562_INPUT_rep2,false,CLIP,"{'id': 'Hs', 'name': 'Human'}",42025161,SRR36648034.fastq.gz,,INPUT,,eCLIP,NNNNNNNNNN,GSM9425899,UCSD,Gene Yeo,,SMInput,,,,,,Brian Yee,,Illumina HiSeq 4000,,K562,,,,,,
422456844677891835,ENCORE Data,180679518177793960,SNRNP2004152_Hs_K562_IP_rep1,false,CLIP,"{'id': 'Hs', 'name': 'Human'}",42025161,SRR36648009.fastq.gz,,IP,,eCLIP,NNNNNNNNNN,GSM9426020,UCSD,Gene Yeo,,SNRNP200,,,,,,Brian Yee,,Illumina HiSeq 4000,,K562,,,,,,
422456844677891835,ENCORE Data,889336224252463209,DDX474050_Hs_K562_IP_rep2,false,CLIP,"{'id': 'Hs', 'name': 'Human'}",42025161,SRR36647951.fastq.gz,,IP,,eCLIP,NNNNNNNNNN,GSM9425918,UCSD,Gene Yeo,,DDX47,,,,,,Brian Yee,,Illumina HiSeq 4000,,K562,,,,,,
422456844677891835,ENCORE Data,957327421543908219,ELAVL14044_Hs_K562_INPUT_rep1,false,CLIP,"{'id': 'Hs', 'name': 'Human'}",42025161,SRR36647960.fastq.gz,,INPUT,,eCLIP,NNNNNNNNNN,GSM9425909,UCSD,Gene Yeo,,SMInput,,,,,,Brian Yee,,Illumina HiSeq 4000,,K562,,,,,,
422456844677891835,ENCORE Data,831356617102250416,DHX384202_Hs_HepG2_INPUT_rep2,false,CLIP,"{'id': 'Hs', 'name': 'Human'}",42025161,SRR36647966.fastq.gz,,INPUT,,eCLIP,NNNNNNNNNN,GSM9425855,UCSD,Gene Yeo,,SMInput,,,,,,Brian Yee,,Illumina HiSeq 4000,,HepG2,,,,,,
422456844677891835,ENCORE Data,103140908995931209,TIAL14221_Hs_K562_IP_rep2,false,CLIP,"{'id': 'Hs', 'name': 'Human'}",42025161,SRR36647919.fastq.gz,,IP,,eCLIP,NNNNNNNNNN,GSM9426046,UCSD,Gene Yeo,,TIAL1,,,,,,Brian Yee,,Illumina HiSeq 4000,,K562,,,,,,
422456844677891835,ENCORE Data,855133834084879300,SRSF94132_Hs_K562_INPUT_rep1,false,CLIP,"{'id': 'Hs', 'name': 'Human'}",42025161,SRR36647868.fastq.gz,,,,eCLIP,NNNNNNNNNN,GSM9425985,UCSD,Gene Yeo,,SMInput,,,,,,Brian Yee,,Illumina,,K562,,,,,,
422456844677891835,ENCORE Data,904630258684262103,DDX415081_Hs_K562_INPUT_rep1,false,CLIP,"{'id': 'Hs', 'name': 'Human'}",42025161,SRR36651740.fastq.gz,,INPUT,,eCLIP,NNNNNNNNNN,GSM9426970,UCSD,Gene Yeo,,SMInput,,,,,,Brian Yee,,Illumina NovaSeq X Plus,,K562,,,,,,
422456844677891835,ENCORE Data,969255537019222234,SNRPC4164_Hs_K562_INPUT_rep1,false,CLIP,"{'id': 'Hs', 'name': 'Human'}",42025161,SRR36647940.fastq.gz,,INPUT,,eCLIP,NNNNNNNNNN,GSM9425977,UCSD,Gene Yeo,,SMInput,,,,,,Brian Yee,,Illumina HiSeq 4000,,K562,,,,,,
422456844677891835,ENCORE Data,227164197583562068,PRK25064_Hs_K562_INPUT_rep2,false,CLIP,"{'id': 'Hs', 'name': 'Human'}",42025161,SRR36651656.fastq.gz,,INPUT,,eCLIP,NNNNNNNNNN,GSM9427052,UCSD,Gene Yeo,,SMInput,,,,,,Brian Yee,,Illumina NovaSeq X Plus,,K562,,,,,,
422456844677891835,ENCORE Data,596496128162029459,SNRNP2004152_Hs_K562_INPUT_rep1,false,CLIP,"{'id': 'Hs', 'name': 'Human'}",42025161,SRR36648008.fastq.gz,,INPUT,,eCLIP,NNNNNNNNNN,GSM9426021,UCSD,Gene Yeo,,SMInput,,,,,,Brian Yee,,Illumina HiSeq 4000,,K562,,,,,,
422456844677891835,ENCORE Data,459510876265468103,RPS64012_Hs_K562_IP_rep1,false,CLIP,"{'id': 'Hs', 'name': 'Human'}",42025161,SRR36647825.fastq.gz,,IP,,eCLIP,NNNNNNNNNN,GSM9425884,UCSD,Gene Yeo,,RPS6,,,,,,Brian Yee,,Illumina HiSeq 4000,,K562,,,,,,
422456844677891835,ENCORE Data,665312658283389192,DDX415081_Hs_K562_INPUT_rep2,false,CLIP,"{'id': 'Hs', 'name': 'Human'}",42025161,SRR36651738.fastq.gz,,INPUT,,eCLIP,NNNNNNNNNN,GSM9426972,UCSD,Gene Yeo,,SMInput,,,,,,Brian Yee,,Illumina NovaSeq X Plus,,K562,,,,,,
422456844677891835,ENCORE Data,170569913960984124,WDR775076_Hs_K562_INPUT_rep2,false,CLIP,"{'id': 'Hs', 'name': 'Human'}",42025161,SRR36651644.fastq.gz,,INPUT,,eCLIP,NNNNNNNNNN,GSM9427112,UCSD,Gene Yeo,,SMInput,,,,,,Brian Yee,,Illumina NovaSeq X Plus,,K562,,,,,,
422456844677891835,ENCORE Data,622164616051177656,GFPT15078_Hs_K562_IP_rep1,false,CLIP,"{'id': 'Hs', 'name': 'Human'}",42025161,SRR36651543.fastq.gz,,,,eCLIP,NNNNNNNNNN,GSM9427021,UCSD,Gene Yeo,,GFPT1,,,,,,Brian Yee,,Illumina,,K562,,,,,,
422456844677891835,ENCORE Data,558599828304114668,TIAL15014_Hs_K562_INPUT_rep1,false,CLIP,"{'id': 'Hs', 'name': 'Human'}",42025161,SRR36651712.fastq.gz,,INPUT,,eCLIP,NNNNNNNNNN,GSM9427094,UCSD,Gene Yeo,,SMInput,,,,,,Brian Yee,,Illumina NovaSeq X Plus,,K562,,,,,,
422456844677891835,ENCORE Data,178219672494335146,ELAVL14083_Hs_HepG2_IP_rep2,false,CLIP,"{'id': 'Hs', 'name': 'Human'}",42025161,SRR36647991.fastq.gz,,IP,,eCLIP,NNNNNNNNNN,GSM9425798,UCSD,Gene Yeo,,ELAVL1,,,,,,Brian Yee,,Illumina NovaSeq 6000,,HepG2,,,,,,
422456844677891835,ENCORE Data,461745452983776518,RPS104104_Hs_K562_INPUT_rep2,false,CLIP,"{'id': 'Hs', 'name': 'Human'}",42025161,SRR36647946.fastq.gz,,INPUT,,eCLIP,NNNNNNNNNN,GSM9425971,UCSD,Gene Yeo,,SMInput,,,,,,Brian Yee,,Illumina HiSeq 4000,,K562,,,,,,
422456844677891835,ENCORE Data,794912144948356435,GARS4108_Hs_HepG2_INPUT_rep2,false,CLIP,"{'id': 'Hs', 'name': 'Human'}",42025161,SRR36647986.fastq.gz,,INPUT,,eCLIP,NNNNNNNNNN,GSM9425803,UCSD,Gene Yeo,,SMInput,,,,,,Brian Yee,,Illumina NovaSeq 6000,,HepG2,,,,,,
422456844677891835,ENCORE Data,474406663994023425,NCBP15121_Hs_K562_IP_rep2,false,CLIP,"{'id': 'Hs', 'name': 'Human'}",42025161,SRR36651629.fastq.gz,,IP,,eCLIP,NNNNNNNNNN,GSM9426935,UCSD,Gene Yeo,,NCBP1,,,,,,Brian Yee,,Illumina HiSeq 4000,,K562,,,,,,
422456844677891835,ENCORE Data,707407463702537242,AGO24116_Hs_K562_INPUT_rep2,false,CLIP,"{'id': 'Hs', 'name': 'Human'}",42025161,SRR36648022.fastq.gz,,INPUT,,eCLIP,NNNNNNNNNN,GSM9425959,UCSD,Gene Yeo,,SMInput,,,,,,Brian Yee,,Illumina NovaSeq 6000,,K562,,,,,,
422456844677891835,ENCORE Data,438064965447098787,EIF2S25023_Hs_K562_INPUT_rep2,false,CLIP,"{'id': 'Hs', 'name': 'Human'}",42025161,SRR36651620.fastq.gz,,INPUT,,eCLIP,NNNNNNNNNN,GSM9426992,UCSD,Gene Yeo,,SMInput,,,,,,Brian Yee,,Illumina NovaSeq X Plus,,K562,,,,,,
422456844677891835,ENCORE Data,435783560143414286,RBM105113_Hs_K562_INPUT_rep1,false,CLIP,"{'id': 'Hs', 'name': 'Human'}",42025161,SRR36651686.fastq.gz,,INPUT,,eCLIP,NNNNNNNNNN,GSM9426926,UCSD,Gene Yeo,,SMInput,,,,,,Brian Yee,,Illumina NovaSeq X Plus,,K562,,,,,,
422456844677891835,ENCORE Data,780224225640030617,PTBP15015_Hs_K562_IP_rep1,false,CLIP,"{'id': 'Hs', 'name': 'Human'}",42025161,SRR36651599.fastq.gz,,IP,,eCLIP,NNNNNNNNNN,GSM9427061,UCSD,Gene Yeo,,PTBP1,,,,,,Brian Yee,,Illumina NovaSeq X Plus,,K562,,,,,,
422456844677891835,ENCORE Data,145463292564768729,NOP25098_Hs_K562_INPUT_rep2,false,CLIP,"{'id': 'Hs', 'name': 'Human'}",42025161,SRR36651664.fastq.gz,,INPUT,,eCLIP,NNNNNNNNNN,GSM9427044,UCSD,Gene Yeo,,SMInput,,,,,,Brian Yee,,Illumina NovaSeq X Plus,,K562,,,,,,
422456844677891835,ENCORE Data,552085515446746561,CNOT35133_Hs_K562_INPUT_rep2,false,CLIP,"{'id': 'Hs', 'name': 'Human'}",42025161,SRR36651588.fastq.gz,,INPUT,,eCLIP,NNNNNNNNNN,GSM9427120,UCSD,Gene Yeo,,SMInput,,,,,,Brian Yee,,Illumina HiSeq 4000,,K562,,,,,,
422456844677891835,ENCORE Data,743389689899027709,BCAT25120_Hs_K562_IP_rep1,false,CLIP,"{'id': 'Hs', 'name': 'Human'}",42025161,SRR36651635.fastq.gz,,IP,,eCLIP,NNNNNNNNNN,GSM9426929,UCSD,Gene Yeo,,BCAT2,,,,,,Brian Yee,,Illumina HiSeq 4000,,K562,,,,,,
422456844677891835,ENCORE Data,469288998783018833,EIF3A4138_Hs_K562_INPUT_rep1,false,CLIP,"{'id': 'Hs', 'name': 'Human'}",42025161,SRR36647796.fastq.gz,,INPUT,,eCLIP,NNNNNNNNNN,GSM9426009,UCSD,Gene Yeo,,SMInput,,,,,,Brian Yee,,Illumina HiSeq 4000,,K562,,,,,,
422456844677891835,ENCORE Data,497872462864493149,EIF2B55020_Hs_K562_INPUT_rep2,false,CLIP,"{'id': 'Hs', 'name': 'Human'}",42025161,SRR36651672.fastq.gz,,INPUT,,eCLIP,NNNNNNNNNN,GSM9426988,UCSD,Gene Yeo,,SMInput,,,,,,Brian Yee,,Illumina NovaSeq X Plus,,K562,,,,,,
422456844677891835,ENCORE Data,418079578777784075,UPF15002_Hs_K562_INPUT_rep1,false,CLIP,"{'id': 'Hs', 'name': 'Human'}",42025161,SRR36651698.fastq.gz,,INPUT,,eCLIP,NNNNNNNNNN,GSM9426914,UCSD,Gene Yeo,,SMInput,,,,,,Brian Yee,,Illumina NovaSeq 6000,,K562,,,,,,
422456844677891835,ENCORE Data,759756879300898938,UPF15002_Hs_K562_IP_rep1,false,CLIP,"{'id': 'Hs', 'name': 'Human'}",42025161,SRR36651699.fastq.gz,,IP,,eCLIP,NNNNNNNNNN,GSM9426913,UCSD,Gene Yeo,,UPF1,,,,,,Brian Yee,,Illumina NovaSeq 6000,,K562,,,,,,
422456844677891835,ENCORE Data,249885472099453105,CNOT35133_Hs_K562_IP_rep2,false,CLIP,"{'id': 'Hs', 'name': 'Human'}",42025161,SRR36651589.fastq.gz,,IP,,eCLIP,NNNNNNNNNN,GSM9427119,UCSD,Gene Yeo,,CNOT3,,,,,,Brian Yee,,Illumina HiSeq 4000,,K562,,,,,,
422456844677891835,ENCORE Data,735207448291440828,NSUN24215_Hs_HepG2_INPUT_rep1,false,CLIP,"{'id': 'Hs', 'name': 'Human'}",42025161,SRR36647896.fastq.gz,,INPUT,,eCLIP,NNNNNNNNNN,GSM9425861,UCSD,Gene Yeo,,SMInput,,,,,,Brian Yee,,Illumina HiSeq 4000,,HepG2,,,,,,
422456844677891835,ENCORE Data,469026828832092752,TARDBP4110_Hs_HepG2_IP_rep1,false,CLIP,"{'id': 'Hs', 'name': 'Human'}",42025161,SRR36648053.fastq.gz,,IP,,eCLIP,NNNNNNNNNN,GSM9425784,UCSD,Gene Yeo,,TARDBP,,,,,,Brian Yee,,Illumina HiSeq 4000,,HepG2,,,,,,
422456844677891835,ENCORE Data,497453583622681391,KARS5104_Hs_K562_INPUT_rep2,false,CLIP,"{'id': 'Hs', 'name': 'Human'}",42025161,SRR36651568.fastq.gz,,INPUT,,eCLIP,NNNNNNNNNN,GSM9426948,UCSD,Gene Yeo,,SMInput,,,,,,Brian Yee,,Illumina NovaSeq X Plus,,K562,,,,,,
422456844677891835,ENCORE Data,743816854175530819,UPF15002_Hs_K562_IP_rep2,false,CLIP,"{'id': 'Hs', 'name': 'Human'}",42025161,SRR36651697.fastq.gz,,IP,,eCLIP,NNNNNNNNNN,GSM9426915,UCSD,Gene Yeo,,UPF1,,,,,,Brian Yee,,Illumina NovaSeq 6000,,K562,,,,,,
422456844677891835,ENCORE Data,208798588917259063,UBAP2L5090_Hs_K562_INPUT_rep1,false,CLIP,"{'id': 'Hs', 'name': 'Human'}",42025161,SRR36651704.fastq.gz,,INPUT,,eCLIP,NNNNNNNNNN,GSM9427102,UCSD,Gene Yeo,,SMInput,,,,,,Brian Yee,,Illumina NovaSeq X Plus,,K562,,,,,,
422456844677891835,ENCORE Data,433697289149489036,PABPC15117_Hs_K562_IP_rep1,false,CLIP,"{'id': 'Hs', 'name': 'Human'}",42025161,SRR36651579.fastq.gz,,IP,,eCLIP,NNNNNNNNNN,GSM9427129,UCSD,Gene Yeo,,PABPC1,,,,,,Brian Yee,,Illumina HiSeq 4000,,K562,,,,,,
422456844677891835,ENCORE Data,378067154368583183,KHSRP5001_Hs_K562_IP_rep1,false,CLIP,"{'id': 'Hs', 'name': 'Human'}",42025161,SRR36651703.fastq.gz,,,,eCLIP,NNNNNNNNNN,GSM9426909,UCSD,Gene Yeo,,KHSRP,,,,,,Brian Yee,,Illumina,,K562,,,,,,
422456844677891835,ENCORE Data,524214044101989433,SUZ125033_Hs_K562_IP_rep1,false,CLIP,"{'id': 'Hs', 'name': 'Human'}",42025161,SRR36651759.fastq.gz,,IP,,eCLIP,NNNNNNNNNN,GSM9427081,UCSD,Gene Yeo,,SUZ12,,,,,,Brian Yee,,Illumina NovaSeq X Plus,,K562,,,,,,
422456844677891835,ENCORE Data,765920659884121048,CACTIN4190_Hs_HepG2_INPUT_rep1,false,CLIP,"{'id': 'Hs', 'name': 'Human'}",42025161,SRR36647980.fastq.gz,,INPUT,,eCLIP,NNNNNNNNNN,GSM9425841,UCSD,Gene Yeo,,SMInput,,,,,,Brian Yee,,Illumina HiSeq 4000,,HepG2,,,,,,
422456844677891835,ENCORE Data,516965195261317777,PABPN15062_Hs_HepG2_IP_rep1,false,CLIP,"{'id': 'Hs', 'name': 'Human'}",42025161,SRR36651567.fastq.gz,,,,eCLIP,NNNNNNNNNN,GSM9426949,UCSD,Gene Yeo,,PABPN1,,,,,,Brian Yee,,Illumina,,HepG2,,,,,,
422456844677891835,ENCORE Data,627352982976646306,SNRNP2004152_Hs_K562_INPUT_rep2,false,CLIP,"{'id': 'Hs', 'name': 'Human'}",42025161,SRR36648006.fastq.gz,,INPUT,,eCLIP,NNNNNNNNNN,GSM9426023,UCSD,Gene Yeo,,SMInput,,,,,,Brian Yee,,Illumina HiSeq 4000,,K562,,,,,,
422456844677891835,ENCORE Data,679949053714936113,MFAP14169_Hs_K562_INPUT_rep1,false,CLIP,"{'id': 'Hs', 'name': 'Human'}",42025161,SRR36647792.fastq.gz,,INPUT,,eCLIP,NNNNNNNNNN,GSM9426013,UCSD,Gene Yeo,,SMInput,,,,,,Brian Yee,,Illumina HiSeq 4000,,K562,,,,,,
422456844677891835,ENCORE Data,426504331362976747,EXOSC104161_Hs_K562_IP_rep1,false,CLIP,"{'id': 'Hs', 'name': 'Human'}",42025161,SRR36647861.fastq.gz,,IP,,eCLIP,NNNNNNNNNN,GSM9425992,UCSD,Gene Yeo,,EXOSC10,,,,,,Brian Yee,,Illumina HiSeq 4000,,K562,,,,,,
422456844677891835,ENCORE Data,785297649467578832,EIF15134_Hs_K562_IP_rep1,false,CLIP,"{'id': 'Hs', 'name': 'Human'}",42025161,SRR36651587.fastq.gz,,IP,,eCLIP,NNNNNNNNNN,GSM9427121,UCSD,Gene Yeo,,EIF1,,,,,,Brian Yee,,Illumina HiSeq 4000,,K562,,,,,,
422456844677891835,ENCORE Data,179436251115649194,TARDBP4110_Hs_HepG2_INPUT_rep1,false,CLIP,"{'id': 'Hs', 'name': 'Human'}",42025161,SRR36648052.fastq.gz,,INPUT,,eCLIP,NNNNNNNNNN,GSM9425785,UCSD,Gene Yeo,,SMInput,,,,,,Brian Yee,,Illumina HiSeq 4000,,HepG2,,,,,,
422456844677891835,ENCORE Data,129707924195556351,SNRPA14203_Hs_HepG2_IP_rep2,false,CLIP,"{'id': 'Hs', 'name': 'Human'}",42025161,SRR36647907.fastq.gz,,IP,,eCLIP,NNNNNNNNNN,GSM9425818,UCSD,Gene Yeo,,SNRPA1,,,,,,Brian Yee,,Illumina HiSeq 4000,,HepG2,,,,,,
422456844677891835,ENCORE Data,568125554068411571,ELAVL14044_Hs_K562_IP_rep2,false,CLIP,"{'id': 'Hs', 'name': 'Human'}",42025161,SRR36647959.fastq.gz,,IP,,eCLIP,NNNNNNNNNN,GSM9425910,UCSD,Gene Yeo,,ELAVL1,,,,,,Brian Yee,,Illumina HiSeq 4000,,K562,,,,,,
422456844677891835,ENCORE Data,422750552819333033,THOC45123_Hs_K562_IP_rep2,false,CLIP,"{'id': 'Hs', 'name': 'Human'}",42025161,SRR36651625.fastq.gz,,IP,,eCLIP,NNNNNNNNNN,GSM9426939,UCSD,Gene Yeo,,THOC4,,,,,,Brian Yee,,Illumina HiSeq 4000,,K562,,,,,,
422456844677891835,ENCORE Data,251672194162868090,PPP1R104148_Hs_HepG2_IP_rep1,false,CLIP,"{'id': 'Hs', 'name': 'Human'}",42025161,SRR36647845.fastq.gz,,IP,,eCLIP,NNNNNNNNNN,GSM9425832,UCSD,Gene Yeo,,PPP1R10,,,,,,Brian Yee,,Illumina HiSeq 4000,,HepG2,,,,,,
422456844677891835,ENCORE Data,164934677135697709,ELAC24224_Hs_K562_INPUT_rep2,false,CLIP,"{'id': 'Hs', 'name': 'Human'}",42025161,SRR36647922.fastq.gz,,INPUT,,eCLIP,NNNNNNNNNN,GSM9426043,UCSD,Gene Yeo,,SMInput,,,,,,Brian Yee,,Illumina HiSeq 4000,,K562,,,,,,
422456844677891835,ENCORE Data,191646817090518749,SRSF94132_Hs_K562_INPUT_rep2,false,CLIP,"{'id': 'Hs', 'name': 'Human'}",42025161,SRR36647866.fastq.gz,,INPUT,,eCLIP,NNNNNNNNNN,GSM9425987,UCSD,Gene Yeo,,SMInput,,,,,,Brian Yee,,Illumina HiSeq 4000,,K562,,,,,,
422456844677891835,ENCORE Data,722741782604018355,MFAP14169_Hs_K562_IP_rep2,false,CLIP,"{'id': 'Hs', 'name': 'Human'}",42025161,SRR36647791.fastq.gz,,IP,,eCLIP,NNNNNNNNNN,GSM9426014,UCSD,Gene Yeo,,MFAP1,,,,,,Brian Yee,,Illumina HiSeq 4000,,K562,,,,,,
422456844677891835,ENCORE Data,568910727988261061,LARS5082_Hs_K562_INPUT_rep2,false,CLIP,"{'id': 'Hs', 'name': 'Human'}",42025161,SRR36651726.fastq.gz,,INPUT,,eCLIP,NNNNNNNNNN,GSM9427032,UCSD,Gene Yeo,,SMInput,,,,,,Brian Yee,,Illumina NovaSeq X Plus,,K562,,,,,,
422456844677891835,ENCORE Data,403264958764440763,SNRPC4187_Hs_HepG2_INPUT_rep2,false,CLIP,"{'id': 'Hs', 'name': 'Human'}",42025161,SRR36647850.fastq.gz,,,,eCLIP,NNNNNNNNNN,GSM9425827,UCSD,Gene Yeo,,SMInput,,,,,,Brian Yee,,Illumina,,HepG2,,,,,,
422456844677891835,ENCORE Data,813661725437483836,PRPF394149_Hs_HepG2_IP_rep2,false,CLIP,"{'id': 'Hs', 'name': 'Human'}",42025161,SRR36647839.fastq.gz,,IP,,eCLIP,NNNNNNNNNN,GSM9425838,UCSD,Gene Yeo,,PRPF39,,,,,,Brian Yee,,Illumina HiSeq 4000,,HepG2,,,,,,
422456844677891835,ENCORE Data,993328758384548822,APEX14081_Hs_HepG2_INPUT_rep1,false,CLIP,"{'id': 'Hs', 'name': 'Human'}",42025161,SRR36647996.fastq.gz,,INPUT,,eCLIP,NNNNNNNNNN,GSM9425793,UCSD,Gene Yeo,,SMInput,,,,,,Brian Yee,,Illumina NovaSeq 6000,,HepG2,,,,,,
422456844677891835,ENCORE Data,646469399332763626,SUZ125033_Hs_K562_INPUT_rep1,false,CLIP,"{'id': 'Hs', 'name': 'Human'}",42025161,SRR36651758.fastq.gz,,INPUT,,eCLIP,NNNNNNNNNN,GSM9427082,UCSD,Gene Yeo,,SMInput,,,,,,Brian Yee,,Illumina NovaSeq X Plus,,K562,,,,,,
422456844677891835,ENCORE Data,271080174847074242,PARP4214_Hs_HepG2_IP_rep1,false,CLIP,"{'id': 'Hs', 'name': 'Human'}",42025161,SRR36647901.fastq.gz,,IP,,eCLIP,NNNNNNNNNN,GSM9425856,UCSD,Gene Yeo,,PARP,,,,,,Brian Yee,,Illumina HiSeq 4000,,HepG2,,,,,,
422456844677891835,ENCORE Data,696560688359452133,PABPC15117_Hs_K562_INPUT_rep1,false,CLIP,"{'id': 'Hs', 'name': 'Human'}",42025161,SRR36651578.fastq.gz,,INPUT,,eCLIP,NNNNNNNNNN,GSM9427130,UCSD,Gene Yeo,,SMInput,,,,,,Brian Yee,,Illumina HiSeq 4000,,K562,,,,,,
422456844677891835,ENCORE Data,707842198211217835,EIF3E5025_Hs_K562_IP_rep2,false,CLIP,"{'id': 'Hs', 'name': 'Human'}",42025161,SRR36651609.fastq.gz,,IP,,eCLIP,NNNNNNNNNN,GSM9427003,UCSD,Gene Yeo,,EIF3E,,,,,,Brian Yee,,Illumina NovaSeq X Plus,,K562,,,,,,
422456844677891835,ENCORE Data,584897778608737621,FUBP35040_Hs_K562_INPUT_rep1,false,CLIP,"{'id': 'Hs', 'name': 'Human'}",42025161,SRR36651550.fastq.gz,,INPUT,,eCLIP,NNNNNNNNNN,GSM9427014,UCSD,Gene Yeo,,SMInput,,,,,,Brian Yee,,Illumina NovaSeq X Plus,,K562,,,,,,
422456844677891835,ENCORE Data,569545294877768552,KARS5104_Hs_K562_IP_rep2,false,CLIP,"{'id': 'Hs', 'name': 'Human'}",42025161,SRR36651569.fastq.gz,,IP,,eCLIP,NNNNNNNNNN,GSM9426947,UCSD,Gene Yeo,,KARS,,,,,,Brian Yee,,Illumina NovaSeq X Plus,,K562,,,,,,
422456844677891835,ENCORE Data,732722941987685300,UPF15002_Hs_K562_INPUT_rep2,false,CLIP,"{'id': 'Hs', 'name': 'Human'}",42025161,SRR36651696.fastq.gz,,INPUT,,eCLIP,NNNNNNNNNN,GSM9426916,UCSD,Gene Yeo,,SMInput,,,,,,Brian Yee,,Illumina NovaSeq 6000,,K562,,,,,,
422456844677891835,ENCORE Data,205670123723022500,CACTIN4190_Hs_HepG2_IP_rep2,false,CLIP,"{'id': 'Hs', 'name': 'Human'}",42025161,SRR36647979.fastq.gz,,IP,,eCLIP,NNNNNNNNNN,GSM9425842,UCSD,Gene Yeo,,CACTIN,,,,,,Brian Yee,,Illumina HiSeq 4000,,HepG2,,,,,,
422456844677891835,ENCORE Data,876661249967986321,RECQ14049_Hs_K562_IP_rep2,false,CLIP,"{'id': 'Hs', 'name': 'Human'}",42025161,SRR36647815.fastq.gz,,IP,,eCLIP,NNNNNNNNNN,GSM9425942,UCSD,Gene Yeo,,RECQ1,,,,,,Brian Yee,,Illumina HiSeq 4000,,K562,,,,,,
422456844677891835,ENCORE Data,987740880441786225,ADAT14217_Hs_K562_IP_rep1,false,CLIP,"{'id': 'Hs', 'name': 'Human'}",42025161,SRR36648005.fastq.gz,,IP,,eCLIP,NNNNNNNNNN,GSM9426024,UCSD,Gene Yeo,,ADAT1,,,,,,Brian Yee,,Illumina HiSeq 4000,,K562,,,,,,
422456844677891835,ENCORE Data,698061834623516876,DDX55094_Hs_K562_IP_rep2,false,CLIP,"{'id': 'Hs', 'name': 'Human'}",42025161,SRR36651685.fastq.gz,,IP,,eCLIP,NNNNNNNNNN,GSM9426975,UCSD,Gene Yeo,,DDX5,,,,,,Brian Yee,,Illumina NovaSeq X Plus,,K562,,,,,,
422456844677891835,ENCORE Data,484772072716139139,EIF15134_Hs_K562_INPUT_rep1,false,CLIP,"{'id': 'Hs', 'name': 'Human'}",42025161,SRR36651586.fastq.gz,,INPUT,,eCLIP,NNNNNNNNNN,GSM9427122,UCSD,Gene Yeo,,SMInput,,,,,,Brian Yee,,Illumina HiSeq 4000,,K562,,,,,,
422456844677891835,ENCORE Data,378457407847714435,EXOSC104161_Hs_K562_INPUT_rep1,false,CLIP,"{'id': 'Hs', 'name': 'Human'}",42025161,SRR36647860.fastq.gz,,INPUT,,eCLIP,NNNNNNNNNN,GSM9425993,UCSD,Gene Yeo,,SMInput,,,,,,Brian Yee,,Illumina HiSeq 4000,,K562,,,,,,
422456844677891835,ENCORE Data,933342286243958672,DDX434160_Hs_K562_IP_rep1,false,CLIP,"{'id': 'Hs', 'name': 'Human'}",42025161,SRR36647865.fastq.gz,,IP,,eCLIP,NNNNNNNNNN,GSM9425988,UCSD,Gene Yeo,,DDX43,,,,,,Brian Yee,,Illumina HiSeq 4000,,K562,,,,,,
422456844677891835,ENCORE Data,409256022902495479,TARDBP4110_Hs_HepG2_IP_rep2,false,CLIP,"{'id': 'Hs', 'name': 'Human'}",42025161,SRR36648051.fastq.gz,,IP,,eCLIP,NNNNNNNNNN,GSM9425786,UCSD,Gene Yeo,,TARDBP,,,,,,Brian Yee,,Illumina HiSeq 4000,,HepG2,,,,,,
422456844677891835,ENCORE Data,310759420512135415,KHSRP5001_Hs_K562_INPUT_rep1,false,CLIP,"{'id': 'Hs', 'name': 'Human'}",42025161,SRR36651702.fastq.gz,,INPUT,,eCLIP,NNNNNNNNNN,GSM9426910,UCSD,Gene Yeo,,SMInput,,,,,,Brian Yee,,Illumina NovaSeq 6000,,K562,,,,,,
422456844677891835,ENCORE Data,297978950743844674,CXXC14088_Hs_K562_INPUT_rep1,false,CLIP,"{'id': 'Hs', 'name': 'Human'}",42025161,SRR36648016.fastq.gz,,INPUT,,eCLIP,NNNNNNNNNN,GSM9425965,UCSD,Gene Yeo,,SMInput,,,,,,Brian Yee,,Illumina HiSeq 4000,,K562,,,,,,
422456844677891835,ENCORE Data,717346479541497714,NKRF5005_Hs_K562_IP_rep1,false,CLIP,"{'id': 'Hs', 'name': 'Human'}",42025161,SRR36651721.fastq.gz,,IP,,eCLIP,NNNNNNNNNN,GSM9427037,UCSD,Gene Yeo,,NKRF,,,,,,Brian Yee,,Illumina NovaSeq X Plus,,K562,,,,,,
422456844677891835,ENCORE Data,336972784427222926,HNRNPK4006_Hs_K562_IP_rep1,false,CLIP,"{'id': 'Hs', 'name': 'Human'}",42025161,SRR36647833.fastq.gz,,IP,,eCLIP,NNNNNNNNNN,GSM9425876,UCSD,Gene Yeo,,HNRNPK,,,,,,Brian Yee,,Illumina HiSeq 4000,,K562,,,,,,
422456844677891835,ENCORE Data,617836740539408242,SFPQ5125_Hs_K562_IP_rep1,false,CLIP,"{'id': 'Hs', 'name': 'Human'}",42025161,SRR36651623.fastq.gz,,IP,,eCLIP,NNNNNNNNNN,GSM9426941,UCSD,Gene Yeo,,SFPQ,,,,,,Brian Yee,,Illumina HiSeq 4000,,K562,,,,,,
422456844677891835,ENCORE Data,836058889140423954,SF3A14117_Hs_HepG2_IP_rep1,false,CLIP,"{'id': 'Hs', 'name': 'Human'}",42025161,SRR36647917.fastq.gz,,IP,,eCLIP,NNNNNNNNNN,GSM9425808,UCSD,Gene Yeo,,SF3A1,,,,,,Brian Yee,,Illumina NovaSeq 6000,,HepG2,,,,,,
422456844677891835,ENCORE Data,673685649126579494,ELAVL14044_Hs_K562_INPUT_rep2,false,CLIP,"{'id': 'Hs', 'name': 'Human'}",42025161,SRR36647958.fastq.gz,,INPUT,,eCLIP,NNNNNNNNNN,GSM9425911,UCSD,Gene Yeo,,SMInput,,,,,,Brian Yee,,Illumina HiSeq 4000,,K562,,,,,,
422456844677891835,ENCORE Data,361517044060706368,GARS4040_Hs_K562_INPUT_rep1,false,CLIP,"{'id': 'Hs', 'name': 'Human'}",42025161,SRR36647964.fastq.gz,,INPUT,,eCLIP,NNNNNNNNNN,GSM9425905,UCSD,Gene Yeo,,SMInput,,,,,,Brian Yee,,Illumina HiSeq 4000,,K562,,,,,,
422456844677891835,ENCORE Data,986090043509784410,NPM14010_Hs_K562_INPUT_rep1,false,CLIP,"{'id': 'Hs', 'name': 'Human'}",42025161,SRR36647828.fastq.gz,,INPUT,,eCLIP,NNNNNNNNNN,GSM9425881,UCSD,Gene Yeo,,SMInput,,,,,,Brian Yee,,Illumina HiSeq 4000,,K562,,,,,,
422456844677891835,ENCORE Data,267435736907588486,FXR24098_Hs_HepG2_IP_rep1,false,CLIP,"{'id': 'Hs', 'name': 'Human'}",42025161,SRR36648057.fastq.gz,,IP,,eCLIP,NNNNNNNNNN,GSM9425780,UCSD,Gene Yeo,,FXR2,,,,,,Brian Yee,,Illumina HiSeq 4000,,HepG2,,,,,,
422456844677891835,ENCORE Data,282778712256177519,PRPF394149_Hs_HepG2_INPUT_rep2,false,CLIP,"{'id': 'Hs', 'name': 'Human'}",42025161,SRR36647838.fastq.gz,,INPUT,,eCLIP,NNNNNNNNNN,GSM9425839,UCSD,Gene Yeo,,SMInput,,,,,,Brian Yee,,Illumina HiSeq 4000,,HepG2,,,,,,
422456844677891835,ENCORE Data,362527054261238954,SNRPA14203_Hs_HepG2_INPUT_rep2,false,CLIP,"{'id': 'Hs', 'name': 'Human'}",42025161,SRR36647906.fastq.gz,,INPUT,,eCLIP,NNNNNNNNNN,GSM9425819,UCSD,Gene Yeo,,SMInput,,,,,,Brian Yee,,Illumina HiSeq 4000,,HepG2,,,,,,
422456844677891835,ENCORE Data,860536550637094893,PPP1R104148_Hs_HepG2_INPUT_rep1,false,CLIP,"{'id': 'Hs', 'name': 'Human'}",42025161,SRR36647844.fastq.gz,,,,eCLIP,NNNNNNNNNN,GSM9425833,UCSD,Gene Yeo,,SMInput,,,,,,Brian Yee,,Illumina,,HepG2,,,,,,
422456844677891835,ENCORE Data,671926095394902929,YTHDF25108_Hs_K562_INPUT_rep1,false,CLIP,"{'id': 'Hs', 'name': 'Human'}",42025161,SRR36651694.fastq.gz,,INPUT,,eCLIP,NNNNNNNNNN,GSM9426918,UCSD,Gene Yeo,,SMInput,,,,,,Brian Yee,,Illumina NovaSeq X Plus,,K562,,,,,,
422456844677891835,ENCORE Data,533873919390538199,CDC405006_Hs_K562_IP_rep1,false,CLIP,"{'id': 'Hs', 'name': 'Human'}",42025161,SRR36651749.fastq.gz,,IP,,eCLIP,NNNNNNNNNN,GSM9426961,UCSD,Gene Yeo,,CDC40,,,,,,Brian Yee,,Illumina NovaSeq X Plus,,K562,,,,,,
422456844677891835,ENCORE Data,773887170162649951,CELF15041_Hs_K562_IP_rep2,false,CLIP,"{'id': 'Hs', 'name': 'Human'}",42025161,SRR36651743.fastq.gz,,IP,,eCLIP,NNNNNNNNNN,GSM9426967,UCSD,Gene Yeo,,CELF1,,,,,,Brian Yee,,Illumina NovaSeq X Plus,,K562,,,,,,
422456844677891835,ENCORE Data,202295827682987154,ADAR4137_Hs_K562_IP_rep2,false,CLIP,"{'id': 'Hs', 'name': 'Human'}",42025161,SRR36648011.fastq.gz,,IP,,eCLIP,NNNNNNNNNN,GSM9426018,UCSD,Gene Yeo,,ADAR,,,,,,Brian Yee,,Illumina HiSeq 4000,,K562,,,,,,
422456844677891835,ENCORE Data,796886018705491133,EIF15134_Hs_K562_INPUT_rep2,false,CLIP,"{'id': 'Hs', 'name': 'Human'}",42025161,SRR36651584.fastq.gz,,INPUT,,eCLIP,NNNNNNNNNN,GSM9427124,UCSD,Gene Yeo,,SMInput,,,,,,Brian Yee,,Illumina HiSeq 4000,,K562,,,,,,
422456844677891835,ENCORE Data,317841620476995119,DEK4146_Hs_HepG2_IP_rep1,false,CLIP,"{'id': 'Hs', 'name': 'Human'}",42025161,SRR36647849.fastq.gz,,IP,,eCLIP,NNNNNNNNNN,GSM9425828,UCSD,Gene Yeo,,DEK,,,,,,Brian Yee,,Illumina HiSeq 4000,,HepG2,,,,,,
422456844677891835,ENCORE Data,790396007977541697,APEX14081_Hs_HepG2_IP_rep2,false,CLIP,"{'id': 'Hs', 'name': 'Human'}",42025161,SRR36647995.fastq.gz,,IP,,eCLIP,NNNNNNNNNN,GSM9425794,UCSD,Gene Yeo,,APEX1,,,,,,Brian Yee,,Illumina NovaSeq 6000,,HepG2,,,,,,
422456844677891835,ENCORE Data,646685333100968758,DDX55094_Hs_K562_INPUT_rep2,false,CLIP,"{'id': 'Hs', 'name': 'Human'}",42025161,SRR36651684.fastq.gz,,INPUT,,eCLIP,NNNNNNNNNN,GSM9426976,UCSD,Gene Yeo,,SMInput,,,,,,Brian Yee,,Illumina NovaSeq X Plus,,K562,,,,,,
422456844677891835,ENCORE Data,378511936664450499,CDC405006_Hs_K562_INPUT_rep2,false,CLIP,"{'id': 'Hs', 'name': 'Human'}",42025161,SRR36651746.fastq.gz,,INPUT,,eCLIP,NNNNNNNNNN,GSM9426964,UCSD,Gene Yeo,,SMInput,,,,,,Brian Yee,,Illumina NovaSeq X Plus,,K562,,,,,,
422456844677891835,ENCORE Data,455810223499590546,NCBP15121_Hs_K562_INPUT_rep1,false,CLIP,"{'id': 'Hs', 'name': 'Human'}",42025161,SRR36651630.fastq.gz,,INPUT,,eCLIP,NNNNNNNNNN,GSM9426934,UCSD,Gene Yeo,,SMInput,,,,,,Brian Yee,,Illumina HiSeq 4000,,K562,,,,,,
422456844677891835,ENCORE Data,480244975277471027,FXR14036_Hs_K562_IP_rep1,false,CLIP,"{'id': 'Hs', 'name': 'Human'}",42025161,SRR36647809.fastq.gz,,IP,,eCLIP,NNNNNNNNNN,GSM9425948,UCSD,Gene Yeo,,FXR1,,,,,,Brian Yee,,Illumina NovaSeq 6000,,K562,,,,,,
422456844677891835,ENCORE Data,254010541855306829,PARP4214_Hs_HepG2_INPUT_rep1,false,CLIP,"{'id': 'Hs', 'name': 'Human'}",42025161,SRR36647900.fastq.gz,,INPUT,,eCLIP,NNNNNNNNNN,GSM9425857,UCSD,Gene Yeo,,SMInput,,,,,,Brian Yee,,Illumina HiSeq 4000,,HepG2,,,,,,
422456844677891835,ENCORE Data,647358041214766385,PDCD45075_Hs_K562_IP_rep2,false,CLIP,"{'id': 'Hs', 'name': 'Human'}",42025161,SRR36651661.fastq.gz,,IP,,eCLIP,NNNNNNNNNN,GSM9427047,UCSD,Gene Yeo,,PDCD4,,,,,,Brian Yee,,Illumina NovaSeq X Plus,,K562,,,,,,
422456844677891835,ENCORE Data,814095961011332716,NSUN24215_Hs_HepG2_IP_rep2,false,CLIP,"{'id': 'Hs', 'name': 'Human'}",42025161,SRR36647895.fastq.gz,,IP,,eCLIP,NNNNNNNNNN,GSM9425862,UCSD,Gene Yeo,,NSUN2,,,,,,Brian Yee,,Illumina HiSeq 4000,,HepG2,,,,,,
422456844677891835,ENCORE Data,837483789390994185,LARP15110_Hs_K562_IP_rep2,false,CLIP,"{'id': 'Hs', 'name': 'Human'}",42025161,SRR36651689.fastq.gz,,IP,,eCLIP,NNNNNNNNNN,GSM9426923,UCSD,Gene Yeo,,LARP1,,,,,,Brian Yee,,Illumina NovaSeq X Plus,,K562,,,,,,
422456844677891835,ENCORE Data,428770037757519804,SF3A14048_Hs_K562_INPUT_rep1,false,CLIP,"{'id': 'Hs', 'name': 'Human'}",42025161,SRR36647820.fastq.gz,,INPUT,,eCLIP,NNNNNNNNNN,GSM9425937,UCSD,Gene Yeo,,SMInput,,,,,,Brian Yee,,Illumina HiSeq 4000,,K562,,,,,,
422456844677891835,ENCORE Data,886288152824874373,PABPN15062_Hs_HepG2_INPUT_rep1,false,CLIP,"{'id': 'Hs', 'name': 'Human'}",42025161,SRR36651566.fastq.gz,,INPUT,,eCLIP,NNNNNNNNNN,GSM9426950,UCSD,Gene Yeo,,SMInput,,,,,,Brian Yee,,Illumina HiSeq 4000,,HepG2,,,,,,
422456844677891835,ENCORE Data,967777613381902766,SUZ125033_Hs_K562_IP_rep2,false,CLIP,"{'id': 'Hs', 'name': 'Human'}",42025161,SRR36651757.fastq.gz,,IP,,eCLIP,NNNNNNNNNN,GSM9427083,UCSD,Gene Yeo,,SUZ12,,,,,,Brian Yee,,Illumina NovaSeq X Plus,,K562,,,,,,
422456844677891835,ENCORE Data,152019414136873493,EIF2B45019_Hs_K562_INPUT_rep2,false,CLIP,"{'id': 'Hs', 'name': 'Human'}",42025161,SRR36651676.fastq.gz,,INPUT,,eCLIP,NNNNNNNNNN,GSM9426984,UCSD,Gene Yeo,,SMInput,,,,,,Brian Yee,,Illumina NovaSeq X Plus,,K562,,,,,,
422456844677891835,ENCORE Data,665238595956991577,PABPN15062_Hs_HepG2_INPUT_rep2,false,CLIP,"{'id': 'Hs', 'name': 'Human'}",42025161,SRR36651564.fastq.gz,,INPUT,,eCLIP,NNNNNNNNNN,GSM9426952,UCSD,Gene Yeo,,SMInput,,,,,,Brian Yee,,Illumina HiSeq 4000,,HepG2,,,,,,
422456844677891835,ENCORE Data,680794339337922907,PTBP15030_Hs_K562_INPUT_rep1,false,CLIP,"{'id': 'Hs', 'name': 'Human'}",42025161,SRR36651594.fastq.gz,,INPUT,,eCLIP,NNNNNNNNNN,GSM9427066,UCSD,Gene Yeo,,SMInput,,,,,,Brian Yee,,Illumina NovaSeq X Plus,,K562,,,,,,
422456844677891835,ENCORE Data,309591845184642901,YTHDC15096_Hs_K562_IP_rep2,false,CLIP,"{'id': 'Hs', 'name': 'Human'}",42025161,SRR36651641.fastq.gz,,IP,,eCLIP,NNNNNNNNNN,GSM9427115,UCSD,Gene Yeo,,YTHDC1,,,,,,Brian Yee,,Illumina NovaSeq X Plus,,K562,,,,,,
422456844677891835,ENCORE Data,360922173963859282,DDX434160_Hs_K562_INPUT_rep1,false,CLIP,"{'id': 'Hs', 'name': 'Human'}",42025161,SRR36647864.fastq.gz,,,,eCLIP,NNNNNNNNNN,GSM9425989,UCSD,Gene Yeo,,SMInput,,,,,,Brian Yee,,Illumina,,K562,,,,,,
422456844677891835,ENCORE Data,332654443650585483,SF3A14048_Hs_K562_IP_rep2,false,CLIP,"{'id': 'Hs', 'name': 'Human'}",42025161,SRR36647819.fastq.gz,,IP,,eCLIP,NNNNNNNNNN,GSM9425938,UCSD,Gene Yeo,,SF3A1,,,,,,Brian Yee,,Illumina HiSeq 4000,,K562,,,,,,
422456844677891835,ENCORE Data,651481971348628935,CACTIN4190_Hs_HepG2_INPUT_rep2,false,CLIP,"{'id': 'Hs', 'name': 'Human'}",42025161,SRR36647978.fastq.gz,,INPUT,,eCLIP,NNNNNNNNNN,GSM9425843,UCSD,Gene Yeo,,SMInput,,,,,,Brian Yee,,Illumina HiSeq 4000,,HepG2,,,,,,
422456844677891835,ENCORE Data,483917859572453396,SRSF14045_Hs_K562_IP_rep1,false,CLIP,"{'id': 'Hs', 'name': 'Human'}",42025161,SRR36647885.fastq.gz,,IP,,eCLIP,NNNNNNNNNN,GSM9425920,UCSD,Gene Yeo,,SRSF1,,,,,,Brian Yee,,Illumina HiSeq 4000,,K562,,,,,,
422456844677891835,ENCORE Data,292421273819572374,CELF15041_Hs_K562_INPUT_rep2,false,CLIP,"{'id': 'Hs', 'name': 'Human'}",42025161,SRR36651742.fastq.gz,,INPUT,,eCLIP,NNNNNNNNNN,GSM9426968,UCSD,Gene Yeo,,SMInput,,,,,,Brian Yee,,Illumina NovaSeq X Plus,,K562,,,,,,
422456844677891835,ENCORE Data,392350093771565186,HNRNPK4006_Hs_K562_INPUT_rep2,false,CLIP,"{'id': 'Hs', 'name': 'Human'}",42025161,SRR36647830.fastq.gz,,INPUT,,eCLIP,NNNNNNNNNN,GSM9425879,UCSD,Gene Yeo,,SMInput,,,,,,Brian Yee,,Illumina HiSeq 4000,,K562,,,,,,
422456844677891835,ENCORE Data,896055074749815679,ADAT14217_Hs_K562_INPUT_rep1,false,CLIP,"{'id': 'Hs', 'name': 'Human'}",42025161,SRR36648004.fastq.gz,,INPUT,,eCLIP,NNNNNNNNNN,GSM9426025,UCSD,Gene Yeo,,SMInput,,,,,,Brian Yee,,Illumina HiSeq 4000,,K562,,,,,,
422456844677891835,ENCORE Data,854935472265475676,TIAL14221_Hs_K562_IP_rep1,false,CLIP,"{'id': 'Hs', 'name': 'Human'}",42025161,SRR36647921.fastq.gz,,IP,,eCLIP,NNNNNNNNNN,GSM9426044,UCSD,Gene Yeo,,TIAL1,,,,,,Brian Yee,,Illumina HiSeq 4000,,K562,,,,,,
422456844677891835,ENCORE Data,818287289177101685,DNAJC25084_Hs_K562_IP_rep2,false,CLIP,"{'id': 'Hs', 'name': 'Human'}",42025161,SRR36651681.fastq.gz,,IP,,eCLIP,NNNNNNNNNN,GSM9426979,UCSD,Gene Yeo,,DNAJC2,,,,,,Brian Yee,,Illumina NovaSeq X Plus,,K562,,,,,,
422456844677891835,ENCORE Data,668747341381509378,LARP15110_Hs_K562_INPUT_rep2,false,CLIP,"{'id': 'Hs', 'name': 'Human'}",42025161,SRR36651688.fastq.gz,,INPUT,,eCLIP,NNNNNNNNNN,GSM9426924,UCSD,Gene Yeo,,SMInput,,,,,,Brian Yee,,Illumina NovaSeq X Plus,,K562,,,,,,
422456844677891835,ENCORE Data,164351006396139591,PRPF394114_Hs_HepG2_IP_rep1,false,CLIP,"{'id': 'Hs', 'name': 'Human'}",42025161,SRR36647985.fastq.gz,,IP,,eCLIP,NNNNNNNNNN,GSM9425804,UCSD,Gene Yeo,,PRPF39,,,,,,Brian Yee,,Illumina NovaSeq 6000,,HepG2,,,,,,
422456844677891835,ENCORE Data,888911619593051607,NSUN24215_Hs_HepG2_INPUT_rep2,false,CLIP,"{'id': 'Hs', 'name': 'Human'}",42025161,SRR36647894.fastq.gz,,INPUT,,eCLIP,NNNNNNNNNN,GSM9425863,UCSD,Gene Yeo,,SMInput,,,,,,Brian Yee,,Illumina HiSeq 4000,,HepG2,,,,,,
422456844677891835,ENCORE Data,170424194210848839,PABPC15117_Hs_K562_IP_rep2,false,CLIP,"{'id': 'Hs', 'name': 'Human'}",42025161,SRR36651577.fastq.gz,,IP,,eCLIP,NNNNNNNNNN,GSM9427131,UCSD,Gene Yeo,,PABPC1,,,,,,Brian Yee,,Illumina HiSeq 4000,,K562,,,,,,
422456844677891835,ENCORE Data,984559944135071601,RECQ14049_Hs_K562_INPUT_rep2,false,CLIP,"{'id': 'Hs', 'name': 'Human'}",42025161,SRR36647814.fastq.gz,,INPUT,,eCLIP,NNNNNNNNNN,GSM9425943,UCSD,Gene Yeo,,SMInput,,,,,,Brian Yee,,Illumina HiSeq 4000,,K562,,,,,,
422456844677891835,ENCORE Data,645064264937072428,APEX14028_Hs_K562_INPUT_rep2,false,CLIP,"{'id': 'Hs', 'name': 'Human'}",42025161,SRR36648026.fastq.gz,,INPUT,,eCLIP,NNNNNNNNNN,GSM9425955,UCSD,Gene Yeo,,SMInput,,,,,,Brian Yee,,Illumina NovaSeq 6000,,K562,,,,,,
422456844677891835,ENCORE Data,369585270531043761,FUBP35040_Hs_K562_IP_rep2,false,CLIP,"{'id': 'Hs', 'name': 'Human'}",42025161,SRR36651549.fastq.gz,,,,eCLIP,NNNNNNNNNN,GSM9427015,UCSD,Gene Yeo,,FUBP3,,,,,,Brian Yee,,Illumina,,K562,,,,,,
422456844677891835,ENCORE Data,481917062208395273,MBNL14056_Hs_K562_IP_rep2,false,CLIP,"{'id': 'Hs', 'name': 'Human'}",42025161,SRR36647871.fastq.gz,,IP,,eCLIP,NNNNNNNNNN,GSM9425934,UCSD,Gene Yeo,,MBNL1,,,,,,Brian Yee,,Illumina HiSeq 4000,,K562,,,,,,
422456844677891835,ENCORE Data,156431380482809081,NCL5086_Hs_K562_INPUT_rep1,false,CLIP,"{'id': 'Hs', 'name': 'Human'}",42025161,SRR36651724.fastq.gz,,,,eCLIP,NNNNNNNNNN,GSM9427034,UCSD,Gene Yeo,,SMInput,,,,,,Brian Yee,,Illumina,,K562,,,,,,
422456844677891835,ENCORE Data,934026074440124814,FMRP4030_Hs_K562_IP_rep1,false,CLIP,"{'id': 'Hs', 'name': 'Human'}",42025161,SRR36647813.fastq.gz,,IP,,eCLIP,NNNNNNNNNN,GSM9425944,UCSD,Gene Yeo,,FMRP,,,,,,Brian Yee,,Illumina NovaSeq 6000,,K562,,,,,,
422456844677891835,ENCORE Data,522809248612709704,CDK95063_Hs_HepG2_INPUT_rep1,false,CLIP,"{'id': 'Hs', 'name': 'Human'}",42025161,SRR36651562.fastq.gz,,INPUT,,eCLIP,NNNNNNNNNN,GSM9426954,UCSD,Gene Yeo,,SMInput,,,,,,Brian Yee,,Illumina HiSeq 4000,,HepG2,,,,,,
422456844677891835,ENCORE Data,940890885887870681,DEK4146_Hs_HepG2_IP_rep2,false,CLIP,"{'id': 'Hs', 'name': 'Human'}",42025161,SRR36647847.fastq.gz,,IP,,eCLIP,NNNNNNNNNN,GSM9425830,UCSD,Gene Yeo,,DEK,,,,,,Brian Yee,,Illumina HiSeq 4000,,HepG2,,,,,,
422456844677891835,ENCORE Data,268483000258202876,BCAT25120_Hs_K562_INPUT_rep1,false,CLIP,"{'id': 'Hs', 'name': 'Human'}",42025161,SRR36651634.fastq.gz,,INPUT,,eCLIP,NNNNNNNNNN,GSM9426930,UCSD,Gene Yeo,,SMInput,,,,,,Brian Yee,,Illumina HiSeq 4000,,K562,,,,,,
422456844677891835,ENCORE Data,703351608161261453,EIF4G25065_Hs_K562_IP_rep2,false,CLIP,"{'id': 'Hs', 'name': 'Human'}",42025161,SRR36651557.fastq.gz,,,,eCLIP,NNNNNNNNNN,GSM9427007,UCSD,Gene Yeo,,EIF4G2,,,,,,Brian Yee,,Illumina,,K562,,,,,,
422456844677891835,ENCORE Data,706949651638313097,DDX474050_Hs_K562_IP_rep1,false,CLIP,"{'id': 'Hs', 'name': 'Human'}",42025161,SRR36647953.fastq.gz,,IP,,eCLIP,NNNNNNNNNN,GSM9425916,UCSD,Gene Yeo,,DDX47,,,,,,Brian Yee,,Illumina HiSeq 4000,,K562,,,,,,
422456844677891835,ENCORE Data,223713352266966864,DDX415081_Hs_K562_IP_rep1,false,CLIP,"{'id': 'Hs', 'name': 'Human'}",42025161,SRR36651741.fastq.gz,,IP,,eCLIP,NNNNNNNNNN,GSM9426969,UCSD,Gene Yeo,,DDX41,,,,,,Brian Yee,,Illumina NovaSeq X Plus,,K562,,,,,,
422456844677891835,ENCORE Data,574074916130417208,MORC24139_Hs_K562_INPUT_rep2,false,CLIP,"{'id': 'Hs', 'name': 'Human'}",42025161,SRR36647798.fastq.gz,,INPUT,,eCLIP,NNNNNNNNNN,GSM9426007,UCSD,Gene Yeo,,SMInput,,,,,,Brian Yee,,Illumina HiSeq 4000,,K562,,,,,,
422456844677891835,ENCORE Data,224964234628199752,EIF4E4018_Hs_K562_IP_rep1,false,CLIP,"{'id': 'Hs', 'name': 'Human'}",42025161,SRR36648041.fastq.gz,,IP,,eCLIP,NNNNNNNNNN,GSM9425892,UCSD,Gene Yeo,,EIF4E,,,,,,Brian Yee,,Illumina HiSeq 4000,,K562,,,,,,
422456844677891835,ENCORE Data,601566428620180555,PSMD45077_Hs_K562_IP_rep1,false,CLIP,"{'id': 'Hs', 'name': 'Human'}",42025161,SRR36651603.fastq.gz,,IP,,eCLIP,NNNNNNNNNN,GSM9427057,UCSD,Gene Yeo,,PSMD4,,,,,,Brian Yee,,Illumina NovaSeq X Plus,,K562,,,,,,
422456844677891835,ENCORE Data,642913775282637507,DDX14231_Hs_K562_IP_rep1,false,CLIP,"{'id': 'Hs', 'name': 'Human'}",42025161,SRR36647933.fastq.gz,,IP,,eCLIP,NNNNNNNNNN,GSM9426032,UCSD,Gene Yeo,,DDX1,,,,,,Brian Yee,,Illumina HiSeq 4000,,K562,,,,,,
422456844677891835,ENCORE Data,620154147749990896,TDP434014_Hs_K562_IP_rep2,false,CLIP,"{'id': 'Hs', 'name': 'Human'}",42025161,SRR36648043.fastq.gz,,IP,,eCLIP,NNNNNNNNNN,GSM9425890,UCSD,Gene Yeo,,TDP43,,,,,,Brian Yee,,Illumina HiSeq 4000,,K562,,,,,,
422456844677891835,ENCORE Data,955028463878280314,TFAM5069_Hs_K562_INPUT_rep2,false,CLIP,"{'id': 'Hs', 'name': 'Human'}",42025161,SRR36651714.fastq.gz,,,,eCLIP,NNNNNNNNNN,GSM9427092,UCSD,Gene Yeo,,SMInput,,,,,,Brian Yee,,Illumina,,K562,,,,,,
422456844677891835,ENCORE Data,239993099646060380,SRSF54058_Hs_K562_IP_rep2,false,CLIP,"{'id': 'Hs', 'name': 'Human'}",42025161,SRR36647875.fastq.gz,,IP,,eCLIP,NNNNNNNNNN,GSM9425930,UCSD,Gene Yeo,,SRSF5,,,,,,Brian Yee,,Illumina HiSeq 4000,,K562,,,,,,
422456844677891835,ENCORE Data,573245811373717132,CDC405006_Hs_K562_INPUT_rep1,false,CLIP,"{'id': 'Hs', 'name': 'Human'}",42025161,SRR36651748.fastq.gz,,INPUT,,eCLIP,NNNNNNNNNN,GSM9426962,UCSD,Gene Yeo,,SMInput,,,,,,Brian Yee,,Illumina NovaSeq X Plus,,K562,,,,,,
422456844677891835,ENCORE Data,449363758230206749,NONO4084_Hs_HepG2_INPUT_rep1,false,CLIP,"{'id': 'Hs', 'name': 'Human'}",42025161,SRR36647912.fastq.gz,,INPUT,,eCLIP,NNNNNNNNNN,GSM9425813,UCSD,Gene Yeo,,SMInput,,,,,,Brian Yee,,Illumina HiSeq 4000,,HepG2,,,,,,
422456844677891835,ENCORE Data,228806876316102480,APEX14081_Hs_HepG2_INPUT_rep2,false,CLIP,"{'id': 'Hs', 'name': 'Human'}",42025161,SRR36647994.fastq.gz,,INPUT,,eCLIP,NNNNNNNNNN,GSM9425795,UCSD,Gene Yeo,,SMInput,,,,,,Brian Yee,,Illumina NovaSeq 6000,,HepG2,,,,,,
422456844677891835,ENCORE Data,661832928814637329,PRKRA5068_Hs_K562_IP_rep1,false,CLIP,"{'id': 'Hs', 'name': 'Human'}",42025161,SRR36651655.fastq.gz,,IP,,eCLIP,NNNNNNNNNN,GSM9427053,UCSD,Gene Yeo,,PRKRA,,,,,,Brian Yee,,Illumina NovaSeq X Plus,,K562,,,,,,
422456844677891835,ENCORE Data,610167166215975274,SNRPC4187_Hs_HepG2_IP_rep1,false,CLIP,"{'id': 'Hs', 'name': 'Human'}",42025161,SRR36647853.fastq.gz,,IP,,eCLIP,NNNNNNNNNN,GSM9425824,UCSD,Gene Yeo,,SNRPC,,,,,,Brian Yee,,Illumina HiSeq 4000,,HepG2,,,,,,
422456844677891835,ENCORE Data,150463884955714627,PRPF394068_Hs_K562_INPUT_rep1,false,CLIP,"{'id': 'Hs', 'name': 'Human'}",42025161,SRR36648020.fastq.gz,,INPUT,,eCLIP,NNNNNNNNNN,GSM9425961,UCSD,Gene Yeo,,SMInput,,,,,,Brian Yee,,Illumina HiSeq 4000,,K562,,,,,,
422456844677891835,ENCORE Data,437470642949688106,FUS5012_Hs_K562_IP_rep2,false,CLIP,"{'id': 'Hs', 'name': 'Human'}",42025161,SRR36651545.fastq.gz,,,,eCLIP,NNNNNNNNNN,GSM9427019,UCSD,Gene Yeo,,FUS,,,,,,Brian Yee,,Illumina,,K562,,,,,,
422456844677891835,ENCORE Data,850143978374684106,EIF3C5060_Hs_K562_INPUT_rep1,false,CLIP,"{'id': 'Hs', 'name': 'Human'}",42025161,SRR36651614.fastq.gz,,INPUT,,eCLIP,NNNNNNNNNN,GSM9426998,UCSD,Gene Yeo,,SMInput,,,,,,Brian Yee,,Illumina NovaSeq X Plus,,K562,,,,,,
422456844677891835,ENCORE Data,734015466811319001,DEK4020_Hs_HepG2_INPUT_rep2,false,CLIP,"{'id': 'Hs', 'name': 'Human'}",42025161,SRR36648058.fastq.gz,,,,eCLIP,NNNNNNNNNN,GSM9425779,UCSD,Gene Yeo,,SMInput,,,,,,Brian Yee,,Illumina,,HepG2,,,,,,
422456844677891835,ENCORE Data,491344128927531754,FXR14036_Hs_K562_INPUT_rep1,false,CLIP,"{'id': 'Hs', 'name': 'Human'}",42025161,SRR36647808.fastq.gz,,INPUT,,eCLIP,NNNNNNNNNN,GSM9425949,UCSD,Gene Yeo,,SMInput,,,,,,Brian Yee,,Illumina NovaSeq 6000,,K562,,,,,,
422456844677891835,ENCORE Data,212323767447506274,EIF4G25065_Hs_K562_IP_rep1,false,CLIP,"{'id': 'Hs', 'name': 'Human'}",42025161,SRR36651607.fastq.gz,,IP,,eCLIP,NNNNNNNNNN,GSM9427005,UCSD,Gene Yeo,,EIF4G2,,,,,,Brian Yee,,Illumina NovaSeq X Plus,,K562,,,,,,
422456844677891835,ENCORE Data,630036937151549699,NOP25098_Hs_K562_INPUT_rep1,false,CLIP,"{'id': 'Hs', 'name': 'Human'}",42025161,SRR36651666.fastq.gz,,INPUT,,eCLIP,NNNNNNNNNN,GSM9427042,UCSD,Gene Yeo,,SMInput,,,,,,Brian Yee,,Illumina NovaSeq X Plus,,K562,,,,,,
422456844677891835,ENCORE Data,984994867745072880,FUBP35040_Hs_K562_IP_rep1,false,CLIP,"{'id': 'Hs', 'name': 'Human'}",42025161,SRR36651551.fastq.gz,,IP,,eCLIP,NNNNNNNNNN,GSM9427013,UCSD,Gene Yeo,,FUBP3,,,,,,Brian Yee,,Illumina NovaSeq X Plus,,K562,,,,,,
422456844677891835,ENCORE Data,959006347143928582,EIF3B5061_Hs_K562_INPUT_rep1,false,CLIP,"{'id': 'Hs', 'name': 'Human'}",42025161,SRR36651618.fastq.gz,,INPUT,,eCLIP,NNNNNNNNNN,GSM9426994,UCSD,Gene Yeo,,SMInput,,,,,,Brian Yee,,Illumina NovaSeq X Plus,,K562,,,,,,
422456844677891835,ENCORE Data,475985973322290186,NONO4001_Hs_K562_IP_rep2,false,CLIP,"{'id': 'Hs', 'name': 'Human'}",42025161,SRR36647891.fastq.gz,,IP,,eCLIP,NNNNNNNNNN,GSM9425866,UCSD,Gene Yeo,,NONO,,,,,,Brian Yee,,Illumina HiSeq 4000,,K562,,,,,,
422456844677891835,ENCORE Data,302186719643965906,FUBP35040_Hs_K562_INPUT_rep2,false,CLIP,"{'id': 'Hs', 'name': 'Human'}",42025161,SRR36651548.fastq.gz,,,,eCLIP,NNNNNNNNNN,GSM9427016,UCSD,Gene Yeo,,SMInput,,,,,,Brian Yee,,Illumina,,K562,,,,,,
422456844677891835,ENCORE Data,632668643577056689,TAF155013_Hs_K562_IP_rep2,false,CLIP,"{'id': 'Hs', 'name': 'Human'}",42025161,SRR36651719.fastq.gz,,,,eCLIP,NNNNNNNNNN,GSM9427087,UCSD,Gene Yeo,,TAF15,,,,,,Brian Yee,,Illumina,,K562,,,,,,
422456844677891835,ENCORE Data,627152758500257552,EIF2S25023_Hs_K562_IP_rep2,false,CLIP,"{'id': 'Hs', 'name': 'Human'}",42025161,SRR36651621.fastq.gz,,IP,,eCLIP,NNNNNNNNNN,GSM9426991,UCSD,Gene Yeo,,EIF2S2,,,,,,Brian Yee,,Illumina NovaSeq X Plus,,K562,,,,,,
422456844677891835,ENCORE Data,638391743502361026,YTHDC15096_Hs_K562_INPUT_rep2,false,CLIP,"{'id': 'Hs', 'name': 'Human'}",42025161,SRR36651640.fastq.gz,,INPUT,,eCLIP,NNNNNNNNNN,GSM9427116,UCSD,Gene Yeo,,SMInput,,,,,,Brian Yee,,Illumina NovaSeq X Plus,,K562,,,,,,
422456844677891835,ENCORE Data,831858489490353900,PRK25064_Hs_K562_IP_rep1,false,CLIP,"{'id': 'Hs', 'name': 'Human'}",42025161,SRR36651659.fastq.gz,,IP,,eCLIP,NNNNNNNNNN,GSM9427049,UCSD,Gene Yeo,,PRK2,,,,,,Brian Yee,,Illumina NovaSeq X Plus,,K562,,,,,,
422456844677891835,ENCORE Data,552544447074614380,EIF3E5025_Hs_K562_INPUT_rep2,false,CLIP,"{'id': 'Hs', 'name': 'Human'}",42025161,SRR36651608.fastq.gz,,INPUT,,eCLIP,NNNNNNNNNN,GSM9427004,UCSD,Gene Yeo,,SMInput,,,,,,Brian Yee,,Illumina NovaSeq X Plus,,K562,,,,,,
422456844677891835,ENCORE Data,131214792095129981,EIF2B55020_Hs_K562_IP_rep1,false,CLIP,"{'id': 'Hs', 'name': 'Human'}",42025161,SRR36651675.fastq.gz,,IP,,eCLIP,NNNNNNNNNN,GSM9426985,UCSD,Gene Yeo,,EIF2B5,,,,,,Brian Yee,,Illumina NovaSeq X Plus,,K562,,,,,,
422456844677891835,ENCORE Data,955452035512203746,EIF2S25023_Hs_K562_IP_rep1,false,CLIP,"{'id': 'Hs', 'name': 'Human'}",42025161,SRR36651671.fastq.gz,,IP,,eCLIP,NNNNNNNNNN,GSM9426989,UCSD,Gene Yeo,,EIF2S2,,,,,,Brian Yee,,Illumina NovaSeq X Plus,,K562,,,,,,
422456844677891835,ENCORE Data,481656800561629780,EIF3C5060_Hs_K562_IP_rep2,false,CLIP,"{'id': 'Hs', 'name': 'Human'}",42025161,SRR36651613.fastq.gz,,IP,,eCLIP,NNNNNNNNNN,GSM9426999,UCSD,Gene Yeo,,EIF3C,,,,,,Brian Yee,,Illumina NovaSeq X Plus,,K562,,,,,,
422456844677891835,ENCORE Data,500872466432252402,APEX14081_Hs_HepG2_IP_rep1,false,CLIP,"{'id': 'Hs', 'name': 'Human'}",42025161,SRR36647997.fastq.gz,,IP,,eCLIP,NNNNNNNNNN,GSM9425792,UCSD,Gene Yeo,,APEX1,,,,,,Brian Yee,,Illumina NovaSeq 6000,,HepG2,,,,,,
422456844677891835,ENCORE Data,829571896253122006,THOC45123_Hs_K562_INPUT_rep2,false,CLIP,"{'id': 'Hs', 'name': 'Human'}",42025161,SRR36651624.fastq.gz,,INPUT,,eCLIP,NNNNNNNNNN,GSM9426940,UCSD,Gene Yeo,,SMInput,,,,,,Brian Yee,,Illumina HiSeq 4000,,K562,,,,,,
422456844677891835,ENCORE Data,401279444539466850,TIAL15080_Hs_K562_IP_rep2,false,CLIP,"{'id': 'Hs', 'name': 'Human'}",42025161,SRR36651707.fastq.gz,,,,eCLIP,NNNNNNNNNN,GSM9427099,UCSD,Gene Yeo,,TIAL1,,,,,,Brian Yee,,Illumina,,K562,,,,,,
422456844677891835,ENCORE Data,669891043341097238,DNAJC25084_Hs_K562_INPUT_rep1,false,CLIP,"{'id': 'Hs', 'name': 'Human'}",42025161,SRR36651682.fastq.gz,,INPUT,,eCLIP,NNNNNNNNNN,GSM9426978,UCSD,Gene Yeo,,SMInput,,,,,,Brian Yee,,Illumina NovaSeq X Plus,,K562,,,,,,
422456844677891835,ENCORE Data,803973519131019765,CACTIN4158_Hs_K562_INPUT_rep1,false,CLIP,"{'id': 'Hs', 'name': 'Human'}",42025161,SRR36647944.fastq.gz,,INPUT,,eCLIP,NNNNNNNNNN,GSM9425973,UCSD,Gene Yeo,,SMInput,,,,,,Brian Yee,,Illumina HiSeq 4000,,K562,,,,,,
422456844677891835,ENCORE Data,398278093264333811,SRSF14045_Hs_K562_INPUT_rep2,false,CLIP,"{'id': 'Hs', 'name': 'Human'}",42025161,SRR36647882.fastq.gz,,INPUT,,eCLIP,NNNNNNNNNN,GSM9425923,UCSD,Gene Yeo,,SMInput,,,,,,Brian Yee,,Illumina HiSeq 4000,,K562,,,,,,
422456844677891835,ENCORE Data,244594520810593052,PSMD45077_Hs_K562_INPUT_rep1,false,CLIP,"{'id': 'Hs', 'name': 'Human'}",42025161,SRR36651602.fastq.gz,,INPUT,,eCLIP,NNNNNNNNNN,GSM9427058,UCSD,Gene Yeo,,SMInput,,,,,,Brian Yee,,Illumina NovaSeq X Plus,,K562,,,,,,
422456844677891835,ENCORE Data,563477603351940426,BRD45079_Hs_K562_IP_rep2,false,CLIP,"{'id': 'Hs', 'name': 'Human'}",42025161,SRR36651751.fastq.gz,,IP,,eCLIP,NNNNNNNNNN,GSM9426959,UCSD,Gene Yeo,,BRD4,,,,,,Brian Yee,,Illumina NovaSeq X Plus,,K562,,,,,,
422456844677891835,ENCORE Data,805503107246122957,SNRPD34155_Hs_K562_INPUT_rep1,false,CLIP,"{'id': 'Hs', 'name': 'Human'}",42025161,SRR36647936.fastq.gz,,INPUT,,eCLIP,NNNNNNNNNN,GSM9425981,UCSD,Gene Yeo,,SMInput,,,,,,Brian Yee,,Illumina HiSeq 4000,,K562,,,,,,
422456844677891835,ENCORE Data,484861516192423282,NOP25098_Hs_K562_IP_rep1,false,CLIP,"{'id': 'Hs', 'name': 'Human'}",42025161,SRR36651667.fastq.gz,,IP,,eCLIP,NNNNNNNNNN,GSM9427041,UCSD,Gene Yeo,,NOP2,,,,,,Brian Yee,,Illumina NovaSeq X Plus,,K562,,,,,,
422456844677891835,ENCORE Data,318877289164527607,FXR24098_Hs_HepG2_INPUT_rep2,false,CLIP,"{'id': 'Hs', 'name': 'Human'}",42025161,SRR36648054.fastq.gz,,INPUT,,eCLIP,NNNNNNNNNN,GSM9425783,UCSD,Gene Yeo,,SMInput,,,,,,Brian Yee,,Illumina HiSeq 4000,,HepG2,,,,,,
422456844677891835,ENCORE Data,471828050828556510,IGF2BP15093_Hs_K562_INPUT_rep1,false,CLIP,"{'id': 'Hs', 'name': 'Human'}",42025161,SRR36651732.fastq.gz,,INPUT,,eCLIP,NNNNNNNNNN,GSM9427026,UCSD,Gene Yeo,,SMInput,,,,,,Brian Yee,,Illumina NovaSeq X Plus,,K562,,,,,,
422456844677891835,ENCORE Data,185066658977876806,FUS5012_Hs_K562_IP_rep1,false,CLIP,"{'id': 'Hs', 'name': 'Human'}",42025161,SRR36651547.fastq.gz,,,,eCLIP,NNNNNNNNNN,GSM9427017,UCSD,Gene Yeo,,FUS,,,,,,Brian Yee,,Illumina,,K562,,,,,,
422456844677891835,ENCORE Data,613592168991859709,EIF3B5061_Hs_K562_INPUT_rep2,false,CLIP,"{'id': 'Hs', 'name': 'Human'}",42025161,SRR36651616.fastq.gz,,INPUT,,eCLIP,NNNNNNNNNN,GSM9426996,UCSD,Gene Yeo,,SMInput,,,,,,Brian Yee,,Illumina NovaSeq X Plus,,K562,,,,,,
422456844677891835,ENCORE Data,863139723061522956,LARP15110_Hs_K562_INPUT_rep1,false,CLIP,"{'id': 'Hs', 'name': 'Human'}",42025161,SRR36651690.fastq.gz,,INPUT,,eCLIP,NNNNNNNNNN,GSM9426922,UCSD,Gene Yeo,,SMInput,,,,,,Brian Yee,,Illumina NovaSeq X Plus,,K562,,,,,,
422456844677891835,ENCORE Data,161679878232707455,SNRPD34204_Hs_HepG2_IP_rep2,false,CLIP,"{'id': 'Hs', 'name': 'Human'}",42025161,SRR36647903.fastq.gz,,IP,,eCLIP,NNNNNNNNNN,GSM9425822,UCSD,Gene Yeo,,SNRPD3,,,,,,Brian Yee,,Illumina HiSeq 4000,,HepG2,,,,,,
422456844677891835,ENCORE Data,760157860335254872,TIAL15014_Hs_K562_IP_rep2,false,CLIP,"{'id': 'Hs', 'name': 'Human'}",42025161,SRR36651711.fastq.gz,,IP,,eCLIP,NNNNNNNNNN,GSM9427095,UCSD,Gene Yeo,,TIAL1,,,,,,Brian Yee,,Illumina NovaSeq X Plus,,K562,,,,,,
422456844677891835,ENCORE Data,781110335013292755,IGF2BP15093_Hs_K562_IP_rep1,false,CLIP,"{'id': 'Hs', 'name': 'Human'}",42025161,SRR36651733.fastq.gz,,,,eCLIP,NNNNNNNNNN,GSM9427025,UCSD,Gene Yeo,,IGF2BP1,,,,,,Brian Yee,,Illumina,,K562,,,,,,
422456844677891835,ENCORE Data,690322731275529850,EEF24037_Hs_K562_INPUT_rep1,false,CLIP,"{'id': 'Hs', 'name': 'Human'}",42025161,SRR36648032.fastq.gz,,INPUT,,eCLIP,NNNNNNNNNN,GSM9425901,UCSD,Gene Yeo,,SMInput,,,,,,Brian Yee,,Illumina HiSeq 4000,,K562,,,,,,
422456844677891835,ENCORE Data,781471538848746718,RBM105113_Hs_K562_IP_rep2,false,CLIP,"{'id': 'Hs', 'name': 'Human'}",42025161,SRR36651637.fastq.gz,,IP,,eCLIP,NNNNNNNNNN,GSM9426927,UCSD,Gene Yeo,,RBM10,,,,,,Brian Yee,,Illumina NovaSeq X Plus,,K562,,,,,,
422456844677891835,ENCORE Data,996548744793081019,FXR24002_Hs_K562_INPUT_rep2,false,CLIP,"{'id': 'Hs', 'name': 'Human'}",42025161,SRR36647886.fastq.gz,,,,eCLIP,NNNNNNNNNN,GSM9425871,UCSD,Gene Yeo,,SMInput,,,,,,Brian Yee,,Illumina,,K562,,,,,,
422456844677891835,ENCORE Data,572442597828484688,EIF4E4082_Hs_HepG2_IP_rep1,false,CLIP,"{'id': 'Hs', 'name': 'Human'}",42025161,SRR36648049.fastq.gz,,IP,,eCLIP,NNNNNNNNNN,GSM9425788,UCSD,Gene Yeo,,EIF4E,,,,,,Brian Yee,,Illumina NovaSeq 6000,,HepG2,,,,,,
422456844677891835,ENCORE Data,989898574722428843,QKI5007_Hs_K562_IP_rep2,false,CLIP,"{'id': 'Hs', 'name': 'Human'}",42025161,SRR36651541.fastq.gz,,IP,,eCLIP,NNNNNNNNNN,GSM9427071,UCSD,Gene Yeo,,QKI,,,,,,Brian Yee,,Illumina NovaSeq X Plus,,K562,,,,,,
422456844677891835,ENCORE Data,191065524913043872,NCL5086_Hs_K562_IP_rep1,false,CLIP,"{'id': 'Hs', 'name': 'Human'}",42025161,SRR36651725.fastq.gz,,,,eCLIP,NNNNNNNNNN,GSM9427033,UCSD,Gene Yeo,,NCL,,,,,,Brian Yee,,Illumina,,K562,,,,,,
422456844677891835,ENCORE Data,216561384525894312,RBM55018_Hs_K562_INPUT_rep2,false,CLIP,"{'id': 'Hs', 'name': 'Human'}",42025161,SRR36651532.fastq.gz,,INPUT,,eCLIP,NNNNNNNNNN,GSM9427080,UCSD,Gene Yeo,,SMInput,,,,,,Brian Yee,,Illumina NovaSeq X Plus,,K562,,,,,,
422456844677891835,ENCORE Data,389993438649583735,NCL4035_Hs_K562_IP_rep2,false,CLIP,"{'id': 'Hs', 'name': 'Human'}",42025161,SRR36648035.fastq.gz,,IP,,eCLIP,NNNNNNNNNN,GSM9425898,UCSD,Gene Yeo,,NCL,,,,,,Brian Yee,,Illumina HiSeq 4000,,K562,,,,,,
422456844677891835,ENCORE Data,723817632489152317,TIAL14221_Hs_K562_INPUT_rep1,false,CLIP,"{'id': 'Hs', 'name': 'Human'}",42025161,SRR36647920.fastq.gz,,INPUT,,eCLIP,NNNNNNNNNN,GSM9426045,UCSD,Gene Yeo,,SMInput,,,,,,Brian Yee,,Illumina HiSeq 4000,,K562,,,,,,
422456844677891835,ENCORE Data,368850027047036807,DDX415081_Hs_K562_IP_rep2,false,CLIP,"{'id': 'Hs', 'name': 'Human'}",42025161,SRR36651739.fastq.gz,,IP,,eCLIP,NNNNNNNNNN,GSM9426971,UCSD,Gene Yeo,,DDX41,,,,,,Brian Yee,,Illumina NovaSeq X Plus,,K562,,,,,,
422456844677891835,ENCORE Data,887515589613314095,ADAR4137_Hs_K562_INPUT_rep1,false,CLIP,"{'id': 'Hs', 'name': 'Human'}",42025161,SRR36648012.fastq.gz,,INPUT,,eCLIP,NNNNNNNNNN,GSM9426017,UCSD,Gene Yeo,,SMInput,,,,,,Brian Yee,,Illumina HiSeq 4000,,K562,,,,,,
422456844677891835,ENCORE Data,666384769449708995,UBAP2L5090_Hs_K562_INPUT_rep2,false,CLIP,"{'id': 'Hs', 'name': 'Human'}",42025161,SRR36651652.fastq.gz,,INPUT,,eCLIP,NNNNNNNNNN,GSM9427104,UCSD,Gene Yeo,,SMInput,,,,,,Brian Yee,,Illumina NovaSeq X Plus,,K562,,,,,,
422456844677891835,ENCORE Data,247949977242882476,EIF2B55020_Hs_K562_INPUT_rep1,false,CLIP,"{'id': 'Hs', 'name': 'Human'}",42025161,SRR36651674.fastq.gz,,INPUT,,eCLIP,NNNNNNNNNN,GSM9426986,UCSD,Gene Yeo,,SMInput,,,,,,Brian Yee,,Illumina NovaSeq X Plus,,K562,,,,,,
422456844677891835,ENCORE Data,842812791205770625,FMRP4030_Hs_K562_INPUT_rep2,false,CLIP,"{'id': 'Hs', 'name': 'Human'}",42025161,SRR36647810.fastq.gz,,INPUT,,eCLIP,NNNNNNNNNN,GSM9425947,UCSD,Gene Yeo,,SMInput,,,,,,Brian Yee,,Illumina NovaSeq 6000,,K562,,,,,,
422456844677891835,ENCORE Data,387815516299779124,YTHDF25108_Hs_K562_IP_rep1,false,CLIP,"{'id': 'Hs', 'name': 'Human'}",42025161,SRR36651695.fastq.gz,,IP,,eCLIP,NNNNNNNNNN,GSM9426917,UCSD,Gene Yeo,,YTHDF2,,,,,,Brian Yee,,Illumina NovaSeq X Plus,,K562,,,,,,
422456844677891835,ENCORE Data,162254022465886602,DEK4004_Hs_K562_IP_rep2,false,CLIP,"{'id': 'Hs', 'name': 'Human'}",42025161,SRR36647835.fastq.gz,,IP,,eCLIP,NNNNNNNNNN,GSM9425874,UCSD,Gene Yeo,,DEK,,,,,,Brian Yee,,Illumina HiSeq 4000,,K562,,,,,,
422456844677891835,ENCORE Data,957903455853441768,NONO4001_Hs_K562_IP_rep1,false,CLIP,"{'id': 'Hs', 'name': 'Human'}",42025161,SRR36647893.fastq.gz,,IP,,eCLIP,NNNNNNNNNN,GSM9425864,UCSD,Gene Yeo,,NONO,,,,,,Brian Yee,,Illumina HiSeq 4000,,K562,,,,,,
422456844677891835,ENCORE Data,227501785187246356,NCL5086_Hs_K562_INPUT_rep2,false,CLIP,"{'id': 'Hs', 'name': 'Human'}",42025161,SRR36651722.fastq.gz,,INPUT,,eCLIP,NNNNNNNNNN,GSM9427036,UCSD,Gene Yeo,,SMInput,,,,,,Brian Yee,,Illumina NovaSeq X Plus,,K562,,,,,,
422456844677891835,ENCORE Data,455070191294802438,NPM14010_Hs_K562_INPUT_rep2,false,CLIP,"{'id': 'Hs', 'name': 'Human'}",42025161,SRR36647826.fastq.gz,,INPUT,,eCLIP,NNNNNNNNNN,GSM9425883,UCSD,Gene Yeo,,SMInput,,,,,,Brian Yee,,Illumina HiSeq 4000,,K562,,,,,,
422456844677891835,ENCORE Data,700195390095918060,CDK95063_Hs_HepG2_IP_rep2,false,CLIP,"{'id': 'Hs', 'name': 'Human'}",42025161,SRR36651561.fastq.gz,,IP,,eCLIP,NNNNNNNNNN,GSM9426955,UCSD,Gene Yeo,,CDK9,,,,,,Brian Yee,,Illumina HiSeq 4000,,HepG2,,,,,,
422456844677891835,ENCORE Data,850649457934711337,SNRPC4187_Hs_HepG2_IP_rep2,false,CLIP,"{'id': 'Hs', 'name': 'Human'}",42025161,SRR36647851.fastq.gz,,,,eCLIP,NNNNNNNNNN,GSM9425826,UCSD,Gene Yeo,,SNRPC,,,,,,Brian Yee,,Illumina,,HepG2,,,,,,
422456844677891835,ENCORE Data,238350170192866470,PDCD45075_Hs_K562_INPUT_rep1,false,CLIP,"{'id': 'Hs', 'name': 'Human'}",42025161,SRR36651662.fastq.gz,,INPUT,,eCLIP,NNNNNNNNNN,GSM9427046,UCSD,Gene Yeo,,SMInput,,,,,,Brian Yee,,Illumina NovaSeq X Plus,,K562,,,,,,
422456844677891835,ENCORE Data,602907184095819602,RBM155008_Hs_K562_INPUT_rep2,false,CLIP,"{'id': 'Hs', 'name': 'Human'}",42025161,SRR36651536.fastq.gz,,INPUT,,eCLIP,NNNNNNNNNN,GSM9427076,UCSD,Gene Yeo,,SMInput,,,,,,Brian Yee,,Illumina NovaSeq X Plus,,K562,,,,,,
422456844677891835,ENCORE Data,201973916454294328,PSMD45077_Hs_K562_IP_rep2,false,CLIP,"{'id': 'Hs', 'name': 'Human'}",42025161,SRR36651601.fastq.gz,,IP,,eCLIP,NNNNNNNNNN,GSM9427059,UCSD,Gene Yeo,,PSMD4,,,,,,Brian Yee,,Illumina NovaSeq X Plus,,K562,,,,,,
422456844677891835,ENCORE Data,738458335231458714,CDK95063_Hs_HepG2_IP_rep1,false,CLIP,"{'id': 'Hs', 'name': 'Human'}",42025161,SRR36651563.fastq.gz,,,,eCLIP,NNNNNNNNNN,GSM9426953,UCSD,Gene Yeo,,CDK9,,,,,,Brian Yee,,Illumina,,HepG2,,,,,,
422456844677891835,ENCORE Data,856396585843474587,NSUN24215_Hs_HepG2_IP_rep1,false,CLIP,"{'id': 'Hs', 'name': 'Human'}",42025161,SRR36647897.fastq.gz,,IP,,eCLIP,NNNNNNNNNN,GSM9425860,UCSD,Gene Yeo,,NSUN2,,,,,,Brian Yee,,Illumina HiSeq 4000,,HepG2,,,,,,
422456844677891835,ENCORE Data,376983621130723633,EIF3C5060_Hs_K562_IP_rep1,false,CLIP,"{'id': 'Hs', 'name': 'Human'}",42025161,SRR36651615.fastq.gz,,IP,,eCLIP,NNNNNNNNNN,GSM9426997,UCSD,Gene Yeo,,EIF3C,,,,,,Brian Yee,,Illumina NovaSeq X Plus,,K562,,,,,,
422456844677891835,ENCORE Data,355676978831335540,EIF4H5074_Hs_K562_INPUT_rep2,false,CLIP,"{'id': 'Hs', 'name': 'Human'}",42025161,SRR36651552.fastq.gz,,,,eCLIP,NNNNNNNNNN,GSM9427012,UCSD,Gene Yeo,,SMInput,,,,,,Brian Yee,,Illumina,,K562,,,,,,
422456844677891835,ENCORE Data,617979694770321432,CELF15041_Hs_K562_IP_rep1,false,CLIP,"{'id': 'Hs', 'name': 'Human'}",42025161,SRR36651745.fastq.gz,,IP,,eCLIP,NNNNNNNNNN,GSM9426965,UCSD,Gene Yeo,,CELF1,,,,,,Brian Yee,,Illumina NovaSeq X Plus,,K562,,,,,,
422456844677891835,ENCORE Data,665653316131013446,EIF2B55020_Hs_K562_IP_rep2,false,CLIP,"{'id': 'Hs', 'name': 'Human'}",42025161,SRR36651673.fastq.gz,,IP,,eCLIP,NNNNNNNNNN,GSM9426987,UCSD,Gene Yeo,,EIF2B5,,,,,,Brian Yee,,Illumina NovaSeq X Plus,,K562,,,,,,
422456844677891835,ENCORE Data,782755406392444073,SF3A14048_Hs_K562_INPUT_rep2,false,CLIP,"{'id': 'Hs', 'name': 'Human'}",42025161,SRR36647818.fastq.gz,,INPUT,,eCLIP,NNNNNNNNNN,GSM9425939,UCSD,Gene Yeo,,SMInput,,,,,,Brian Yee,,Illumina HiSeq 4000,,K562,,,,,,
422456844677891835,ENCORE Data,694878840038475900,TIAL15080_Hs_K562_IP_rep1,false,CLIP,"{'id': 'Hs', 'name': 'Human'}",42025161,SRR36651709.fastq.gz,,,,eCLIP,NNNNNNNNNN,GSM9427097,UCSD,Gene Yeo,,TIAL1,,,,,,Brian Yee,,Illumina,,K562,,,,,,
422456844677891835,ENCORE Data,728837237725144059,YTHDC15096_Hs_K562_INPUT_rep1,false,CLIP,"{'id': 'Hs', 'name': 'Human'}",42025161,SRR36651642.fastq.gz,,INPUT,,eCLIP,NNNNNNNNNN,GSM9427114,UCSD,Gene Yeo,,SMInput,,,,,,Brian Yee,,Illumina NovaSeq X Plus,,K562,,,,,,
422456844677891835,ENCORE Data,828168340308907132,NONO4001_Hs_K562_INPUT_rep1,false,CLIP,"{'id': 'Hs', 'name': 'Human'}",42025161,SRR36647892.fastq.gz,,,,eCLIP,NNNNNNNNNN,GSM9425865,UCSD,Gene Yeo,,SMInput,,,,,,Brian Yee,,Illumina,,K562,,,,,,
356865055593967888,Genome-wide CRISPR-Cas9 interrogation of splicing networks reveals a mechanism for recognition of autism-misregulated neuronal microexons,891103549560995132,Srsf11_N2A_cells_Mm_FlagSrsf11_rep2,false,CLIP,"{'id': 'Mm', 'name': 'Mouse'}",30388412,SRR6927182.fastq.gz,,Flag-Srsf11_N2A_cells,,iCLIP-seq,NNNCGGANN,GSM3073818,University of Toronto,Benjamin J. Blencowe,Flag monoclonal antibody M2 (Sigma-Aldrich),SRSF11,nFLAG,,,,,Thomas Gonatopoulos-Pournatzis,,Illumina HiSeq 2500,,Neuroblastoma cells,,,,,,
422456844677891835,ENCORE Data,930634681859363472,LARS5082_Hs_K562_IP_rep2,false,CLIP,"{'id': 'Hs', 'name': 'Human'}",42025161,SRR36651727.fastq.gz,,IP,,eCLIP,NNNNNNNNNN,GSM9427031,UCSD,Gene Yeo,,LARS,,,,,,Brian Yee,,Illumina NovaSeq X Plus,,K562,,,,,,
422456844677891835,ENCORE Data,123923625412383099,MFAP14169_Hs_K562_IP_rep1,false,CLIP,"{'id': 'Hs', 'name': 'Human'}",42025161,SRR36647793.fastq.gz,,IP,,eCLIP,NNNNNNNNNN,GSM9426012,UCSD,Gene Yeo,,MFAP1,,,,,,Brian Yee,,Illumina HiSeq 4000,,K562,,,,,,
422456844677891835,ENCORE Data,582016506367210473,RECQ14049_Hs_K562_INPUT_rep1,false,CLIP,"{'id': 'Hs', 'name': 'Human'}",42025161,SRR36647816.fastq.gz,,INPUT,,eCLIP,NNNNNNNNNN,GSM9425941,UCSD,Gene Yeo,,SMInput,,,,,,Brian Yee,,Illumina HiSeq 4000,,K562,,,,,,
356865055593967888,Genome-wide CRISPR-Cas9 interrogation of splicing networks reveals a mechanism for recognition of autism-misregulated neuronal microexons,919857907441757644,Srsf11_N2A_cells_Mm_FlagSrsf11_rep3,false,CLIP,"{'id': 'Mm', 'name': 'Mouse'}",30388412,SRR6927183.fastq.gz,,Flag-Srsf11_N2A_cells,,iCLIP-seq,NNNTTAANN,GSM3073819,University of Toronto,Benjamin J. Blencowe,Flag monoclonal antibody M2 (Sigma-Aldrich),SRSF11,nFLAG,,,,,Thomas Gonatopoulos-Pournatzis,,Illumina HiSeq 2500,,Neuroblastoma cells,,,,,,
422456844677891835,ENCORE Data,246554423751551431,FUBP14055_Hs_K562_INPUT_rep2,false,CLIP,"{'id': 'Hs', 'name': 'Human'}",42025161,SRR36647878.fastq.gz,,INPUT,,eCLIP,NNNNNNNNNN,GSM9425927,UCSD,Gene Yeo,,SMInput,,,,,,Brian Yee,,Illumina HiSeq 4000,,K562,,,,,,
356865055593967888,Genome-wide CRISPR-Cas9 interrogation of splicing networks reveals a mechanism for recognition of autism-misregulated neuronal microexons,654146959765320048,Rnps1_N2A_cells_Mm_FlagRnps1_rep2,false,CLIP,"{'id': 'Mm', 'name': 'Mouse'}",30388412,SRR6927179.fastq.gz,,Flag-Rnps1_N2A_cells,,iCLIP-seq,NNNCGGANN,GSM3073815,University of Toronto,Benjamin J. Blencowe,Flag monoclonal antibody M2 (Sigma-Aldrich),RNPS1,nFLAG,,,,,Thomas Gonatopoulos-Pournatzis,,Illumina HiSeq 2500,,Neuroblastoma cells,,,,,,
356865055593967888,Genome-wide CRISPR-Cas9 interrogation of splicing networks reveals a mechanism for recognition of autism-misregulated neuronal microexons,542868295039210828,Srrm4_differentiated_neurons_Mm_FlagSrrm4_rep1,false,CLIP,"{'id': 'Mm', 'name': 'Mouse'}",30388412,SRR6927190.fastq.gz,,Flag-Srrm4_differentiated_neurons,,iCLIP-seq,NNNGGTTNN,GSM3073826,University of Toronto,Benjamin J. Blencowe,Flag monoclonal antibody M2 (Sigma-Aldrich),SRRM4,nFLAG,,,,,Thomas Gonatopoulos-Pournatzis,,Illumina HiSeq 2500,,Cortical glutamatergic neurons differentiated in vitro from ES cells,,,,,,
356865055593967888,Genome-wide CRISPR-Cas9 interrogation of splicing networks reveals a mechanism for recognition of autism-misregulated neuronal microexons,870049161459476520,Srsf11_N2A_cells_Mm_FlagSrsf11_rep1,false,CLIP,"{'id': 'Mm', 'name': 'Mouse'}",30388412,SRR6927181.fastq.gz,,Flag-Srsf11_N2A_cells,,iCLIP-seq,NNNTGGCNN,GSM3073817,University of Toronto,Benjamin J. Blencowe,Flag monoclonal antibody M2 (Sigma-Aldrich),SRSF11,nFLAG,,,,,Thomas Gonatopoulos-Pournatzis,,Illumina HiSeq 2500,,Neuroblastoma cells,,,,,,
356865055593967888,Genome-wide CRISPR-Cas9 interrogation of splicing networks reveals a mechanism for recognition of autism-misregulated neuronal microexons,491428323213734594,Rnps1_N2A_cells_Mm_FlagRnps1_rep1,false,CLIP,"{'id': 'Mm', 'name': 'Mouse'}",30388412,SRR6927178.fastq.gz,,Flag-Rnps1_N2A_cells,,iCLIP-seq,NNNTGGCNN,GSM3073814,University of Toronto,Benjamin J. Blencowe,Flag monoclonal antibody M2 (Sigma-Aldrich),RNPS1,nFLAG,,,,,Thomas Gonatopoulos-Pournatzis,,Illumina HiSeq 2500,,Neuroblastoma cells,,,,,,
356865055593967888,Genome-wide CRISPR-Cas9 interrogation of splicing networks reveals a mechanism for recognition of autism-misregulated neuronal microexons,442597669778071500,Srrm4_differentiated_neurons_Mm_FlagSrrm4_rep2,false,CLIP,"{'id': 'Mm', 'name': 'Mouse'}",30388412,SRR6927191.fastq.gz,,Flag-Srrm4_differentiated_neurons,,iCLIP-seq,NNNTGGCNN,GSM3073827,University of Toronto,Benjamin J. Blencowe,Flag monoclonal antibody M2 (Sigma-Aldrich),SRRM4,nFLAG,,,,,Thomas Gonatopoulos-Pournatzis,,Illumina HiSeq 2500,,Cortical glutamatergic neurons differentiated in vitro from ES cells,,,,,,
356865055593967888,Genome-wide CRISPR-Cas9 interrogation of splicing networks reveals a mechanism for recognition of autism-misregulated neuronal microexons,208869426683462128,Rnps1_N2A_cells_Mm_FlagRnps1_rep3,false,CLIP,"{'id': 'Mm', 'name': 'Mouse'}",30388412,SRR6927180.fastq.gz,,Flag-Rnps1_N2A_cells,,iCLIP-seq,NNNTTGTNN,GSM3073816,University of Toronto,Benjamin J. Blencowe,Flag monoclonal antibody M2 (Sigma-Aldrich),RNPS1,nFLAG,,,,,Thomas Gonatopoulos-Pournatzis,,Illumina HiSeq 2500,,Neuroblastoma cells,,,,,,
356865055593967888,Genome-wide CRISPR-Cas9 interrogation of splicing networks reveals a mechanism for recognition of autism-misregulated neuronal microexons,109748105272006276,GFP_N2A_cells_Mm_FlagGFP_rep6,false,CLIP,"{'id': 'Mm', 'name': 'Mouse'}",30388412,SRR6927189.fastq.gz,,Flag-GFP_N2A_cells,,iCLIP-seq,NNNGGCANN,GSM3073825,University of Toronto,Benjamin J. Blencowe,Flag monoclonal antibody M2 (Sigma-Aldrich),GFP,nFLAG,,,,,Thomas Gonatopoulos-Pournatzis,,Illumina HiSeq 2500,,Neuroblastoma cells,,,,,,
356865055593967888,Genome-wide CRISPR-Cas9 interrogation of splicing networks reveals a mechanism for recognition of autism-misregulated neuronal microexons,464612788507822770,GFP_N2A_cells_Mm_FlagGFP_rep2,false,CLIP,"{'id': 'Mm', 'name': 'Mouse'}",30388412,SRR6927185.fastq.gz,,Flag-GFP_N2A_cells,,iCLIP-seq,NNNTTAANN,GSM3073821,University of Toronto,Benjamin J. Blencowe,Flag monoclonal antibody M2 (Sigma-Aldrich),GFP,nFLAG,,,,,Thomas Gonatopoulos-Pournatzis,,Illumina HiSeq 2500,,Neuroblastoma cells,,,,,,
356865055593967888,Genome-wide CRISPR-Cas9 interrogation of splicing networks reveals a mechanism for recognition of autism-misregulated neuronal microexons,130289754680546797,EGFP_differentiated_neurons_Mm_FlagEGFP_rep1,false,CLIP,"{'id': 'Mm', 'name': 'Mouse'}",30388412,SRR6927192.fastq.gz,,Flag-EGFP_differentiated_neurons,,iCLIP-seq,NNNGGCANN,GSM3073828,University of Toronto,Benjamin J. Blencowe,Flag monoclonal antibody M2 (Sigma-Aldrich),EGFP,nFLAG,,,,,Thomas Gonatopoulos-Pournatzis,,Illumina HiSeq 2500,,Cortical glutamatergic neurons differentiated in vitro from ES cells,,,,,,
356865055593967888,Genome-wide CRISPR-Cas9 interrogation of splicing networks reveals a mechanism for recognition of autism-misregulated neuronal microexons,632945743164260547,GFP_N2A_cells_Mm_FlagGFP_rep5,false,CLIP,"{'id': 'Mm', 'name': 'Mouse'}",30388412,SRR6927188.fastq.gz,,Flag-GFP_N2A_cells,,iCLIP-seq,NNNGGTCNN,GSM3073824,University of Toronto,Benjamin J. Blencowe,Flag monoclonal antibody M2 (Sigma-Aldrich),GFP,nFLAG,,,,,Thomas Gonatopoulos-Pournatzis,,Illumina HiSeq 2500,,Neuroblastoma cells,,,,,,
170821621990108371,Cellular quiescence uncouples the proteome from the transcriptome in neural stem cells,866798471718722002,Mm_NSC_Q_10days_nuclear_2,false,RNA-Seq,"{'id': 'Mm', 'name': 'Mouse'}",41645004,SRR13120342.fastq.gz,,treated_10day_nuclear,,polyA plus RNA-seq,,,King's College London,Rita Sousa-Nunes,,,,,,polya,,Alice Rossi,,Illumina HiSeq 2500,,mouse hippocampal NSCs,,reverse,,,,
170821621990108371,Cellular quiescence uncouples the proteome from the transcriptome in neural stem cells,899378558083504630,Mm_NSC_Q_10days_nuclear_1,false,RNA-Seq,"{'id': 'Mm', 'name': 'Mouse'}",41645004,SRR13120341.fastq.gz,,treated_10day_nuclear,,polyA plus RNA-seq,,,King's College London,Rita Sousa-Nunes,,,,,,polya,,Alice Rossi,,Illumina HiSeq 2500,,mouse hippocampal NSCs,,reverse,,,,
170821621990108371,Cellular quiescence uncouples the proteome from the transcriptome in neural stem cells,575708645813226159,Mm_NSC_Q_3days_nuclear_3,false,RNA-Seq,"{'id': 'Mm', 'name': 'Mouse'}",41645004,SRR13120335.fastq.gz,,treated_3day_nuclear,,polyA plus RNA-seq,,,King's College London,Rita Sousa-Nunes,,,,,,polya,,Alice Rossi,,Illumina HiSeq 2500,,mouse hippocampal NSCs,,reverse,,,,
170821621990108371,Cellular quiescence uncouples the proteome from the transcriptome in neural stem cells,588235526711472571,Mm_NSC_A_nuclear_1,false,RNA-Seq,"{'id': 'Mm', 'name': 'Mouse'}",41645004,SRR13120325.fastq.gz,,nontreated_nuclear,,polyA plus RNA-seq,,,King's College London,Rita Sousa-Nunes,,,,,,polya,,Alice Rossi,,Illumina HiSeq 2500,,mouse hippocampal NSCs,,reverse,,,,
356865055593967888,Genome-wide CRISPR-Cas9 interrogation of splicing networks reveals a mechanism for recognition of autism-misregulated neuronal microexons,953686880194685607,GFP_N2A_cells_Mm_FlagGFP_rep1,false,CLIP,"{'id': 'Mm', 'name': 'Mouse'}",30388412,SRR6927184.fastq.gz,,Flag-GFP_N2A_cells,,iCLIP-seq,NNNCCGGNN,GSM3073820,University of Toronto,Benjamin J. Blencowe,Flag monoclonal antibody M2 (Sigma-Aldrich),GFP,nFLAG,,,,,Thomas Gonatopoulos-Pournatzis,,Illumina HiSeq 2500,,Neuroblastoma cells,,,,,,
170821621990108371,Cellular quiescence uncouples the proteome from the transcriptome in neural stem cells,922242333783065478,Mm_NSC_Q_3days_nuclear_1,false,RNA-Seq,"{'id': 'Mm', 'name': 'Mouse'}",41645004,SRR13120333.fastq.gz,,treated_3day_nuclear,,polyA plus RNA-seq,,,King's College London,Rita Sousa-Nunes,,,,,,polya,,Alice Rossi,,Illumina HiSeq 2500,,mouse hippocampal NSCs,,reverse,,,,
170821621990108371,Cellular quiescence uncouples the proteome from the transcriptome in neural stem cells,527258210070106150,Mm_NSC_Q_3days_cytoplasm_2,false,RNA-Seq,"{'id': 'Mm', 'name': 'Mouse'}",41645004,SRR13120338.fastq.gz,,treated_3day_cytoplasm,,polyA plus RNA-seq,,,King's College London,Rita Sousa-Nunes,,,,,,polya,,Alice Rossi,,Illumina HiSeq 2500,,mouse hippocampal NSCs,,reverse,,,,
170821621990108371,Cellular quiescence uncouples the proteome from the transcriptome in neural stem cells,234955121865970801,Mm_NSC_Q_10days_cytoplasm_3,false,RNA-Seq,"{'id': 'Mm', 'name': 'Mouse'}",41645004,SRR13120347.fastq.gz,,treated_10days_cytoplasm,,polyA plus RNA-seq,,,King's College London,Rita Sousa-Nunes,,,,,,polya,,Alice Rossi,,Illumina HiSeq 2500,,mouse hippocampal NSCs,,reverse,,,,
170821621990108371,Cellular quiescence uncouples the proteome from the transcriptome in neural stem cells,996710681594884325,Mm_NSC_Q_3days_nuclear_4,false,RNA-Seq,"{'id': 'Mm', 'name': 'Mouse'}",41645004,SRR13120336.fastq.gz,,treated_3day_nuclear,,polyA plus RNA-seq,,,King's College London,Rita Sousa-Nunes,,,,,,polya,,Alice Rossi,,Illumina HiSeq 2500,,mouse hippocampal NSCs,,reverse,,,,
170821621990108371,Cellular quiescence uncouples the proteome from the transcriptome in neural stem cells,129152464554752577,Mm_NSC_Q_10days_nuclear_4,false,RNA-Seq,"{'id': 'Mm', 'name': 'Mouse'}",41645004,SRR13120344.fastq.gz,,treated_10day_nuclear,,polyA plus RNA-seq,,,King's College London,Rita Sousa-Nunes,,,,,,polya,,Alice Rossi,,Illumina HiSeq 2500,,mouse hippocampal NSCs,,reverse,,,,
170821621990108371,Cellular quiescence uncouples the proteome from the transcriptome in neural stem cells,730135387975926212,Mm_NSC_Q_3days_cytoplasm_3,false,RNA-Seq,"{'id': 'Mm', 'name': 'Mouse'}",41645004,SRR13120339.fastq.gz,,treated_3day_cytoplasm,,polyA plus RNA-seq,,,King's College London,Rita Sousa-Nunes,,,,,,polya,,Alice Rossi,,Illumina HiSeq 2500,,mouse hippocampal NSCs,,reverse,,,,
170821621990108371,Cellular quiescence uncouples the proteome from the transcriptome in neural stem cells,666461634973025698,Mm_NSC_Q_10days_nuclear_3,false,RNA-Seq,"{'id': 'Mm', 'name': 'Mouse'}",41645004,SRR13120343.fastq.gz,,treated_10day_nuclear,,polyA plus RNA-seq,,,King's College London,Rita Sousa-Nunes,,,,,,polya,,Alice Rossi,,Illumina HiSeq 2500,,mouse hippocampal NSCs,,reverse,,,,
170821621990108371,Cellular quiescence uncouples the proteome from the transcriptome in neural stem cells,231286711917252917,Mm_NSC_Q_3days_nuclear_2,false,RNA-Seq,"{'id': 'Mm', 'name': 'Mouse'}",41645004,SRR13120334.fastq.gz,,treated_3day_nuclear,,polyA plus RNA-seq,,,King's College London,Rita Sousa-Nunes,,,,,,polya,,Alice Rossi,,Illumina HiSeq 2500,,mouse hippocampal NSCs,,reverse,,,,
170821621990108371,Cellular quiescence uncouples the proteome from the transcriptome in neural stem cells,776882881613629289,Mm_NSC_A_cytoplasm_2,false,RNA-Seq,"{'id': 'Mm', 'name': 'Mouse'}",41645004,SRR13120330.fastq.gz,,nontreated_cytoplasm,,polyA plus RNA-seq,,,King's College London,Rita Sousa-Nunes,,,,,,polya,,Alice Rossi,,Illumina HiSeq 2500,,mouse hippocampal NSCs,,reverse,,,,
356865055593967888,Genome-wide CRISPR-Cas9 interrogation of splicing networks reveals a mechanism for recognition of autism-misregulated neuronal microexons,872146352494755105,GFP_N2A_cells_Mm_FlagGFP_rep4,false,CLIP,"{'id': 'Mm', 'name': 'Mouse'}",30388412,SRR6927187.fastq.gz,,Flag-GFP_N2A_cells,,iCLIP-seq,NNNGGTTNN,GSM3073823,University of Toronto,Benjamin J. Blencowe,Flag monoclonal antibody M2 (Sigma-Aldrich),GFP,nFLAG,,,,,Thomas Gonatopoulos-Pournatzis,,Illumina HiSeq 2500,,Neuroblastoma cells,,,,,,
170821621990108371,Cellular quiescence uncouples the proteome from the transcriptome in neural stem cells,121959046981026412,Mm_NSC_A_nuclear_2,false,RNA-Seq,"{'id': 'Mm', 'name': 'Mouse'}",41645004,SRR13120326.fastq.gz,,nontreated_nuclear,,polyA plus RNA-seq,,,King's College London,Rita Sousa-Nunes,,,,,,polya,,Alice Rossi,,Illumina HiSeq 2500,,mouse hippocampal NSCs,,reverse,,,,
170821621990108371,Cellular quiescence uncouples the proteome from the transcriptome in neural stem cells,152103322288233266,Mm_NSC_Q_10days_cytoplasm_2,false,RNA-Seq,"{'id': 'Mm', 'name': 'Mouse'}",41645004,SRR13120346.fastq.gz,,treated_10days_cytoplasm,,polyA plus RNA-seq,,,King's College London,Rita Sousa-Nunes,,,,,,polya,,Alice Rossi,,Illumina HiSeq 2500,,mouse hippocampal NSCs,,reverse,,,,
170821621990108371,Cellular quiescence uncouples the proteome from the transcriptome in neural stem cells,444780433130939900,Mm_NSC_A_cytoplasm_1,false,RNA-Seq,"{'id': 'Mm', 'name': 'Mouse'}",41645004,SRR13120329.fastq.gz,,nontreated_cytoplasm,,polyA plus RNA-seq,,,King's College London,Rita Sousa-Nunes,,,,,,polya,,Alice Rossi,,Illumina HiSeq 2500,,mouse hippocampal NSCs,,reverse,,,,
170821621990108371,Cellular quiescence uncouples the proteome from the transcriptome in neural stem cells,482372386065695543,Mm_NSC_A_cytoplasm_3,false,RNA-Seq,"{'id': 'Mm', 'name': 'Mouse'}",41645004,SRR13120331.fastq.gz,,nontreated_cytoplasm,,polyA plus RNA-seq,,,King's College London,Rita Sousa-Nunes,,,,,,polya,,Alice Rossi,,Illumina HiSeq 2500,,mouse hippocampal NSCs,,reverse,,,,
356865055593967888,Genome-wide CRISPR-Cas9 interrogation of splicing networks reveals a mechanism for recognition of autism-misregulated neuronal microexons,612453201812804597,GFP_N2A_cells_Mm_FlagGFP_rep3,false,CLIP,"{'id': 'Mm', 'name': 'Mouse'}",30388412,SRR6927186.fastq.gz,,Flag-GFP_N2A_cells,,iCLIP-seq,NNNGGTTNN,GSM3073822,University of Toronto,Benjamin J. Blencowe,Flag monoclonal antibody M2 (Sigma-Aldrich),GFP,nFLAG,,,,,Thomas Gonatopoulos-Pournatzis,,Illumina HiSeq 2500,,Neuroblastoma cells,,,,,,
170821621990108371,Cellular quiescence uncouples the proteome from the transcriptome in neural stem cells,410604565511473162,Mm_NSC_Q_10days_cytoplasm_4,false,RNA-Seq,"{'id': 'Mm', 'name': 'Mouse'}",41645004,SRR13120348.fastq.gz,,treated_10days_cytoplasm,,polyA plus RNA-seq,,,King's College London,Rita Sousa-Nunes,,,,,,polya,,Alice Rossi,,Illumina HiSeq 2500,,mouse hippocampal NSCs,,reverse,,,,
170821621990108371,Cellular quiescence uncouples the proteome from the transcriptome in neural stem cells,638286882473236509,Mm_NSC_A_nuclear_3,false,RNA-Seq,"{'id': 'Mm', 'name': 'Mouse'}",41645004,SRR13120327.fastq.gz,,nontreated_nuclear,,polyA plus RNA-seq,,,King's College London,Rita Sousa-Nunes,,,,,,polya,,Alice Rossi,,Illumina HiSeq 2500,,mouse hippocampal NSCs,,reverse,,,,
170821621990108371,Cellular quiescence uncouples the proteome from the transcriptome in neural stem cells,989441560755140307,Mm_NSC_Q_3days_cytoplasm_4,false,RNA-Seq,"{'id': 'Mm', 'name': 'Mouse'}",41645004,SRR13120340.fastq.gz,,treated_3day_cytoplasm,,polyA plus RNA-seq,,,King's College London,Rita Sousa-Nunes,,,,,,polya,,Alice Rossi,,Illumina HiSeq 2500,,mouse hippocampal NSCs,,reverse,,,,
170821621990108371,Cellular quiescence uncouples the proteome from the transcriptome in neural stem cells,659745631164586215,Mm_NSC_A_nuclear_4,false,RNA-Seq,"{'id': 'Mm', 'name': 'Mouse'}",41645004,SRR13120328.fastq.gz,,nontreated_nuclear,,polyA plus RNA-seq,,,King's College London,Rita Sousa-Nunes,,,,,,polya,,Alice Rossi,,Illumina HiSeq 2500,,mouse hippocampal NSCs,,reverse,,,,
170821621990108371,Cellular quiescence uncouples the proteome from the transcriptome in neural stem cells,375400961622270129,Mm_NSC_Q_10days_cytoplasm_1,false,RNA-Seq,"{'id': 'Mm', 'name': 'Mouse'}",41645004,SRR13120345.fastq.gz,,treated_10days_cytoplasm,,polyA plus RNA-seq,,,King's College London,Rita Sousa-Nunes,,,,,,polya,,Alice Rossi,,Illumina HiSeq 2500,,mouse hippocampal NSCs,,reverse,,,,
170821621990108371,Cellular quiescence uncouples the proteome from the transcriptome in neural stem cells,876310643871585361,Mm_NSC_A_cytoplasm_4,false,RNA-Seq,"{'id': 'Mm', 'name': 'Mouse'}",41645004,SRR13120332.fastq.gz,,nontreated_cytoplasm,,polyA plus RNA-seq,,,King's College London,Rita Sousa-Nunes,,,,,,polya,,Alice Rossi,,Illumina HiSeq 2500,,mouse hippocampal NSCs,,reverse,,,,
927288567089481829,Nuclear speckles enable processing of RNA from GC-rich isochores,837745822827953857,WT_siMOCK_rep3,false,RNA-Seq,"{'id': 'Hs', 'name': 'Human'}",41747727,"SRR36147081_1.cleaned.fastq.gz,SRR36147081_2.cleaned.fastq.gz",,control_wt,,RNA-Seq,,GSM9310202,Max Planck Institute for Molecular Genetics,Tuğçe Aktaş,,,,,,ribominus,,Michał Małszycki,,Element AVITI,,HEK293,,reverse,,,,
170821621990108371,Cellular quiescence uncouples the proteome from the transcriptome in neural stem cells,143165643146332403,Mm_NSC_Q_3days_cytoplasm_1,false,RNA-Seq,"{'id': 'Mm', 'name': 'Mouse'}",41645004,SRR13120337.fastq.gz,,treated_3day_cytoplasm,,polyA plus RNA-seq,,,King's College London,Rita Sousa-Nunes,,,,,,polya,,Alice Rossi,,Illumina HiSeq 2500,,mouse hippocampal NSCs,,reverse,,,,
927288567089481829,Nuclear speckles enable processing of RNA from GC-rich isochores,691260298243987218,SON_deltaCterm_siSON_rep1,false,RNA-Seq,"{'id': 'Hs', 'name': 'Human'}",41747727,"SRR36147065_1.cleaned.fastq.gz,SRR36147065_2.cleaned.fastq.gz",,siRNA against SON_SON_deltaC-term,,RNA-Seq,,GSM9310218,Max Planck Institute for Molecular Genetics,Tuğçe Aktaş,,,,,,ribominus,,Michał Małszycki,,Element AVITI,,HEK293,,reverse,,,,
927288567089481829,Nuclear speckles enable processing of RNA from GC-rich isochores,678848123617512194,SON_CtermRSRP_siSON_rep1,false,RNA-Seq,"{'id': 'Hs', 'name': 'Human'}",41747727,"SRR36147068_1.cleaned.fastq.gz,SRR36147068_2.cleaned.fastq.gz",,siRNA against SON_SON_C-term-RSRP,,RNA-Seq,,GSM9310209,Max Planck Institute for Molecular Genetics,Tuğçe Aktaş,,,,,,ribominus,,Michał Małszycki,,Element AVITI,,HEK293,,reverse,,,,
927288567089481829,Nuclear speckles enable processing of RNA from GC-rich isochores,440731353389001645,SON_CtermRSRPNEG_siSON_rep2,false,RNA-Seq,"{'id': 'Hs', 'name': 'Human'}",41747727,"SRR36147073_1.cleaned.fastq.gz,SRR36147073_2.cleaned.fastq.gz",,siRNA against SON_SON_C-term-RSRP-NEG,,RNA-Seq,,GSM9310213,Max Planck Institute for Molecular Genetics,Tuğçe Aktaş,,,,,,ribominus,,Michał Małszycki,,Element AVITI,,HEK293,,reverse,,,,
927288567089481829,Nuclear speckles enable processing of RNA from GC-rich isochores,399992373466236150,fly_SON_siSON_rep2,false,RNA-Seq,"{'id': 'Dm', 'name': 'Drosophila'}",41747727,"SRR36147060_1.cleaned.fastq.gz,SRR36147060_2.cleaned.fastq.gz",,siRNA against SON_fly_SON,,RNA-Seq,,GSM9310222,Max Planck Institute for Molecular Genetics,Tuğçe Aktaş,,,,,,ribominus,,Michał Małszycki,,Element AVITI,,HEK293,,reverse,,,,
927288567089481829,Nuclear speckles enable processing of RNA from GC-rich isochores,438718882971371080,SON_CtermRSRPNEG_siSON_rep1,false,RNA-Seq,"{'id': 'Hs', 'name': 'Human'}",41747727,"SRR36147072_1.cleaned.fastq.gz,SRR36147072_2.cleaned.fastq.gz",,siRNA against SON_SON_C-term-RSRP-NEG,,RNA-Seq,,GSM9310212,Max Planck Institute for Molecular Genetics,Tuğçe Aktaş,,,,,,ribominus,,Michał Małszycki,,Element AVITI,,HEK293,,reverse,,,,
927288567089481829,Nuclear speckles enable processing of RNA from GC-rich isochores,715950538340403894,WT_siMOCK_rep1,false,RNA-Seq,"{'id': 'Hs', 'name': 'Human'}",41747727,"SRR36147083_1.cleaned.fastq.gz,SRR36147083_2.cleaned.fastq.gz",,control_wt,,RNA-Seq,,GSM9310200,Max Planck Institute for Molecular Genetics,Tuğçe Aktaş,,,,,,ribominus,,Michał Małszycki,,Element AVITI,,HEK293,,reverse,,,,
927288567089481829,Nuclear speckles enable processing of RNA from GC-rich isochores,349090766378564954,SON_Ctermonly_siSON_rep2,false,RNA-Seq,"{'id': 'Hs', 'name': 'Human'}",41747727,"SRR36147076_1.cleaned.fastq.gz,SRR36147076_2.cleaned.fastq.gz",,siRNA against SON_SON_C-term-only,,RNA-Seq,,GSM9310207,Max Planck Institute for Molecular Genetics,Tuğçe Aktaş,,,,,,ribominus,,Michał Małszycki,,Element AVITI,,HEK293,,reverse,,,,
927288567089481829,Nuclear speckles enable processing of RNA from GC-rich isochores,717894269316969940,SON_deltaCterm_siSON_rep3,false,RNA-Seq,"{'id': 'Hs', 'name': 'Human'}",41747727,"SRR36147062_1.cleaned.fastq.gz,SRR36147062_2.cleaned.fastq.gz",,siRNA against SON_SON_deltaC-term,,RNA-Seq,,GSM9310220,Max Planck Institute for Molecular Genetics,Tuğçe Aktaş,,,,,,ribominus,,Michał Małszycki,,Element AVITI,,HEK293,,reverse,,,,
927288567089481829,Nuclear speckles enable processing of RNA from GC-rich isochores,564603861224725707,SON_fulllength_siSON_rep1,false,RNA-Seq,"{'id': 'Hs', 'name': 'Human'}",41747727,"SRR36147075_1.cleaned.fastq.gz,SRR36147075_2.cleaned.fastq.gz",,siRNA against SON_SON_full-length,,RNA-Seq,,GSM9310215,Max Planck Institute for Molecular Genetics,Tuğçe Aktaş,,,,,,ribominus,,Michał Małszycki,,Element AVITI,,HEK293,,reverse,,,,
927288567089481829,Nuclear speckles enable processing of RNA from GC-rich isochores,765190918011635567,SON_deltaCterm_siSON_rep2,false,RNA-Seq,"{'id': 'Hs', 'name': 'Human'}",41747727,"SRR36147066_1.cleaned.fastq.gz,SRR36147066_2.cleaned.fastq.gz",,siRNA against SON_SON_deltaC-term,,RNA-Seq,,GSM9310219,Max Planck Institute for Molecular Genetics,Tuğçe Aktaş,,,,,,ribominus,,Michał Małszycki,,Element AVITI,,HEK293,,reverse,,,,
927288567089481829,Nuclear speckles enable processing of RNA from GC-rich isochores,311456034912879589,SON_fulllength_siSON_rep3,false,RNA-Seq,"{'id': 'Hs', 'name': 'Human'}",41747727,"SRR36147064_1.cleaned.fastq.gz,SRR36147064_2.cleaned.fastq.gz",,siRNA against SON_SON_full-length,,RNA-Seq,,GSM9310217,Max Planck Institute for Molecular Genetics,Tuğçe Aktaş,,,,,,ribominus,,Michał Małszycki,,Element AVITI,,HEK293,,reverse,,,,
927288567089481829,Nuclear speckles enable processing of RNA from GC-rich isochores,449726885819021665,Df1_Gg_control_rep2,false,RNA-Seq,"{'id': 'Gg', 'name': 'Chicken'}",41747727,"SRR36140093_1.cleaned.fastq.gz,SRR36140093_2.cleaned.fastq.gz",,control,,RNA-Seq,,GSM9309259,Max Planck Institute for Molecular Genetics,Tuğçe Aktaş,,,,,,ribominus,,Michał Małszycki,,Element AVITI,,Df1,,reverse,,,,
927288567089481829,Nuclear speckles enable processing of RNA from GC-rich isochores,769556073538965609,WT_siSON_rep2,false,RNA-Seq,"{'id': 'Hs', 'name': 'Human'}",41747727,"SRR36147079_1.cleaned.fastq.gz,SRR36147079_2.cleaned.fastq.gz",,siRNA against SON_wt,,RNA-Seq,,GSM9310204,Max Planck Institute for Molecular Genetics,Tuğçe Aktaş,,,,,,ribominus,,Michał Małszycki,,Element AVITI,,HEK293,,reverse,,,,
927288567089481829,Nuclear speckles enable processing of RNA from GC-rich isochores,576767829675286598,WT_siSON_rep3,false,RNA-Seq,"{'id': 'Hs', 'name': 'Human'}",41747727,"SRR36147078_1.cleaned.fastq.gz,SRR36147078_2.cleaned.fastq.gz",,siRNA against SON_wt,,RNA-Seq,,GSM9310205,Max Planck Institute for Molecular Genetics,Tuğçe Aktaş,,,,,,ribominus,,Michał Małszycki,,Element AVITI,,HEK293,,reverse,,,,
927288567089481829,Nuclear speckles enable processing of RNA from GC-rich isochores,963891486090948626,SON_KD_rep3,false,RNA-Seq,"{'id': 'Gg', 'name': 'Chicken'}",41747727,"SRR36140096_1.cleaned.fastq.gz,SRR36140096_2.cleaned.fastq.gz",,SON siRNA pool,,RNA-Seq,,GSM9309263,Max Planck Institute for Molecular Genetics,Tuğçe Aktaş,,,,,,ribominus,,Michał Małszycki,,Element AVITI,,Df1,,reverse,,,,
927288567089481829,Nuclear speckles enable processing of RNA from GC-rich isochores,732319983813539140,SON_Ctermonly_siSON_rep1,false,RNA-Seq,"{'id': 'Hs', 'name': 'Human'}",41747727,"SRR36147077_1.cleaned.fastq.gz,SRR36147077_2.cleaned.fastq.gz",,siRNA against SON_SON_C-term-only,,RNA-Seq,,GSM9310206,Max Planck Institute for Molecular Genetics,Tuğçe Aktaş,,,,,,ribominus,,Michał Małszycki,,Element AVITI,,HEK293,,reverse,,,,
927288567089481829,Nuclear speckles enable processing of RNA from GC-rich isochores,582656672479065952,SON_KD_rep1,false,RNA-Seq,"{'id': 'Gg', 'name': 'Chicken'}",41747727,"SRR36140092_1.cleaned.fastq.gz,SRR36140092_2.cleaned.fastq.gz",,SON siRNA pool,,RNA-Seq,,GSM9309261,Max Planck Institute for Molecular Genetics,Tuğçe Aktaş,,,,,,ribominus,,Michał Małszycki,,Element AVITI,,Df1,,reverse,,,,
927288567089481829,Nuclear speckles enable processing of RNA from GC-rich isochores,254944100613755309,fly_SON_siSON_rep3,false,RNA-Seq,"{'id': 'Dm', 'name': 'Drosophila'}",41747727,"SRR36147059_1.cleaned.fastq.gz,SRR36147059_2.cleaned.fastq.gz",,siRNA against SON_fly_SON,,RNA-Seq,,GSM9310223,Max Planck Institute for Molecular Genetics,Tuğçe Aktaş,,,,,,ribominus,,Michał Małszycki,,Element AVITI,,HEK293,,reverse,,,,
927288567089481829,Nuclear speckles enable processing of RNA from GC-rich isochores,108251145241457554,WT_siMOCK_rep2,false,RNA-Seq,"{'id': 'Hs', 'name': 'Human'}",41747727,"SRR36147082_1.cleaned.fastq.gz,SRR36147082_2.cleaned.fastq.gz",,control_wt,,RNA-Seq,,GSM9310201,Max Planck Institute for Molecular Genetics,Tuğçe Aktaş,,,,,,ribominus,,Michał Małszycki,,Element AVITI,,HEK293,,reverse,,,,
927288567089481829,Nuclear speckles enable processing of RNA from GC-rich isochores,920803529723072712,SON_Ctermonly_siSON_rep3,false,RNA-Seq,"{'id': 'Hs', 'name': 'Human'}",41747727,"SRR36147067_1.cleaned.fastq.gz,SRR36147067_2.cleaned.fastq.gz",,siRNA against SON_SON_C-term-only,,RNA-Seq,,GSM9310208,Max Planck Institute for Molecular Genetics,Tuğçe Aktaş,,,,,,ribominus,,Michał Małszycki,,Element AVITI,,HEK293,,reverse,,,,
927288567089481829,Nuclear speckles enable processing of RNA from GC-rich isochores,527451720982175792,Df1_Gg_control_rep3,false,RNA-Seq,"{'id': 'Gg', 'name': 'Chicken'}",41747727,"SRR36140094_1.cleaned.fastq.gz,SRR36140094_2.cleaned.fastq.gz",,control,,RNA-Seq,,GSM9309260,Max Planck Institute for Molecular Genetics,Tuğçe Aktaş,,,,,,ribominus,,Michał Małszycki,,Element AVITI,,Df1,,reverse,,,,
927288567089481829,Nuclear speckles enable processing of RNA from GC-rich isochores,292255876692075997,fly_SON_siSON_rep1,false,RNA-Seq,"{'id': 'Dm', 'name': 'Drosophila'}",41747727,"SRR36147061_1.cleaned.fastq.gz,SRR36147061_2.cleaned.fastq.gz",,siRNA against SON_fly_SON,,RNA-Seq,,GSM9310221,Max Planck Institute for Molecular Genetics,Tuğçe Aktaş,,,,,,ribominus,,Michał Małszycki,,Element AVITI,,HEK293,,reverse,,,,
927288567089481829,Nuclear speckles enable processing of RNA from GC-rich isochores,770252041267239436,SON_CtermRSRPNEG_siSON_rep3,false,RNA-Seq,"{'id': 'Hs', 'name': 'Human'}",41747727,"SRR36147074_1.cleaned.fastq.gz,SRR36147074_2.cleaned.fastq.gz",,siRNA against SON_SON_C-term-RSRP-NEG,,RNA-Seq,,GSM9310214,Max Planck Institute for Molecular Genetics,Tuğçe Aktaş,,,,,,ribominus,,Michał Małszycki,,Element AVITI,,HEK293,,reverse,,,,
927288567089481829,Nuclear speckles enable processing of RNA from GC-rich isochores,822928470183431265,WT_siSON_rep1,false,RNA-Seq,"{'id': 'Hs', 'name': 'Human'}",41747727,"SRR36147080_1.cleaned.fastq.gz,SRR36147080_2.cleaned.fastq.gz",,siRNA against SON_wt,,RNA-Seq,,GSM9310203,Max Planck Institute for Molecular Genetics,Tuğçe Aktaş,,,,,,ribominus,,Michał Małszycki,,Element AVITI,,HEK293,,reverse,,,,
927288567089481829,Nuclear speckles enable processing of RNA from GC-rich isochores,326344439412410475,SON_fulllength_siSON_rep2,false,RNA-Seq,"{'id': 'Hs', 'name': 'Human'}",41747727,"SRR36147063_1.cleaned.fastq.gz,SRR36147063_2.cleaned.fastq.gz",,siRNA against SON_SON_full-length,,RNA-Seq,,GSM9310216,Max Planck Institute for Molecular Genetics,Tuğçe Aktaş,,,,,,ribominus,,Michał Małszycki,,Element AVITI,,HEK293,,reverse,,,,
927288567089481829,Nuclear speckles enable processing of RNA from GC-rich isochores,869777237773900217,SON_KD_rep2,false,RNA-Seq,"{'id': 'Gg', 'name': 'Chicken'}",41747727,"SRR36140095_1.cleaned.fastq.gz,SRR36140095_2.cleaned.fastq.gz",,SON siRNA pool,,RNA-Seq,,GSM9309262,Max Planck Institute for Molecular Genetics,Tuğçe Aktaş,,,,,,ribominus,,Michał Małszycki,,Element AVITI,,Df1,,reverse,,,,
927288567089481829,Nuclear speckles enable processing of RNA from GC-rich isochores,724610501281677474,SON_CtermRSRP_siSON_rep2,false,RNA-Seq,"{'id': 'Hs', 'name': 'Human'}",41747727,"SRR36147070_1.cleaned.fastq.gz,SRR36147070_2.cleaned.fastq.gz",,siRNA against SON_SON_C-term-RSRP,,RNA-Seq,,GSM9310210,Max Planck Institute for Molecular Genetics,Tuğçe Aktaş,,,,,,ribominus,,Michał Małszycki,,Element AVITI,,HEK293,,reverse,,,,
927288567089481829,Nuclear speckles enable processing of RNA from GC-rich isochores,635412711642733396,Df1_Gg_control_rep1,false,RNA-Seq,"{'id': 'Gg', 'name': 'Chicken'}",41747727,"SRR36140097_1.cleaned.fastq.gz,SRR36140097_2.cleaned.fastq.gz",,control,,RNA-Seq,,GSM9309258,Max Planck Institute for Molecular Genetics,Tuğçe Aktaş,,,,,,ribominus,,Michał Małszycki,,Element AVITI,,Df1,,reverse,,,,
927288567089481829,Nuclear speckles enable processing of RNA from GC-rich isochores,341537825923070162,HCT116_cellsSON4sU_RNA_rep1,false,RNA-Seq,"{'id': 'Hs', 'name': 'Human'}",41747727,"SRR36146671_1.cleaned.fastq.gz,SRR36146671_2.cleaned.fastq.gz",,HaloPROTAC3_SON-HaloTag SRRM2-dTAG,,RNA-Seq,,GSM9310196,Max Planck Institute for Molecular Genetics,Tuğçe Aktaş,,,,,,ribominus,,Michał Małszycki,,Element AVITI,,HCT116,,reverse,,,,
927288567089481829,Nuclear speckles enable processing of RNA from GC-rich isochores,998252140975137737,HCT116_cells_control4sU_RNA_rep1,false,RNA-Seq,"{'id': 'Hs', 'name': 'Human'}",41747727,"SRR36146667_1.cleaned.fastq.gz,SRR36146667_2.cleaned.fastq.gz",,control_SON-HaloTag SRRM2-dTAG,,RNA-Seq,,GSM9310192,Max Planck Institute for Molecular Genetics,Tuğçe Aktaş,,,,,,ribominus,,Michał Małszycki,,Element AVITI,,HCT116,,reverse,,,,
927288567089481829,Nuclear speckles enable processing of RNA from GC-rich isochores,985372079605509203,HCT116_cells_TRA2ABdepleted_pA_RNA_rep2,false,RNA-Seq,"{'id': 'Hs', 'name': 'Human'}",41747727,"SRR28733350_1.cleaned.fastq.gz,SRR28733350_2.cleaned.fastq.gz",,TRA2A+TRA2B siRNA,,RNA-Seq,,GSM8215665,Max Planck Institute for Molecular Genetics,Tuğçe Aktaş,,,,,,polya,,Michał Małszycki,,Illumina NovaSeq 6000,,HCT116,,auto,,,,
927288567089481829,Nuclear speckles enable processing of RNA from GC-rich isochores,639497995032065889,HCT116_cells_SON+SRRM24sU_RNA_rep1,false,RNA-Seq,"{'id': 'Hs', 'name': 'Human'}",41747727,"SRR36146673_1.cleaned.fastq.gz,SRR36146673_2.cleaned.fastq.gz",,HaloPROTAC3+dTAG13_SON-HaloTag SRRM2-dTAG,,RNA-Seq,,GSM9310198,Max Planck Institute for Molecular Genetics,Tuğçe Aktaş,,,,,,ribominus,,Michał Małszycki,,Element AVITI,,HCT116,,reverse,,,,
927288567089481829,Nuclear speckles enable processing of RNA from GC-rich isochores,913850741068114163,HCT116_cells_control_4sUchase_RNA_rep1,false,RNA-Seq,"{'id': 'Hs', 'name': 'Human'}",41747727,"SRR28733355_1.cleaned.fastq.gz,SRR28733355_2.cleaned.fastq.gz",,control_SON-HaloTag,,ssRNA-seq,,GSM8215694,Max Planck Institute for Molecular Genetics,Tuğçe Aktaş,,,,,,ribominus,,Michał Małszycki,,Illumina NovaSeq 6000,,HCT116,,reverse,,,,
927288567089481829,Nuclear speckles enable processing of RNA from GC-rich isochores,897916046713204587,HCT116_cellsSRRM24sU_RNA_rep2,false,RNA-Seq,"{'id': 'Hs', 'name': 'Human'}",41747727,"SRR36146670_1.cleaned.fastq.gz,SRR36146670_2.cleaned.fastq.gz",,dTAG13_SON-HaloTag SRRM2-dTAG,,RNA-Seq,,GSM9310195,Max Planck Institute for Molecular Genetics,Tuğçe Aktaş,,,,,,ribominus,,Michał Małszycki,,Element AVITI,,HCT116,,reverse,,,,
927288567089481829,Nuclear speckles enable processing of RNA from GC-rich isochores,233147871739200251,HCT116_cellsSON4sU_RNA_rep2,false,RNA-Seq,"{'id': 'Hs', 'name': 'Human'}",41747727,"SRR36146672_1.cleaned.fastq.gz,SRR36146672_2.cleaned.fastq.gz",,HaloPROTAC3_SON-HaloTag SRRM2-dTAG,,RNA-Seq,,GSM9310197,Max Planck Institute for Molecular Genetics,Tuğçe Aktaş,,,,,,ribominus,,Michał Małszycki,,Element AVITI,,HCT116,,reverse,,,,
927288567089481829,Nuclear speckles enable processing of RNA from GC-rich isochores,899882935766991930,HCT116_cellsSRRM24sU_RNA_rep1,false,RNA-Seq,"{'id': 'Hs', 'name': 'Human'}",41747727,"SRR36146669_1.cleaned.fastq.gz,SRR36146669_2.cleaned.fastq.gz",,dTAG13_SON-HaloTag SRRM2-dTAG,,RNA-Seq,,GSM9310194,Max Planck Institute for Molecular Genetics,Tuğçe Aktaş,,,,,,ribominus,,Michał Małszycki,,Element AVITI,,HCT116,,reverse,,,,
927288567089481829,Nuclear speckles enable processing of RNA from GC-rich isochores,759348177491685380,HCT116_cells_TRA2ABdepleted_pA_RNA_rep1,false,RNA-Seq,"{'id': 'Hs', 'name': 'Human'}",41747727,"SRR28733351_1.cleaned.fastq.gz,SRR28733351_2.cleaned.fastq.gz",,TRA2A+TRA2B siRNA,,RNA-Seq,,GSM8215664,Max Planck Institute for Molecular Genetics,Tuğçe Aktaş,,,,,,polya,,Michał Małszycki,,Illumina NovaSeq 6000,,HCT116,,auto,,,,
927288567089481829,Nuclear speckles enable processing of RNA from GC-rich isochores,648059252550032891,HCT116_cells_control4sU_RNA_rep2,false,RNA-Seq,"{'id': 'Hs', 'name': 'Human'}",41747727,"SRR36146668_1.cleaned.fastq.gz,SRR36146668_2.cleaned.fastq.gz",,control_SON-HaloTag SRRM2-dTAG,,RNA-Seq,,GSM9310193,Max Planck Institute for Molecular Genetics,Tuğçe Aktaş,,,,,,ribominus,,Michał Małszycki,,Element AVITI,,HCT116,,reverse,,,,
927288567089481829,Nuclear speckles enable processing of RNA from GC-rich isochores,472555575358283367,HCT116_cells_TRA2ABdepleted_pA_RNA_rep3,false,RNA-Seq,"{'id': 'Hs', 'name': 'Human'}",41747727,"SRR28733349_1.cleaned.fastq.gz,SRR28733349_2.cleaned.fastq.gz",,TRA2A+TRA2B siRNA,,RNA-Seq,,GSM8215666,Max Planck Institute for Molecular Genetics,Tuğçe Aktaş,,,,,,polya,,Michał Małszycki,,Illumina NovaSeq 6000,,HCT116,,auto,,,,
927288567089481829,Nuclear speckles enable processing of RNA from GC-rich isochores,234157655167100497,HCT116_cells_SON_pA_RNA_rep3,false,RNA-Seq,"{'id': 'Hs', 'name': 'Human'}",41747727,"SRR28734059_1.cleaned.fastq.gz,SRR28734059_2.cleaned.fastq.gz",,HaloPROTAC3_SON-HaloTag SRRM2-dTAG,,ssRNA-seq,,GSM8215861,Max Planck Institute for Molecular Genetics,Tuğçe Aktaş,,,,,,polya,,Michał Małszycki,,Illumina NovaSeq 6000,,HCT116,,auto,,,,
927288567089481829,Nuclear speckles enable processing of RNA from GC-rich isochores,723245163316634431,HCT116_cells_SONdepletion_4sUpulse_RNA_rep1,false,RNA-Seq,"{'id': 'Hs', 'name': 'Human'}",41747727,"SRR28738984_1.cleaned.fastq.gz,SRR28738984_2.cleaned.fastq.gz",,HaloPROTAC3_SON-HaloTag,,ssRNA-seq,,GSM8216723,Max Planck Institute for Molecular Genetics,Tuğçe Aktaş,,,,,,ribominus,,Michał Małszycki,,Illumina NovaSeq 6000,,HCT116,,reverse,,,,
927288567089481829,Nuclear speckles enable processing of RNA from GC-rich isochores,745999898036611769,HCT116_cells_SON+SRRM24sU_RNA_rep2,false,RNA-Seq,"{'id': 'Hs', 'name': 'Human'}",41747727,"SRR36146674_1.cleaned.fastq.gz,SRR36146674_2.cleaned.fastq.gz",,HaloPROTAC3+dTAG13_SON-HaloTag SRRM2-dTAG,,RNA-Seq,,GSM9310199,Max Planck Institute for Molecular Genetics,Tuğçe Aktaş,,,,,,ribominus,,Michał Małszycki,,Element AVITI,,HCT116,,reverse,,,,
927288567089481829,Nuclear speckles enable processing of RNA from GC-rich isochores,531700069064458482,HCT116_cells_SONdepletion_4sUpulse_RNA_rep2,false,RNA-Seq,"{'id': 'Hs', 'name': 'Human'}",41747727,"SRR28738983_1.cleaned.fastq.gz,SRR28738983_2.cleaned.fastq.gz",,HaloPROTAC3_SON-HaloTag,,ssRNA-seq,,GSM8216724,Max Planck Institute for Molecular Genetics,Tuğçe Aktaş,,,,,,ribominus,,Michał Małszycki,,Illumina NovaSeq 6000,,HCT116,,reverse,,,,
927288567089481829,Nuclear speckles enable processing of RNA from GC-rich isochores,711528846303769181,HCT116_cells_control_pA_RNA_rep3,false,RNA-Seq,"{'id': 'Hs', 'name': 'Human'}",41747727,"SRR28734065_1.cleaned.fastq.gz,SRR28734065_2.cleaned.fastq.gz",,control_SON-HaloTag SRRM2-dTAG,,ssRNA-seq,,GSM8215855,Max Planck Institute for Molecular Genetics,Tuğçe Aktaş,,,,,,polya,,Michał Małszycki,,Illumina NovaSeq 6000,,HCT116,,auto,,,,
927288567089481829,Nuclear speckles enable processing of RNA from GC-rich isochores,958418616787783837,HCT116_cells_SRRM2_pA_RNA_rep2,false,RNA-Seq,"{'id': 'Hs', 'name': 'Human'}",41747727,"SRR28734063_1.cleaned.fastq.gz,SRR28734063_2.cleaned.fastq.gz",,dTAG13_SON-HaloTag SRRM2-dTAG,,ssRNA-seq,,GSM8215857,Max Planck Institute for Molecular Genetics,Tuğçe Aktaş,,,,,,polya,,Michał Małszycki,,Illumina NovaSeq 6000,,HCT116,,auto,,,,
927288567089481829,Nuclear speckles enable processing of RNA from GC-rich isochores,878307169955826548,HCT116_cells_control_4sUpulse_RNA_rep2,false,RNA-Seq,"{'id': 'Hs', 'name': 'Human'}",41747727,"SRR28738985_1.cleaned.fastq.gz,SRR28738985_2.cleaned.fastq.gz",,control_SON-HaloTag,,ssRNA-seq,,GSM8216722,Max Planck Institute for Molecular Genetics,Tuğçe Aktaş,,,,,,ribominus,,Michał Małszycki,,Illumina NovaSeq 6000,,HCT116,,reverse,,,,
927288567089481829,Nuclear speckles enable processing of RNA from GC-rich isochores,130368621163802035,HCT116_cells_control_4sUchase_RNA_rep2,false,RNA-Seq,"{'id': 'Hs', 'name': 'Human'}",41747727,"SRR28733354_1.cleaned.fastq.gz,SRR28733354_2.cleaned.fastq.gz",,control_SON-HaloTag,,ssRNA-seq,,GSM8215695,Max Planck Institute for Molecular Genetics,Tuğçe Aktaş,,,,,,ribominus,,Michał Małszycki,,Illumina NovaSeq 6000,,HCT116,,reverse,,,,
927288567089481829,Nuclear speckles enable processing of RNA from GC-rich isochores,216971072042714121,HCT116_cells_SRRM2_pA_RNA_rep3,false,RNA-Seq,"{'id': 'Hs', 'name': 'Human'}",41747727,"SRR28734062_1.cleaned.fastq.gz,SRR28734062_2.cleaned.fastq.gz",,dTAG13_SON-HaloTag SRRM2-dTAG,,ssRNA-seq,,GSM8215858,Max Planck Institute for Molecular Genetics,Tuğçe Aktaş,,,,,,polya,,Michał Małszycki,,Illumina NovaSeq 6000,,HCT116,,auto,,,,
927288567089481829,Nuclear speckles enable processing of RNA from GC-rich isochores,567789890071710505,HCT116_cells_control_pA_RNA_rep2,false,RNA-Seq,"{'id': 'Hs', 'name': 'Human'}",41747727,"SRR28734066_1.cleaned.fastq.gz,SRR28734066_2.cleaned.fastq.gz",,control_SON-HaloTag SRRM2-dTAG,,ssRNA-seq,,GSM8215854,Max Planck Institute for Molecular Genetics,Tuğçe Aktaş,,,,,,polya,,Michał Małszycki,,Illumina NovaSeq 6000,,HCT116,,auto,,,,
927288567089481829,Nuclear speckles enable processing of RNA from GC-rich isochores,359060825672673150,HCT116_cells_control_cytoplasmic_RNA_rep1,false,RNA-Seq,"{'id': 'Hs', 'name': 'Human'}",41747727,"SRR28733739_1.cleaned.fastq.gz,SRR28733739_2.cleaned.fastq.gz",,control_SON-HaloTag,,ssRNA-seq,,GSM8215774,Max Planck Institute for Molecular Genetics,Tuğçe Aktaş,,,,,,ribominus,,Michał Małszycki,,Illumina NovaSeq 6000,,HCT116,,reverse,,,,
927288567089481829,Nuclear speckles enable processing of RNA from GC-rich isochores,203936095385145236,HCT116_cells_SON_SRRM2_pA+_RNA_rep1,false,RNA-Seq,"{'id': 'Hs', 'name': 'Human'}",41747727,"SRR28734058_1.cleaned.fastq.gz,SRR28734058_2.cleaned.fastq.gz",,HaloPROTAC3+dTAG13_SON-HaloTag SRRM2-dTAG,,ssRNA-seq,,GSM8215862,Max Planck Institute for Molecular Genetics,Tuğçe Aktaş,,,,,,polya,,Michał Małszycki,,Illumina NovaSeq 6000,,HCT116,,auto,,,,
927288567089481829,Nuclear speckles enable processing of RNA from GC-rich isochores,259473059315455995,HCT116_cells_SONdepleted_cytoplasmic_RNA_rep1,false,RNA-Seq,"{'id': 'Hs', 'name': 'Human'}",41747727,"SRR28733736_1.cleaned.fastq.gz,SRR28733736_2.cleaned.fastq.gz",,HaloPROTAC3_SON-HaloTag,,ssRNA-seq,,GSM8215777,Max Planck Institute for Molecular Genetics,Tuğçe Aktaş,,,,,,ribominus,,Michał Małszycki,,Illumina NovaSeq 6000,,HCT116,,reverse,,,,
927288567089481829,Nuclear speckles enable processing of RNA from GC-rich isochores,716747384954018312,HCT116_cells_SON_pA_RNA_rep2,false,RNA-Seq,"{'id': 'Hs', 'name': 'Human'}",41747727,"SRR28734060_1.cleaned.fastq.gz,SRR28734060_2.cleaned.fastq.gz",,HaloPROTAC3_SON-HaloTag SRRM2-dTAG,,ssRNA-seq,,GSM8215860,Max Planck Institute for Molecular Genetics,Tuğçe Aktaş,,,,,,polya,,Michał Małszycki,,Illumina NovaSeq 6000,,HCT116,,auto,,,,
927288567089481829,Nuclear speckles enable processing of RNA from GC-rich isochores,564810537508298269,HCT116_cells_SONdepletion_4sUchase_RNA_rep2,false,RNA-Seq,"{'id': 'Hs', 'name': 'Human'}",41747727,"SRR28733352_1.cleaned.fastq.gz,SRR28733352_2.cleaned.fastq.gz",,HaloPROTAC3_SON-HaloTag,,ssRNA-seq,,GSM8215697,Max Planck Institute for Molecular Genetics,Tuğçe Aktaş,,,,,,ribominus,,Michał Małszycki,,Illumina NovaSeq 6000,,HCT116,,reverse,,,,
927288567089481829,Nuclear speckles enable processing of RNA from GC-rich isochores,739882125317762819,HCT116_cells_SONdepleted_cytoplasmic_RNA_rep2,false,RNA-Seq,"{'id': 'Hs', 'name': 'Human'}",41747727,"SRR28733735_1.cleaned.fastq.gz,SRR28733735_2.cleaned.fastq.gz",,HaloPROTAC3_SON-HaloTag,,ssRNA-seq,,GSM8215778,Max Planck Institute for Molecular Genetics,Tuğçe Aktaş,,,,,,ribominus,,Michał Małszycki,,Illumina NovaSeq 6000,,HCT116,,reverse,,,,
927288567089481829,Nuclear speckles enable processing of RNA from GC-rich isochores,158239359773546899,HCT116_cells_control_total_RNA_rep3,false,RNA-Seq,"{'id': 'Hs', 'name': 'Human'}",41747727,"SRR28733731_1.cleaned.fastq.gz,SRR28733731_2.cleaned.fastq.gz",,control_SON-HaloTag,,ssRNA-seq,,GSM8215782,Max Planck Institute for Molecular Genetics,Tuğçe Aktaş,,,,,,ribominus,,Michał Małszycki,,Illumina NovaSeq 6000,,HCT116,,reverse,,,,
927288567089481829,Nuclear speckles enable processing of RNA from GC-rich isochores,854004249067542820,HCT116_cells_control_pA_RNA_rep1,false,RNA-Seq,"{'id': 'Hs', 'name': 'Human'}",41747727,"SRR28734067_1.cleaned.fastq.gz,SRR28734067_2.cleaned.fastq.gz",,control_SON-HaloTag SRRM2-dTAG,,ssRNA-seq,,GSM8215853,Max Planck Institute for Molecular Genetics,Tuğçe Aktaş,,,,,,polya,,Michał Małszycki,,Illumina NovaSeq 6000,,HCT116,,auto,,,,
927288567089481829,Nuclear speckles enable processing of RNA from GC-rich isochores,501005799015393664,HCT116_cells_SON_SRRM2_pA_RNA_rep2,false,RNA-Seq,"{'id': 'Hs', 'name': 'Human'}",41747727,"SRR28734057_1.cleaned.fastq.gz,SRR28734057_2.cleaned.fastq.gz",,HaloPROTAC3+dTAG13_SON-HaloTag SRRM2-dTAG,,ssRNA-seq,,GSM8215863,Max Planck Institute for Molecular Genetics,Tuğçe Aktaş,,,,,,polya,,Michał Małszycki,,Illumina NovaSeq 6000,,HCT116,,auto,,,,
927288567089481829,Nuclear speckles enable processing of RNA from GC-rich isochores,785177336545374026,HCT116_cells_SONdepletion_4sUchase_RNA_rep1,false,RNA-Seq,"{'id': 'Hs', 'name': 'Human'}",41747727,"SRR28733353_1.cleaned.fastq.gz,SRR28733353_2.cleaned.fastq.gz",,HaloPROTAC3_SON-HaloTag,,ssRNA-seq,,GSM8215696,Max Planck Institute for Molecular Genetics,Tuğçe Aktaş,,,,,,ribominus,,Michał Małszycki,,Illumina NovaSeq 6000,,HCT116,,reverse,,,,
927288567089481829,Nuclear speckles enable processing of RNA from GC-rich isochores,337862090808451924,HCT116_cells_SRRM2_pA_RNA_rep1,false,RNA-Seq,"{'id': 'Hs', 'name': 'Human'}",41747727,"SRR28734064_1.cleaned.fastq.gz,SRR28734064_2.cleaned.fastq.gz",,dTAG13_SON-HaloTag SRRM2-dTAG,,ssRNA-seq,,GSM8215856,Max Planck Institute for Molecular Genetics,Tuğçe Aktaş,,,,,,polya,,Michał Małszycki,,Illumina NovaSeq 6000,,HCT116,,auto,,,,
927288567089481829,Nuclear speckles enable processing of RNA from GC-rich isochores,426566347763489097,HCT116_cells_SON_SRRM2_pA_RNA_rep3,false,RNA-Seq,"{'id': 'Hs', 'name': 'Human'}",41747727,"SRR28734056_1.cleaned.fastq.gz,SRR28734056_2.cleaned.fastq.gz",,HaloPROTAC3+dTAG13_SON-HaloTag SRRM2-dTAG,,ssRNA-seq,,GSM8215864,Max Planck Institute for Molecular Genetics,Tuğçe Aktaş,,,,,,polya,,Michał Małszycki,,Illumina NovaSeq 6000,,HCT116,,auto,,,,
927288567089481829,Nuclear speckles enable processing of RNA from GC-rich isochores,429024064850290939,HCT116_cells_control_total_RNA_rep2,false,RNA-Seq,"{'id': 'Hs', 'name': 'Human'}",41747727,"SRR28733732_1.cleaned.fastq.gz,SRR28733732_2.cleaned.fastq.gz",,control_SON-HaloTag,,ssRNA-seq,,GSM8215781,Max Planck Institute for Molecular Genetics,Tuğçe Aktaş,,,,,,ribominus,,Michał Małszycki,,Illumina NovaSeq 6000,,HCT116,,reverse,,,,
927288567089481829,Nuclear speckles enable processing of RNA from GC-rich isochores,431792935635792884,HCT116_cells_SONdepleted_total_RNA_rep2,false,RNA-Seq,"{'id': 'Hs', 'name': 'Human'}",41747727,"SRR28733729_1.cleaned.fastq.gz,SRR28733729_2.cleaned.fastq.gz",,HaloPROTAC3_SON-HaloTag,,ssRNA-seq,,GSM8215784,Max Planck Institute for Molecular Genetics,Tuğçe Aktaş,,,,,,ribominus,,Michał Małszycki,,Illumina NovaSeq 6000,,HCT116,,reverse,,,,
927288567089481829,Nuclear speckles enable processing of RNA from GC-rich isochores,809023173269677873,HCT116_cells_SON_pA_RNA_rep1,false,RNA-Seq,"{'id': 'Hs', 'name': 'Human'}",41747727,"SRR28734061_1.cleaned.fastq.gz,SRR28734061_2.cleaned.fastq.gz",,HaloPROTAC3_SON-HaloTag SRRM2-dTAG,,ssRNA-seq,,GSM8215859,Max Planck Institute for Molecular Genetics,Tuğçe Aktaş,,,,,,polya,,Michał Małszycki,,Illumina NovaSeq 6000,,HCT116,,auto,,,,
927288567089481829,Nuclear speckles enable processing of RNA from GC-rich isochores,189380949447582856,HCT116_cells_SONdepleted_total_RNA_rep1,false,RNA-Seq,"{'id': 'Hs', 'name': 'Human'}",41747727,"SRR28733730_1.cleaned.fastq.gz,SRR28733730_2.cleaned.fastq.gz",,HaloPROTAC3_SON-HaloTag,,ssRNA-seq,,GSM8215783,Max Planck Institute for Molecular Genetics,Tuğçe Aktaş,,,,,,ribominus,,Michał Małszycki,,Illumina NovaSeq 6000,,HCT116,,reverse,,,,
927288567089481829,Nuclear speckles enable processing of RNA from GC-rich isochores,627960733391029201,HCT116_cells_SONdepleted_cytoplasmic_RNA_rep3,false,RNA-Seq,"{'id': 'Hs', 'name': 'Human'}",41747727,"SRR28733734_1.cleaned.fastq.gz,SRR28733734_2.cleaned.fastq.gz",,HaloPROTAC3_SON-HaloTag,,ssRNA-seq,,GSM8215779,Max Planck Institute for Molecular Genetics,Tuğçe Aktaş,,,,,,ribominus,,Michał Małszycki,,Illumina NovaSeq 6000,,HCT116,,reverse,,,,
927288567089481829,Nuclear speckles enable processing of RNA from GC-rich isochores,803427268511380912,HCT116_cells_control_cytoplasmic_RNA_rep3,false,RNA-Seq,"{'id': 'Hs', 'name': 'Human'}",41747727,"SRR28733737_1.cleaned.fastq.gz,SRR28733737_2.cleaned.fastq.gz",,control_SON-HaloTag,,ssRNA-seq,,GSM8215776,Max Planck Institute for Molecular Genetics,Tuğçe Aktaş,,,,,,ribominus,,Michał Małszycki,,Illumina NovaSeq 6000,,HCT116,,reverse,,,,
927288567089481829,Nuclear speckles enable processing of RNA from GC-rich isochores,686926092965584872,HCT116_cells_SONdepleted_nuclear_RNA_rep1,false,RNA-Seq,"{'id': 'Hs', 'name': 'Human'}",41747727,"SRR28733742_1.cleaned.fastq.gz,SRR28733742_2.cleaned.fastq.gz",,HaloPROTAC3_SON-HaloTag,,ssRNA-seq,,GSM8215771,Max Planck Institute for Molecular Genetics,Tuğçe Aktaş,,,,,,ribominus,,Michał Małszycki,,Illumina NovaSeq 6000,,HCT116,,reverse,,,,
927288567089481829,Nuclear speckles enable processing of RNA from GC-rich isochores,640112732640483359,HCT116_cells_control_cytoplasmic_RNA_rep2,false,RNA-Seq,"{'id': 'Hs', 'name': 'Human'}",41747727,"SRR28733738_1.cleaned.fastq.gz,SRR28733738_2.cleaned.fastq.gz",,control_SON-HaloTag,,ssRNA-seq,,GSM8215775,Max Planck Institute for Molecular Genetics,Tuğçe Aktaş,,,,,,ribominus,,Michał Małszycki,,Illumina NovaSeq 6000,,HCT116,,reverse,,,,
927288567089481829,Nuclear speckles enable processing of RNA from GC-rich isochores,673479072026427835,HCT116_cells_control_total_RNA_rep1,false,RNA-Seq,"{'id': 'Hs', 'name': 'Human'}",41747727,"SRR28733733_1.cleaned.fastq.gz,SRR28733733_2.cleaned.fastq.gz",,control_SON-HaloTag,,ssRNA-seq,,GSM8215780,Max Planck Institute for Molecular Genetics,Tuğçe Aktaş,,,,,,ribominus,,Michał Małszycki,,Illumina NovaSeq 6000,,HCT116,,reverse,,,,
927288567089481829,Nuclear speckles enable processing of RNA from GC-rich isochores,866230455775664204,HCT116_cells_SONdepleted_total_RNA_rep3,false,RNA-Seq,"{'id': 'Hs', 'name': 'Human'}",41747727,"SRR28733728_1.cleaned.fastq.gz,SRR28733728_2.cleaned.fastq.gz",,HaloPROTAC3_SON-HaloTag,,ssRNA-seq,,GSM8215785,Max Planck Institute for Molecular Genetics,Tuğçe Aktaş,,,,,,ribominus,,Michał Małszycki,,Illumina NovaSeq 6000,,HCT116,,reverse,,,,
927288567089481829,Nuclear speckles enable processing of RNA from GC-rich isochores,536907716925013246,HCT116_cells_control_nuclear_RNA_rep2,false,RNA-Seq,"{'id': 'Hs', 'name': 'Human'}",41747727,"SRR28733744_1.cleaned.fastq.gz,SRR28733744_2.cleaned.fastq.gz",,control_SON-HaloTag,,ssRNA-seq,,GSM8215769,Max Planck Institute for Molecular Genetics,Tuğçe Aktaş,,,,,,ribominus,,Michał Małszycki,,Illumina NovaSeq 6000,,HCT116,,reverse,,,,
927288567089481829,Nuclear speckles enable processing of RNA from GC-rich isochores,879200465952306380,HCT116_cells_SONdepleted_nuclear_RNA_rep3,false,RNA-Seq,"{'id': 'Hs', 'name': 'Human'}",41747727,"SRR28733740_1.cleaned.fastq.gz,SRR28733740_2.cleaned.fastq.gz",,HaloPROTAC3_SON-HaloTag,,ssRNA-seq,,GSM8215773,Max Planck Institute for Molecular Genetics,Tuğçe Aktaş,,,,,,ribominus,,Michał Małszycki,,Illumina NovaSeq 6000,,HCT116,,reverse,,,,
927288567089481829,Nuclear speckles enable processing of RNA from GC-rich isochores,649039987349483303,HCT116_cells_control_nuclear_RNA_rep3,false,RNA-Seq,"{'id': 'Hs', 'name': 'Human'}",41747727,"SRR28733743_1.cleaned.fastq.gz,SRR28733743_2.cleaned.fastq.gz",,control_SON-HaloTag,,ssRNA-seq,,GSM8215770,Max Planck Institute for Molecular Genetics,Tuğçe Aktaş,,,,,,ribominus,,Michał Małszycki,,Illumina NovaSeq 6000,,HCT116,,reverse,,,,
927288567089481829,Nuclear speckles enable processing of RNA from GC-rich isochores,786753446616083586,HCT116_cells_SONdepleted_nuclear_RNA_rep2,false,RNA-Seq,"{'id': 'Hs', 'name': 'Human'}",41747727,"SRR28733741_1.cleaned.fastq.gz,SRR28733741_2.cleaned.fastq.gz",,HaloPROTAC3_SON-HaloTag,,ssRNA-seq,,GSM8215772,Max Planck Institute for Molecular Genetics,Tuğçe Aktaş,,,,,,ribominus,,Michał Małszycki,,Illumina NovaSeq 6000,,HCT116,,reverse,,,,
927288567089481829,Nuclear speckles enable processing of RNA from GC-rich isochores,711332987317662182,1H4_SRPhospoAb_HCT116_cells_SONdepletion_rep2,false,CLIP,"{'id': 'Hs', 'name': 'Human'}",41747727,SRR28734016.fixed.fastq.gz,,PROTAC,,FLASH,GCCGCAAT,GSM8215868,Max Planck Institute for Molecular Genetics,Tuğçe Aktaş,"Mouse monoclonal anti-pSR(1H4, Santa Cruz, sc-13509)",1H4,,,,,,Michał Małszycki,,Illumina NovaSeq 6000,,HCT116,,,,,,
927288567089481829,Nuclear speckles enable processing of RNA from GC-rich isochores,396480926174180608,HCT116_cells_control_4sUpulse_RNA_rep1,false,RNA-Seq,"{'id': 'Hs', 'name': 'Human'}",41747727,"SRR28738986_1.cleaned.fastq.gz,SRR28738986_2.cleaned.fastq.gz",,control_SON-HaloTag,,ssRNA-seq,,GSM8216721,Max Planck Institute for Molecular Genetics,Tuğçe Aktaş,,,,,,ribominus,,Michał Małszycki,,Illumina NovaSeq 6000,,HCT116,,reverse,,,,
927288567089481829,Nuclear speckles enable processing of RNA from GC-rich isochores,593636995692637543,SF3B1_HCT116_cells_control_rep2,false,CLIP,"{'id': 'Hs', 'name': 'Human'}",41747727,SRR28734014.fixed.fastq.gz,,DMSO,,FLASH,CGTGCCTT,GSM8215870,Max Planck Institute for Molecular Genetics,Tuğçe Aktaş,Rabbit polyclonal anti-SF3B1 (Bethyl A300-996A),SF3B1,,,,,,Michał Małszycki,,Illumina NovaSeq 6000,,HCT116,,,,,,
927288567089481829,Nuclear speckles enable processing of RNA from GC-rich isochores,331921777958670791,HCT116_cells_control_nuclear_RNA_rep1,false,RNA-Seq,"{'id': 'Hs', 'name': 'Human'}",41747727,"SRR28733745_1.cleaned.fastq.gz,SRR28733745_2.cleaned.fastq.gz",,control_SON-HaloTag,,ssRNA-seq,,GSM8215768,Max Planck Institute for Molecular Genetics,Tuğçe Aktaş,,,,,,ribominus,,Michał Małszycki,,Illumina NovaSeq 6000,,HCT116,,reverse,,,,
927288567089481829,Nuclear speckles enable processing of RNA from GC-rich isochores,135103911610719260,SF3B1_HCT116_cells_SONdepletion_rep1,false,CLIP,"{'id': 'Hs', 'name': 'Human'}",41747727,SRR28734013.fixed.fastq.gz,,PROTAC,,FLASH,TAGGCCAA,GSM8215871,Max Planck Institute for Molecular Genetics,Tuğçe Aktaş,Rabbit polyclonal anti-SF3B1 (Bethyl A300-996A),SF3B1,,,,,,Michał Małszycki,,Illumina NovaSeq 6000,,HCT116,,,,,,
927288567089481829,Nuclear speckles enable processing of RNA from GC-rich isochores,357996695921037324,1H4_SRPhospoAb_HCT116_cells_SONdepletion_rep1,false,CLIP,"{'id': 'Hs', 'name': 'Human'}",41747727,SRR28734017.fixed.fastq.gz,,PROTAC,,FLASH,ATGAATCA,GSM8215867,Max Planck Institute for Molecular Genetics,Tuğçe Aktaş,"Mouse monoclonal anti-pSR(1H4, Santa Cruz, sc-13509)",1H4,,,,,,Michał Małszycki,,Illumina NovaSeq 6000,,HCT116,,,,,,
450992300866297253,ENCODE RNA,199571601320041235,Hs_K562_long_wold_polya_2,false,RNA-Seq,"{'id': 'Hs', 'name': 'Human'}",,"ENCFF001RWE.fastq.gz,ENCFF001RWG.fastq.gz",SRR3192416,,,polyA plus RNA-seq,,GSM2072370,Caltech,,,,,,,polya,,Barbara Wold,,Illumina HiSeq 2000,,K562,,unstranded,,,,
450992300866297253,ENCODE RNA,574952911889892853,Hs_HepG2_polya_2,false,RNA-Seq,"{'id': 'Hs', 'name': 'Human'}",,"ENCLB285RFV1.fastq.gz,ENCLB285RFV2.fastq.gz",,,,polyA plus RNA-seq,,GSM958733,Caltech,,,,,,,polya,,Barbara Wold,,Illumina Genome Analyzer IIx,,HepG2,,unstranded,,,,
927288567089481829,Nuclear speckles enable processing of RNA from GC-rich isochores,817337002912603113,SF3B1_HCT116_cells_SONdepletion_rep2,false,CLIP,"{'id': 'Hs', 'name': 'Human'}",41747727,SRR28734013.fixed.fastq.gz,,PROTAC,,FLASH,TTGGCTGC,GSM8215872,Max Planck Institute for Molecular Genetics,Tuğçe Aktaş,Rabbit polyclonal anti-SF3B1 (Bethyl A300-996A),SF3B1,,,,,,Michał Małszycki,,Illumina NovaSeq 6000,,HCT116,,,,,,
927288567089481829,Nuclear speckles enable processing of RNA from GC-rich isochores,929156190704148961,SF3B1_HCT116_cells_control_rep1,false,CLIP,"{'id': 'Hs', 'name': 'Human'}",41747727,SRR28734015.fixed.fastq.gz,,DMSO,,FLASH,GTACAGTA,GSM8215869,Max Planck Institute for Molecular Genetics,Tuğçe Aktaş,Rabbit polyclonal anti-SF3B1 (Bethyl A300-996A),SF3B1,,,,,,Michał Małszycki,,Illumina NovaSeq 6000,,HCT116,,,,,,
927288567089481829,Nuclear speckles enable processing of RNA from GC-rich isochores,444909469182045266,1H4_SRPhospoAb_HCT116_cells_control_rep2,false,CLIP,"{'id': 'Hs', 'name': 'Human'}",41747727,SRR28734018.fixed.fastq.gz,,DMSO,,FLASH,TTGGGTCC,GSM8215866,Max Planck Institute for Molecular Genetics,Tuğçe Aktaş,"Mouse monoclonal anti-pSR(1H4, Santa Cruz, sc-13509)",1H4,,,,,,Michał Małszycki,,Illumina NovaSeq 6000,,HCT116,,,,,,
450992300866297253,ENCODE RNA,585894650298182033,Hs_HepG2_single_ended_polya_1,false,RNA-Seq,"{'id': 'Hs', 'name': 'Human'}",,ENCFF000DPG.fastq.gz,SRR5048398;SRR5048399,,,polyA plus RNA-seq,,GSM2400319,Caltech,,,,,,,polya,,Barbara Wold,,Illumina Genome Analyzer II,,HepG2,,forward,,,,
927288567089481829,Nuclear speckles enable processing of RNA from GC-rich isochores,253573799795428625,1H4_SRPhospoAb_HCT116_cells_control_rep1,false,CLIP,"{'id': 'Hs', 'name': 'Human'}",41747727,SRR28734019.fixed.fastq.gz,,DMSO,,FLASH,AAAATGCC,GSM8215865,Max Planck Institute for Molecular Genetics,Tuğçe Aktaş,"Mouse monoclonal anti-pSR(1H4, Santa Cruz, sc-13509)",1H4,,,,,,Michał Małszycki,,Illumina NovaSeq 6000,,HCT116,,,,,,
450992300866297253,ENCODE RNA,126258799832531168,Hs_HepG2_rep2_total_1,false,RNA-Seq,"{'id': 'Hs', 'name': 'Human'}",,ENCFF215BFI.fastq.gz,SRR14637725;SRR14637724,,,total RNA-seq,,GSM5330924,Caltech,,,,,,,ribominus,,Barbara Wold,,Illumina NovaSeq 6000,,HepG2,,reverse,,,,
450992300866297253,ENCODE RNA,419412167847653380,Hs_K562_rep2_total_2,false,RNA-Seq,"{'id': 'Hs', 'name': 'Human'}",,ENCFF493KQW.fastq.gz,SRR14636809,,,total RNA-seq,,GSM5330596,Caltech,,,,,,,ribominus,,Barbara Wold,,Illumina NovaSeq 6000,,K562,,reverse,,,,
450992300866297253,ENCODE RNA,924770954140785569,Hs_K562_long_wold_polya_1,false,RNA-Seq,"{'id': 'Hs', 'name': 'Human'}",,"ENCFF001RWF.fastq.gz,ENCFF001RWC.fastq.gz",SRR3192417,,,polyA plus RNA-seq,,GSM2072371,Caltech,,,,,,,polya,,Barbara Wold,,Illumina HiSeq 2000,,K562,,unstranded,,,,
450992300866297253,ENCODE RNA,931215933922421456,Hs_HepG2_rep2_total_2,false,RNA-Seq,"{'id': 'Hs', 'name': 'Human'}",,ENCFF241KIB.fastq.gz,SRR14637725;SRR14637724,,,total RNA-seq,,GSM5330924,Caltech,,,,,,,ribominus,,Barbara Wold,,Illumina NovaSeq 6000,,HepG2,,reverse,,,,
450992300866297253,ENCODE RNA,541479025619271723,Hs_K562_paired_ended_polya_1,false,RNA-Seq,"{'id': 'Hs', 'name': 'Human'}",,"ENCFF000Dr1merged.fastq.gz,ENCFF000Dr2merged.fastq.gz",,,,polyA plus RNA-seq,,GSM958729,Caltech,,,,,,,polya,,Barbara Wold,,Illumina Genome Analyzer II,,K562,,unstranded,,,,
450992300866297253,ENCODE RNA,736922479765586917,Hs_K562_rep2_total_1,false,RNA-Seq,"{'id': 'Hs', 'name': 'Human'}",,ENCFF940UIR.fastq.gz,SRR14636808,,,total RNA-seq,,GSM5330596,Caltech,,,,,,,ribominus,,Barbara Wold,,Illumina NovaSeq 6000,,K562,,reverse,,,,
450992300866297253,ENCODE RNA,731948927505616198,Hs_HepG2_single_ended_polya_2,false,RNA-Seq,"{'id': 'Hs', 'name': 'Human'}",,ENCFF000DPK.fastq.gz,SRR5048398;SRR5048399,,,polyA plus RNA-seq,,GSM2400319,Caltech,,,,,,,polya,,Barbara Wold,,Illumina Genome Analyzer II,,HepG2,,forward,,,,
450992300866297253,ENCODE RNA,215158067343566405,Hs_HepG2_polya_1,false,RNA-Seq,"{'id': 'Hs', 'name': 'Human'}",,"ENCFF000Rp1.fastq.gz,ENCFF000Rp2.fastq.gz",,,,polyA plus RNA-seq,,GSM958732,Caltech,,,,,,,polya,,Barbara Wold,,Illumina Genome Analyzer IIx,,HepG2,,unstranded,,,,
450992300866297253,ENCODE RNA,901947951588207323,Hs_K562_oligo_dt_primed_total_polya_1,false,RNA-Seq,"{'id': 'Hs', 'name': 'Human'}",,"ENCFF001RVV.fastq.gz,ENCFF001RWA.fastq.gz",SRR3192423,,,polyA plus RNA-seq,,GSM2072369,Caltech,,,,,,,polya,,Barbara Wold,,Illumina HiSeq 2000,,K562,,unstranded,,,,
450992300866297253,ENCODE RNA,194012529755959656,Hs_K562_oligo_dt_primed_total_polya_2,false,RNA-Seq,"{'id': 'Hs', 'name': 'Human'}",,"ENCFF001RWD.fastq.gz,ENCFF001RVU.fastq.gz",SRR3192422,,,polyA plus RNA-seq,,GSM2072368,Caltech,,,,,,,polya,,Barbara Wold,,Illumina HiSeq 2000,,K562,,unstranded,,,,
450992300866297253,ENCODE RNA,610427496989909892,Hs_K562_paired_ended_polya_2,false,RNA-Seq,"{'id': 'Hs', 'name': 'Human'}",,"ENCFF000Pr1merged.fastq.gz,ENCFF000Pr2merged.fastq.gz",,,,polyA plus RNA-seq,,GSM958729,Caltech,,,,,,,polya,,Barbara Wold,,Illumina Genome Analyzer II,,K562,,unstranded,,,,
450992300866297253,ENCODE RNA,951847568131425775,Hs_K562_rep_a_total_2,false,RNA-Seq,"{'id': 'Hs', 'name': 'Human'}",,ENCFFRYLXRNsemerged.fastq.gz,SRR14638228;SRR14638229,,,total RNA-seq,,GSM5330998,Caltech,,,,,,,ribominus,,Barbara Wold,,Illumina NovaSeq 6000,,K562,,reverse,,,,
450992300866297253,ENCODE RNA,635345617611213405,Hs_K562_long_graveley_total_1,false,RNA-Seq,"{'id': 'Hs', 'name': 'Human'}",,"ENCFF001RCU.fastq.gz,ENCFF001RDC.fastq.gz",SRR3192411,,,total RNA-seq,,GSM2072365,UConn,,,,,,,ribominus,,Brenton Graveley,,Illumina HiSeq 2000,,K562,,reverse,,,,
450992300866297253,ENCODE RNA,188018186961772939,Hs_K562_stranded_pe101_illumina_rna_seq_rrna_depleted_total_1,false,RNA-Seq,"{'id': 'Hs', 'name': 'Human'}",,"ENCFF001RFE.fastq.gz,ENCFF001RFF.fastq.gz",SRR3192412,,,total RNA-seq,,GSM2072360,CSHL,,,,,,,ribominus,,Thomas Gingeras,,Illumina HiSeq 2000,,K562,,reverse,,,,
450992300866297253,ENCODE RNA,824982342143019847,Hs_K562_stranded_pe76_illumina_rna_seq_rrna_depleted_polya_2,false,RNA-Seq,"{'id': 'Hs', 'name': 'Human'}",,"ENCFF000HFH.fastq.gz,ENCFF000HFY.fastq.gz",SRR4235541,,,polyA plus RNA-seq,,GSM2308418,CSHL,,,,,,,polya,,Thomas Gingeras,,Illumina Genome Analyzer IIx,,K562,,reverse,,,,
450992300866297253,ENCODE RNA,498636512917128263,Hs_HepG2_polya_1,false,RNA-Seq,"{'id': 'Hs', 'name': 'Human'}",,"ENCFF000Rp1.fastq.gz,ENCFF000Rp2.fastq.gz",,,,polyA plus RNA-seq,,GSM958732,Caltech,,,,,,,polya,,Barbara Wold,,Illumina Genome Analyzer IIx,,HepG2,,unstranded,,,,
450992300866297253,ENCODE RNA,757186702087007689,Hs_HepG2_stranded_pe76_illumina_rna_seq_rrna_depleted_polya_2,false,RNA-Seq,"{'id': 'Hs', 'name': 'Human'}",,"ENCFF000FVI.fastq.gz,ENCFF000FVV.fastq.gz",SRR4235540,,,polyA plus RNA-seq,,GSM2308417,CSHL,,,,,,,polya,,Thomas Gingeras,,Illumina Genome Analyzer IIx,,HepG2,,reverse,,,,
450992300866297253,ENCODE RNA,545213370668145067,Hs_K562_rep_a_total_1,false,RNA-Seq,"{'id': 'Hs', 'name': 'Human'}",,ENCFFZJTKONsemerged.fastq.gz,SRR14638227;SRR14638226,,,total RNA-seq,,GSM5330997,Caltech,,,,,,,ribominus,,Barbara Wold,,Illumina NovaSeq 6000,,K562,,reverse,,,,
450992300866297253,ENCODE RNA,234964706404003469,Hs_K562_long_lecuyer_total_1,false,RNA-Seq,"{'id': 'Hs', 'name': 'Human'}",,"ENCFF267RKD.fastq.gz,ENCFF455VYN.fastq.gz",SRR4422433,,,total RNA-seq,,GSM2344296,IRCM,,,,,,,ribominus,,Eric Lécuyer,,Illumina HiSeq 2000,,K562,,reverse,,,,
450992300866297253,ENCODE RNA,334869123384751852,Hs_HepG2_long_graveley_polya_2,false,RNA-Seq,"{'id': 'Hs', 'name': 'Human'}",,"ENCFF002DLE.fastq.gz,ENCFF002DLG.fastq.gz",SRR3192698,,,polyA plus RNA-seq,,GSM2072618,UConn,,,,,,,polya,,Brenton Graveley,,Illumina HiSeq 2000,,HepG2,,reverse,,,,
450992300866297253,ENCODE RNA,268715759508364277,Hs_K562_stranded_pe101_illumina_rna_seq_rrna_depleted_polya_2,false,RNA-Seq,"{'id': 'Hs', 'name': 'Human'}",,"ENCFF001REF.fastq.gz,ENCFF001REG.fastq.gz",SRR3192409,,,polyA plus RNA-seq,,GSM2072363,CSHL,,,,,,,polya,,Thomas Gingeras,,Illumina HiSeq 2000,,K562,,reverse,,,,
450992300866297253,ENCODE RNA,662403631680139474,Hs_K562_single_ended_polya_2,false,RNA-Seq,"{'id': 'Hs', 'name': 'Human'}",,ENCFF000Dsmerged.fastq.gz,,,,polyA plus RNA-seq,,GSM958731,Caltech,,,,,,,polya,,Barbara Wold,,Illumina Genome Analyzer II,,K562,,forward,,,,
450992300866297253,ENCODE RNA,300148319261297308,Hs_K562_single_ended_polya_1,false,RNA-Seq,"{'id': 'Hs', 'name': 'Human'}",,ENCFF000DWH.fastq.gz,,,,polyA plus RNA-seq,,GSM958731,Caltech,,,,,,,polya,,Barbara Wold,,Illumina Genome Analyzer IIx,,K562,,forward,,,,
450992300866297253,ENCODE RNA,282523550199569165,Hs_HepG2_initial_total_fractions_long_polya_lecuyer_1,false,RNA-Seq,"{'id': 'Hs', 'name': 'Human'}",,"ENCFF946VBP.fastq.gz,ENCFF982FAM.fastq.gz",SRR4421958,,,polyA plus RNA-seq,,GSM2343855,IRCM,,,,,,,polya,,Eric Lécuyer,,Illumina HiSeq 2000,,HepG2,,reverse,,,,
450992300866297253,ENCODE RNA,976132260984321744,Hs_K562_initial_total_fractions_long_lecuyer_2,false,RNA-Seq,"{'id': 'Hs', 'name': 'Human'}",,"ENCFF444KCV.fastq.gz,ENCFF606ZTR.fastq.gz",SRR4422432,,,total RNA-seq,,GSM2344295,IRCM,,,,,,,ribominus,,Eric Lécuyer,,Illumina HiSeq 2000,,K562,,reverse,,,,
450992300866297253,ENCODE RNA,436830022545994489,Hs_K562_long_total_graveley_total_2,false,RNA-Seq,"{'id': 'Hs', 'name': 'Human'}",,"ENCFF002DKF.fastq.gz,ENCFF002DKI.fastq.gz",SRR3192545,,,total RNA-seq,,GSM2072496,UConn,,,,,,,ribominus,,Brenton Graveley,,Illumina HiSeq 2000,,K562,,reverse,,,,
450992300866297253,ENCODE RNA,461453497305485899,Hs_K562_stranded_pe76_illumina_rna_seq_rrna_depleted_polya_1,false,RNA-Seq,"{'id': 'Hs', 'name': 'Human'}",,"ENCFF000HFF.fastq.gz,ENCFF000HFG.fastq.gz",SRR4235542,,,polyA plus RNA-seq,,GSM2308419,CSHL,,,,,,,polya,,Thomas Gingeras,,Illumina Genome Analyzer IIx,,K562,,reverse,,,,
450992300866297253,ENCODE RNA,227513116353374904,Hs_K562_initial_total_fractions_long_polya_lecuyer_1,false,RNA-Seq,"{'id': 'Hs', 'name': 'Human'}",,"ENCFF059IUV.fastq.gz,ENCFF104ZSG.fastq.gz",SRR4421939,,,polyA plus RNA-seq,,GSM2343835,IRCM,,,,,,,polya,,Eric Lécuyer,,Illumina HiSeq 2000,,K562,,reverse,,,,
450992300866297253,ENCODE RNA,573715390068649922,Hs_HepG2_stranded_pe76_illumina_rna_seq_rrna_depleted_polya_1,false,RNA-Seq,"{'id': 'Hs', 'name': 'Human'}",,"ENCFF000FVT.fastq.gz,ENCFF000FVU.fastq.gz",SRR4235539,,,polyA plus RNA-seq,,GSM2308416,CSHL,,,,,,,polya,,Thomas Gingeras,,Illumina Genome Analyzer IIx,,HepG2,,reverse,,,,
450992300866297253,ENCODE RNA,226438444587312845,Hs_K562_long_total_graveley_total_1,false,RNA-Seq,"{'id': 'Hs', 'name': 'Human'}",,"ENCFF002DKA.fastq.gz,ENCFF002DKE.fastq.gz",SRR3192544,,,total RNA-seq,,GSM2072495,UConn,,,,,,,ribominus,,Brenton Graveley,,Illumina HiSeq 2000,,K562,,reverse,,,,
450992300866297253,ENCODE RNA,994434050668874664,Hs_HepG2_initial_total_fractions_long_lecuyer_1,false,RNA-Seq,"{'id': 'Hs', 'name': 'Human'}",,"ENCFF478DZZ.fastq.gz,ENCFF713MNU.fastq.gz",SRR4421447,,,total RNA-seq,,GSM2343345,IRCM,,,,,,,ribominus,,Eric Lécuyer,,Illumina HiSeq 2000,,HepG2,,reverse,,,,
450992300866297253,ENCODE RNA,958327180183214965,Hs_HepG2_initial_total_fractions_long_polya_lecuyer_2,false,RNA-Seq,"{'id': 'Hs', 'name': 'Human'}",,"ENCFF564BSM.fastq.gz,ENCFF787PPA.fastq.gz",SRR4421959,,,polyA plus RNA-seq,,GSM2343856,IRCM,,,,,,,polya,,Eric Lécuyer,,Illumina HiSeq 2000,,HepG2,,reverse,,,,
450992300866297253,ENCODE RNA,162023592133823866,Hs_HepG2_initial_total_fractions_long_lecuyer_2,false,RNA-Seq,"{'id': 'Hs', 'name': 'Human'}",,"ENCFF446UEC.fastq.gz,ENCFF936SLY.fastq.gz",SRR4421448,,,total RNA-seq,,GSM2343347,IRCM,,,,,,,ribominus,,Eric Lécuyer,,Illumina HiSeq 2000,,HepG2,,reverse,,,,
450992300866297253,ENCODE RNA,645314574455527039,Hs_K562_stranded_pe101_illumina_rna_seq_rrna_depleted_polya_1,false,RNA-Seq,"{'id': 'Hs', 'name': 'Human'}",,"ENCFF001RDZ.fastq.gz,ENCFF001RED.fastq.gz",SRR3192408,,,polyA plus RNA-seq,,GSM2072362,CSHL,,,,,,,polya,,Thomas Gingeras,,Illumina HiSeq 2000,,K562,,reverse,,,,
164066902982405709,RBP ENCODE Control,764204542312222504,HNRNPU_Control_adrenalgland_2,false,CLIP,"{'id': 'Hs', 'name': 'Human'}",,ENCFF303PXD.fastq.gz,Experiment date released: 2016-04-26; UMI extracted to header,size-matched input,,eCLIP,NNNNNNNNNN,GSM2423000,ENCODE,Gene Yeo,,SMInput,,,,,,Gene Yeo,,Illumina HiSeq 4000,,adrenal gland,,,,,,
450992300866297253,ENCODE RNA,115397866705328846,Hs_K562_long_graveley_total_2,false,RNA-Seq,"{'id': 'Hs', 'name': 'Human'}",,"ENCFF001RCT.fastq.gz,ENCFF001RDB.fastq.gz",SRR3192410,,,total RNA-seq,,GSM2072364,UConn,,,,,,,ribominus,,Brenton Graveley,,Illumina HiSeq 2000,,K562,,reverse,,,,
450992300866297253,ENCODE RNA,873821273681727732,Hs_K562_long_graveley_polya_1,false,RNA-Seq,"{'id': 'Hs', 'name': 'Human'}",,"ENCFF001RCW.fastq.gz,ENCFF001RDE.fastq.gz",SRR3192414,,,polyA plus RNA-seq,,GSM2072366,UConn,,,,,,,polya,,Brenton Graveley,,Illumina HiSeq 2000,,K562,,reverse,,,,
164066902982405709,RBP ENCODE Control,264325326104187088,GTF2F1_Control_HepG2_1,false,CLIP,"{'id': 'Hs', 'name': 'Human'}",,ENCFF251NBU.fastq.gz,Experiment date released: 2015-11-09; UMI extracted to header,size-matched input,,eCLIP,NNNNNNNNNN,GSM2423500,ENCODE,Gene Yeo,,SMInput,,,,,,Gene Yeo,,Illumina HiSeq 2000,,HepG2,,,,,,
164066902982405709,RBP ENCODE Control,318418724573980868,MATR3_Control_HepG2_1,false,CLIP,"{'id': 'Hs', 'name': 'Human'}",,ENCFF480VLX.fastq.gz,Experiment date released: 2017-12-03; UMI extracted to header,size-matched input,,eCLIP,NNNNNNNNNN,GSM5374311,ENCODE,Gene Yeo,,SMInput,,,,,,Gene Yeo,,Illumina HiSeq 4000,,HepG2,,,,,,
450992300866297253,ENCODE RNA,397561659433174886,Hs_K562_long_graveley_polya_2,false,RNA-Seq,"{'id': 'Hs', 'name': 'Human'}",,"ENCFF001RCV.fastq.gz,ENCFF001RDD.fastq.gz",SRR3192415,,,polyA plus RNA-seq,,GSM2072367,UConn,,,,,,,polya,,Brenton Graveley,,Illumina HiSeq 2000,,K562,,reverse,,,,
164066902982405709,RBP ENCODE Control,353689675884697011,AGGF1_Control_HepG2_1,false,CLIP,"{'id': 'Hs', 'name': 'Human'}",,ENCFF782ZJI.fastq.gz,Experiment date released: 2016-04-26; UMI extracted to header,size-matched input,,eCLIP,NNNNNNNNNN,GSM2423127,ENCODE,Gene Yeo,,SMInput,,,,,,Gene Yeo,,Illumina HiSeq 4000,,HepG2,,,,,,
164066902982405709,RBP ENCODE Control,113682088552058315,YWHAG_Control_K562_1,false,CLIP,"{'id': 'Hs', 'name': 'Human'}",,ENCFF101JTN.fastq.gz,Experiment date released: 2015-11-09; UMI extracted to header,size-matched input,,eCLIP,NNNNNNNNNN,GSM2424001,ENCODE,Gene Yeo,,SMInput,,,,,,Gene Yeo,,Illumina HiSeq 2000,,K562,,,,,,
164066902982405709,RBP ENCODE Control,495989030653045645,RBM15_Control_K562_1,false,CLIP,"{'id': 'Hs', 'name': 'Human'}",,ENCFF933ORH.fastq.gz,Experiment date released: 2016-04-26; UMI extracted to header,size-matched input,,eCLIP,NNNNNNNNNN,GSM2423503,ENCODE,Gene Yeo,,SMInput,,,,,,Gene Yeo,,Illumina HiSeq 4000,,K562,,,,,,
927288567089481829,Nuclear speckles enable processing of RNA from GC-rich isochores,677894190582561317,SON_CtermRSRP_siSON_rep3,false,RNA-Seq,"{'id': 'Hs', 'name': 'Human'}",41747727,"SRR36147071_1.cleaned.fastq.gz,SRR36147071_2.cleaned.fastq.gz",,siRNA against SON_SON_C-term-RSRP,,RNA-Seq,,GSM9310211,Max Planck Institute for Molecular Genetics,Tuğçe Aktaş,,,,,,ribominus,,Michał Małszycki,,Element AVITI,,HEK293,,reverse,,,,
164066902982405709,RBP ENCODE Control,956602899988079219,TROVE2_Control_HepG2_1,false,CLIP,"{'id': 'Hs', 'name': 'Human'}",,ENCFF465JRJ.fastq.gz,Experiment date released: 2016-04-26; UMI extracted to header,size-matched input,,eCLIP,NNNNNNNNNN,GSM2423750,ENCODE,Gene Yeo,,SMInput,,,,,,Gene Yeo,,Illumina HiSeq 4000,,HepG2,,,,,,
450992300866297253,ENCODE RNA,577098424292153874,Hs_K562_stranded_pe101_illumina_rna_seq_rrna_depleted_total_2,false,RNA-Seq,"{'id': 'Hs', 'name': 'Human'}",,"ENCFF001RFC.fastq.gz,ENCFF001RFD.fastq.gz",SRR3192413,,,total RNA-seq,,GSM2072361,CSHL,,,,,,,ribominus,,Thomas Gingeras,,Illumina HiSeq 2000,,K562,,reverse,,,,
164066902982405709,RBP ENCODE Control,834129570563037566,DKC1_Control_HepG2_1,false,CLIP,"{'id': 'Hs', 'name': 'Human'}",,ENCFF734WRT.fastq.gz,Experiment date released: 2016-04-26; UMI extracted to header,size-matched input,,eCLIP,NNNNNNNNNN,GSM2423145,ENCODE,Gene Yeo,,SMInput,,,,,,Gene Yeo,,Illumina HiSeq 4000,,HepG2,,,,,,
164066902982405709,RBP ENCODE Control,840756672053754439,FXR2_Control_K562_2,false,CLIP,"{'id': 'Hs', 'name': 'Human'}",,ENCFF657IYT.fastq.gz,Experiment date released: 2022-07-19,size-matched input,,seCLIP,NNNNNNNNNN,GSM8693949,ENCODE,Gene Yeo,,SMInput,,,,,,Gene Yeo,,Illumina HiSeq 4000,,K562,,,,,,
164066902982405709,RBP ENCODE Control,170691107365113583,LARP4_Control_K562_1,false,CLIP,"{'id': 'Hs', 'name': 'Human'}",,ENCFF586LZV.fastq.gz,Experiment date released: 2016-04-26; UMI extracted to header,size-matched input,,eCLIP,NNNNNNNNNN,GSM2423850,ENCODE,Gene Yeo,,SMInput,,,,,,Gene Yeo,,Illumina HiSeq 4000,,K562,,,,,,
164066902982405709,RBP ENCODE Control,131465230825648270,SRSF1_Control_K562_1,false,CLIP,"{'id': 'Hs', 'name': 'Human'}",,ENCFF768ZBD.fastq.gz,Experiment date released: 2022-12-17,size-matched input,,seCLIP,NNNNNNNNNN,GSM8694402,ENCODE,Gene Yeo,,SMInput,,,,,,Gene Yeo,,Illumina HiSeq 4000,,K562,,,,,,
164066902982405709,RBP ENCODE Control,821845649558161663,KHSRP_Control_K562_1,false,CLIP,"{'id': 'Hs', 'name': 'Human'}",,ENCFF517CRH.fastq.gz,Experiment date released: 2015-12-16; UMI extracted to header,size-matched input,,eCLIP,NNNNNNNNNN,GSM2423291,ENCODE,Gene Yeo,,SMInput,,,,,,Gene Yeo,,Illumina HiSeq 2500,,K562,,,,,,
164066902982405709,RBP ENCODE Control,677223431694608160,QKI_Control_K562_1,false,CLIP,"{'id': 'Hs', 'name': 'Human'}",,ENCFF647NVG.fastq.gz,Experiment date released: 2016-04-26; UMI extracted to header,size-matched input,,eCLIP,NNNNNNNNNN,GSM2423742,ENCODE,Gene Yeo,,SMInput,,,,,,Gene Yeo,,Illumina HiSeq 4000,,K562,,,,,,
164066902982405709,RBP ENCODE Control,670445287896772725,BUD13_Control_HepG2_1,false,CLIP,"{'id': 'Hs', 'name': 'Human'}",,ENCFF582HAW.fastq.gz,Experiment date released: 2015-12-15; UMI extracted to header,size-matched input,,eCLIP,NNNNNNNNNN,GSM2423961,ENCODE,Gene Yeo,,SMInput,,,,,,Gene Yeo,,Illumina HiSeq 4000,,HepG2,,,,,,
164066902982405709,RBP ENCODE Control,383736297288352703,DHX30_Control_K562_1,false,CLIP,"{'id': 'Hs', 'name': 'Human'}",,ENCFF245WDH.fastq.gz,Experiment date released: 2016-09-21; UMI extracted to header,size-matched input,,eCLIP,NNNNNNNNNN,GSM2423195,ENCODE,Gene Yeo,,SMInput,,,,,,Gene Yeo,,Illumina HiSeq 4000,,K562,,,,,,
164066902982405709,RBP ENCODE Control,143303346301691291,POLR2G_Control_HepG2_1,false,CLIP,"{'id': 'Hs', 'name': 'Human'}",,ENCFF534IGJ.fastq.gz,Experiment date released: 2017-11-19; UMI extracted to header,size-matched input,,eCLIP,NNNNNNNNNN,GSM5369928,ENCODE,Gene Yeo,,SMInput,,,,,,Gene Yeo,,Illumina HiSeq 4000,,HepG2,,,,,,
164066902982405709,RBP ENCODE Control,243122278598946460,QKI_Control_HepG2_1,false,CLIP,"{'id': 'Hs', 'name': 'Human'}",,ENCFF702IDH.fastq.gz,Experiment date released: 2016-04-26; UMI extracted to header,size-matched input,,eCLIP,NNNNNNNNNN,GSM2423070,ENCODE,Gene Yeo,,SMInput,,,,,,Gene Yeo,,Illumina HiSeq 4000,,HepG2,,,,,,
164066902982405709,RBP ENCODE Control,222752447334274459,RYBP_Control_K562_2,false,CLIP,"{'id': 'Hs', 'name': 'Human'}",,ENCFF155CNX.fastq.gz,Experiment date released: 2023-01-24,size-matched input,,seCLIP,NNNNNNNNNN,GSM8694352,ENCODE,Gene Yeo,,SMInput,,,,,,Gene Yeo,,Illumina HiSeq 4000,,K562,,,,,,
164066902982405709,RBP ENCODE Control,299905987062943850,NSUN2_Control_HepG2_2,false,CLIP,"{'id': 'Hs', 'name': 'Human'}",,ENCFF408KFB.fastq.gz,Experiment date released: 2023-01-24,size-matched input,,seCLIP,NNNNNNNNNN,GSM8693910,ENCODE,Gene Yeo,,SMInput,,,,,,Gene Yeo,,Illumina HiSeq 4000,,HepG2,,,,,,
164066902982405709,RBP ENCODE Control,134236652833675027,TIA1_Control_K562_1,false,CLIP,"{'id': 'Hs', 'name': 'Human'}",,ENCFF441RYK.fastq.gz,Experiment date released: 2016-08-19; UMI extracted to header,size-matched input,,eCLIP,NNNNNNNNNN,GSM2423367,ENCODE,Gene Yeo,,SMInput,,,,,,Gene Yeo,,Illumina HiSeq 4000,,K562,,,,,,
164066902982405709,RBP ENCODE Control,477938759040023285,MBNL1_Control_K562_2,false,CLIP,"{'id': 'Hs', 'name': 'Human'}",,ENCFF118MKD.fastq.gz,Experiment date released: 2022-07-19,size-matched input,,seCLIP,NNNNNNNNNN,GSM8693581,ENCODE,Gene Yeo,,SMInput,,,,,,Gene Yeo,,Illumina HiSeq 4000,,K562,,,,,,
164066902982405709,RBP ENCODE Control,965142509323216195,DDX1_Control_K562_2,false,CLIP,"{'id': 'Hs', 'name': 'Human'}",,ENCFF920MUN.fastq.gz,Experiment date released: 2023-02-03,size-matched input,,seCLIP,NNNNNNNNNN,GSM8693957,ENCODE,Gene Yeo,,SMInput,,,,,,Gene Yeo,,Illumina HiSeq 4000,,K562,,,,,,
164066902982405709,RBP ENCODE Control,134997159570710675,DDX51_Control_K562_1,false,CLIP,"{'id': 'Hs', 'name': 'Human'}",,ENCFF839MJH.fastq.gz,Experiment date released: 2018-08-30; UMI extracted to header,size-matched input,,eCLIP,NNNNNNNNNN,GSM5370418,ENCODE,Gene Yeo,,SMInput,,,,,,Gene Yeo,,Illumina HiSeq 4000,,K562,,,,,,
164066902982405709,RBP ENCODE Control,770633093778092214,DDX43_Control_K562_2,false,CLIP,"{'id': 'Hs', 'name': 'Human'}",,ENCFF146CPZ.fastq.gz,Experiment date released: 2023-01-24,size-matched input,,seCLIP,NNNNNNNNNN,GSM8694034,ENCODE,Gene Yeo,,SMInput,,,,,,Gene Yeo,,Illumina HiSeq 4000,,K562,,,,,,
164066902982405709,RBP ENCODE Control,316318163663915595,AKAP1_Control_HepG2_1,false,CLIP,"{'id': 'Hs', 'name': 'Human'}",,ENCFF378CCG.fastq.gz,Experiment date released: 2018-08-30; UMI extracted to header,size-matched input,,eCLIP,NNNNNNNNNN,GSM5378913,ENCODE,Gene Yeo,,SMInput,,,,,,Gene Yeo,,Illumina HiSeq 4000,,HepG2,,,,,,
164066902982405709,RBP ENCODE Control,612760387980129239,ADAT1_Control_K562_1,false,CLIP,"{'id': 'Hs', 'name': 'Human'}",,ENCFF718XYW.fastq.gz,Experiment date released: 2023-01-24,size-matched input,,seCLIP,NNNNNNNNNN,GSM8693944,ENCODE,Gene Yeo,,SMInput,,,,,,Gene Yeo,,Illumina HiSeq 4000,,K562,,,,,,
164066902982405709,RBP ENCODE Control,951591301277780732,TARDBP_Control_K562_2,false,CLIP,"{'id': 'Hs', 'name': 'Human'}",,ENCFF706SRG.fastq.gz,Experiment date released: 2022-07-19,size-matched input,,seCLIP,NNNNNNNNNN,GSM8693857,ENCODE,Gene Yeo,,SMInput,,,,,,Gene Yeo,,Illumina HiSeq 4000,,K562,,,,,,
164066902982405709,RBP ENCODE Control,793305345580315428,RPS10_Control_K562_1,false,CLIP,"{'id': 'Hs', 'name': 'Human'}",,ENCFF644ZWQ.fastq.gz,Experiment date released: 2022-07-19,size-matched input,,seCLIP,NNNNNNNNNN,GSM8693823,ENCODE,Gene Yeo,,SMInput,,,,,,Gene Yeo,,Illumina HiSeq 4000,,K562,,,,,,
164066902982405709,RBP ENCODE Control,760101286164457363,TARDBP_Control_HepG2_1,false,CLIP,"{'id': 'Hs', 'name': 'Human'}",,ENCFF887XEU.fastq.gz,Experiment date released: 2022-12-17,size-matched input,,seCLIP,NNNNNNNNNN,GSM8693887,ENCODE,Gene Yeo,,SMInput,,,,,,Gene Yeo,,Illumina HiSeq 4000,,HepG2,,,,,,
164066902982405709,RBP ENCODE Control,733675512768670614,RYBP_Control_K562_1,false,CLIP,"{'id': 'Hs', 'name': 'Human'}",,ENCFF942VJP.fastq.gz,Experiment date released: 2023-01-24,size-matched input,,seCLIP,NNNNNNNNNN,GSM8694353,ENCODE,Gene Yeo,,SMInput,,,,,,Gene Yeo,,Illumina HiSeq 4000,,K562,,,,,,
164066902982405709,RBP ENCODE Control,910813881791242973,YBX3_Control_HepG2_1,false,CLIP,"{'id': 'Hs', 'name': 'Human'}",,ENCFF798TFX.fastq.gz,Experiment date released: 2018-08-30; UMI extracted to header,size-matched input,,eCLIP,NNNNNNNNNN,GSM5375019,ENCODE,Gene Yeo,,SMInput,,,,,,Gene Yeo,,Illumina HiSeq 4000,,HepG2,,,,,,
164066902982405709,RBP ENCODE Control,501492637272737783,FXR2_Control_K562_1,false,CLIP,"{'id': 'Hs', 'name': 'Human'}",,ENCFF158KAT.fastq.gz,Experiment date released: 2022-07-19,size-matched input,,seCLIP,NNNNNNNNNN,GSM8693948,ENCODE,Gene Yeo,,SMInput,,,,,,Gene Yeo,,Illumina HiSeq 4000,,K562,,,,,,
164066902982405709,RBP ENCODE Control,617033345767355924,ELAVL1_Control_K562_2,false,CLIP,"{'id': 'Hs', 'name': 'Human'}",,ENCFF336EAH.fastq.gz,Experiment date released: 2022-07-19,size-matched input,,seCLIP,NNNNNNNNNN,GSM8693951,ENCODE,Gene Yeo,,SMInput,,,,,,Gene Yeo,,Illumina HiSeq 4000,,K562,,,,,,
164066902982405709,RBP ENCODE Control,917391611999768202,GARS_Control_K562_1,false,CLIP,"{'id': 'Hs', 'name': 'Human'}",,ENCFF226DPF.fastq.gz,Experiment date released: 2022-07-19,size-matched input,,seCLIP,NNNNNNNNNN,GSM8693847,ENCODE,Gene Yeo,,SMInput,,,,,,Gene Yeo,,Illumina HiSeq 4000,,K562,,,,,,
164066902982405709,RBP ENCODE Control,890377875355124427,NSUN2_Control_HepG2_1,false,CLIP,"{'id': 'Hs', 'name': 'Human'}",,ENCFF388MPI.fastq.gz,Experiment date released: 2023-01-24,size-matched input,,seCLIP,NNNNNNNNNN,GSM8693909,ENCODE,Gene Yeo,,SMInput,,,,,,Gene Yeo,,Illumina HiSeq 4000,,HepG2,,,,,,
164066902982405709,RBP ENCODE Control,853849480039172578,MBNL1_Control_K562_1,false,CLIP,"{'id': 'Hs', 'name': 'Human'}",,ENCFF020YXZ.fastq.gz,Experiment date released: 2022-07-19,size-matched input,,seCLIP,NNNNNNNNNN,GSM8693580,ENCODE,Gene Yeo,,SMInput,,,,,,Gene Yeo,,Illumina HiSeq 4000,,K562,,,,,,
164066902982405709,RBP ENCODE Control,781352857724374483,FASTKD2_Control_K562_1,false,CLIP,"{'id': 'Hs', 'name': 'Human'}",,ENCFF197INO.fastq.gz,Experiment date released: 2016-04-26; UMI extracted to header,size-matched input,,eCLIP,NNNNNNNNNN,GSM2423044,ENCODE,Gene Yeo,,SMInput,,,,,,Gene Yeo,,Illumina HiSeq 4000,,K562,,,,,,
164066902982405709,RBP ENCODE Control,330421053369765585,TARDBP_Control_K562_3,false,CLIP,"{'id': 'Hs', 'name': 'Human'}",,ENCFF333DTJ.fastq.gz,Experiment date released: 2015-11-09; UMI extracted to header,size-matched input,,eCLIP,NNNNN,GSM2424165,ENCODE,Gene Yeo,,SMInput,,,,,,Gene Yeo,,Illumina HiSeq 2000,,K562,,,,,,
164066902982405709,RBP ENCODE Control,333655507542708557,METTL1_Control_K562_2,false,CLIP,"{'id': 'Hs', 'name': 'Human'}",,ENCFF808IYM.fastq.gz,Experiment date released: 2023-01-24,size-matched input,,seCLIP,NNNNNNNNNN,GSM8693808,ENCODE,Gene Yeo,,SMInput,,,,,,Gene Yeo,,Illumina HiSeq 4000,,K562,,,,,,
164066902982405709,RBP ENCODE Control,458726622018442061,SF3B1_Control_K562_1,false,CLIP,"{'id': 'Hs', 'name': 'Human'}",,ENCFF185ZHX.fastq.gz,Experiment date released: 2016-10-31; UMI extracted to header,size-matched input,,eCLIP,NNNNNNNNNN,GSM2423574,ENCODE,Gene Yeo,,SMInput,,,,,,Gene Yeo,,Illumina HiSeq 4000,,K562,,,,,,
164066902982405709,RBP ENCODE Control,535976356799040453,GPKOW_Control_K562_1,false,CLIP,"{'id': 'Hs', 'name': 'Human'}",,ENCFF216XJZ.fastq.gz,Experiment date released: 2016-10-31; UMI extracted to header,size-matched input,,eCLIP,NNNNNNNNNN,GSM2423425,ENCODE,Gene Yeo,,SMInput,,,,,,Gene Yeo,,Illumina HiSeq 2500,,K562,,,,,,
164066902982405709,RBP ENCODE Control,809428257593223931,APEX1_Control_K562_2,false,CLIP,"{'id': 'Hs', 'name': 'Human'}",,ENCFF904EOE.fastq.gz,Experiment date released: 2022-09-12,size-matched input,,seCLIP,NNNNNNNNNN,GSM8694368,ENCODE,Gene Yeo,,SMInput,,,,,,Gene Yeo,,Illumina NovaSeq 6000,,K562,,,,,,
164066902982405709,RBP ENCODE Control,846805663783040490,ELAC2_Control_K562_2,false,CLIP,"{'id': 'Hs', 'name': 'Human'}",,ENCFF021FRQ.fastq.gz,Experiment date released: 2023-01-24,size-matched input,,seCLIP,NNNNNNNNNN,GSM8693942,ENCODE,Gene Yeo,,SMInput,,,,,,Gene Yeo,,Illumina HiSeq 4000,,K562,,,,,,
164066902982405709,RBP ENCODE Control,138287995082566166,PABPC4_Control_K562_1,false,CLIP,"{'id': 'Hs', 'name': 'Human'}",,ENCFF371WFK.fastq.gz,Experiment date released: 2018-08-30; UMI extracted to header,size-matched input,,eCLIP,NNNNNNNNNN,GSM5370359,ENCODE,Gene Yeo,,SMInput,,,,,,Gene Yeo,,Illumina HiSeq 4000,,K562,,,,,,
164066902982405709,RBP ENCODE Control,174995218351172417,GTF2F1_Control_K562_1,false,CLIP,"{'id': 'Hs', 'name': 'Human'}",,ENCFF057SJT.fastq.gz,Experiment date released: 2015-11-09; UMI extracted to header,size-matched input,,eCLIP,NNNNN,GSM2423101,ENCODE,Gene Yeo,,SMInput,,,,,,Gene Yeo,,Illumina HiSeq 2000,,K562,,,,,,
164066902982405709,RBP ENCODE Control,391079608635133349,AQR_Control_K562_1,false,CLIP,"{'id': 'Hs', 'name': 'Human'}",,ENCFF759FOS.fastq.gz,Experiment date released: 2018-08-30; UMI extracted to header,size-matched input,,eCLIP,NNNNNNNNNN,GSM5379286,ENCODE,Gene Yeo,,SMInput,,,,,,Gene Yeo,,Illumina HiSeq 4000,,K562,,,,,,
164066902982405709,RBP ENCODE Control,140693999003669645,HNRNPK_Control_K562_1,false,CLIP,"{'id': 'Hs', 'name': 'Human'}",,ENCFF560DED.fastq.gz,Experiment date released: 2022-07-19,size-matched input,,seCLIP,NNNNNNNNNN,GSM8693711,ENCODE,Gene Yeo,,SMInput,,,,,,Gene Yeo,,Illumina HiSeq 4000,,K562,,,,,,
164066902982405709,RBP ENCODE Control,652706568260980088,AARS_Control_K562_1,false,CLIP,"{'id': 'Hs', 'name': 'Human'}",,ENCFF595YFZ.fastq.gz,Experiment date released: 2016-04-26; UMI extracted to header,size-matched input,,eCLIP,NNNNNNNNNN,GSM2423866,ENCODE,Gene Yeo,,SMInput,,,,,,Gene Yeo,,Illumina HiSeq 4000,,K562,,,,,,
164066902982405709,RBP ENCODE Control,859895183853724105,UPF1_Control_K562_1,false,CLIP,"{'id': 'Hs', 'name': 'Human'}",,ENCFF519MAY.fastq.gz,Experiment date released: 2016-04-26; UMI extracted to header,size-matched input,,eCLIP,NNNNNNNNNN,GSM2423514,ENCODE,Gene Yeo,,SMInput,,,,,,Gene Yeo,,Illumina HiSeq 2500,,K562,,,,,,
164066902982405709,RBP ENCODE Control,607765358105873922,TBRG4_Control_K562_1,false,CLIP,"{'id': 'Hs', 'name': 'Human'}",,ENCFF491PHA.fastq.gz,Experiment date released: 2016-04-26; UMI extracted to header,size-matched input,,eCLIP,NNNNNNNNNN,GSM2423590,ENCODE,Gene Yeo,,SMInput,,,,,,Gene Yeo,,Illumina HiSeq 4000,,K562,,,,,,
164066902982405709,RBP ENCODE Control,785003462401765917,AKAP8L_Control_K562_1,false,CLIP,"{'id': 'Hs', 'name': 'Human'}",,ENCFF534UAZ.fastq.gz,Experiment date released: 2016-04-26; UMI extracted to header,size-matched input,,eCLIP,NNNNNNNNNN,GSM2423651,ENCODE,Gene Yeo,,SMInput,,,,,,Gene Yeo,,Illumina HiSeq 4000,,K562,,,,,,
164066902982405709,RBP ENCODE Control,438096534249976227,DDX1_Control_K562_1,false,CLIP,"{'id': 'Hs', 'name': 'Human'}",,ENCFF207BBK.fastq.gz,Experiment date released: 2023-02-03,size-matched input,,seCLIP,NNNNNNNNNN,GSM8693958,ENCODE,Gene Yeo,,SMInput,,,,,,Gene Yeo,,Illumina HiSeq 4000,,K562,,,,,,
164066902982405709,RBP ENCODE Control,419223634823234531,DDX52_Control_HepG2_1,false,CLIP,"{'id': 'Hs', 'name': 'Human'}",,ENCFF065PGK.fastq.gz,Experiment date released: 2018-08-30; UMI extracted to header,size-matched input,,eCLIP,NNNNNNNNNN,GSM5379549,ENCODE,Gene Yeo,,SMInput,,,,,,Gene Yeo,,Illumina HiSeq 4000,,HepG2,,,,,,
164066902982405709,RBP ENCODE Control,990866856182226044,RPS6_Control_K562_1,false,CLIP,"{'id': 'Hs', 'name': 'Human'}",,ENCFF263CCY.fastq.gz,Experiment date released: 2022-07-19,size-matched input,,seCLIP,NNNNNNNNNN,GSM8694350,ENCODE,Gene Yeo,,SMInput,,,,,,Gene Yeo,,Illumina HiSeq 4000,,K562,,,,,,
164066902982405709,RBP ENCODE Control,747923564911917992,FMR1_Control_K562_3,false,CLIP,"{'id': 'Hs', 'name': 'Human'}",,ENCFF524AJF.fastq.gz,Experiment date released: 2015-07-15; UMI extracted to header,size-matched input,,eCLIP,NNNNN,GSM2423905,ENCODE,Gene Yeo,,SMInput,,,,,,Gene Yeo,,Illumina HiSeq 2000,,K562,,,,,,
164066902982405709,RBP ENCODE Control,870240580731669718,RNF187_Control_K562_2,false,CLIP,"{'id': 'Hs', 'name': 'Human'}",,ENCFF019PZK.fastq.gz,Experiment date released: 2023-01-24,size-matched input,,seCLIP,NNNNNNNNNN,GSM8693872,ENCODE,Gene Yeo,,SMInput,,,,,,Gene Yeo,,Illumina HiSeq 4000,,K562,,,,,,
164066902982405709,RBP ENCODE Control,574588868327120681,SUPV3L1_Control_K562_1,false,CLIP,"{'id': 'Hs', 'name': 'Human'}",,ENCFF936WEJ.fastq.gz,Experiment date released: 2018-08-30; UMI extracted to header,size-matched input,,eCLIP,NNNNNNNNNN,GSM5374111,ENCODE,Gene Yeo,,SMInput,,,,,,Gene Yeo,,Illumina HiSeq 4000,,K562,,,,,,
164066902982405709,RBP ENCODE Control,868414672280149513,UTP3_Control_K562_1,false,CLIP,"{'id': 'Hs', 'name': 'Human'}",,ENCFF850GVH.fastq.gz,Experiment date released: 2018-08-30; UMI extracted to header,size-matched input,,eCLIP,NNNNNNNNNN,GSM5370153,ENCODE,Gene Yeo,,SMInput,,,,,,Gene Yeo,,Illumina HiSeq 4000,,K562,,,,,,
164066902982405709,RBP ENCODE Control,413927503992285571,SAFB_Control_K562_1,false,CLIP,"{'id': 'Hs', 'name': 'Human'}",,ENCFF855ENR.fastq.gz,Experiment date released: 2018-08-30; UMI extracted to header,size-matched input,,eCLIP,NNNNNNNNNN,GSM5369742,ENCODE,Gene Yeo,,SMInput,,,,,,Gene Yeo,,Illumina HiSeq 4000,,K562,,,,,,
164066902982405709,RBP ENCODE Control,839462360683767734,FTO_Control_K562_1,false,CLIP,"{'id': 'Hs', 'name': 'Human'}",,ENCFF757EAS.fastq.gz,Experiment date released: 2016-10-31; UMI extracted to header,size-matched input,,eCLIP,NNNNNNNNNN,GSM2423693,ENCODE,Gene Yeo,,SMInput,,,,,,Gene Yeo,,Illumina HiSeq 2500,,K562,,,,,,
164066902982405709,RBP ENCODE Control,615277989509444817,FASTKD2_Control_HepG2_1,false,CLIP,"{'id': 'Hs', 'name': 'Human'}",,ENCFF202HGO.fastq.gz,Experiment date released: 2016-08-19; UMI extracted to header,size-matched input,,eCLIP,NNNNNNNNNN,GSM2423841,ENCODE,Gene Yeo,,SMInput,,,,,,Gene Yeo,,Illumina HiSeq 4000,,HepG2,,,,,,
164066902982405709,RBP ENCODE Control,641441485817339372,GRWD1_Control_K562_1,false,CLIP,"{'id': 'Hs', 'name': 'Human'}",,ENCFF214CCK.fastq.gz,Experiment date released: 2018-08-30; UMI extracted to header,size-matched input,,eCLIP,NNNNNNNNNN,GSM5370304,ENCODE,Gene Yeo,,SMInput,,,,,,Gene Yeo,,Illumina HiSeq 4000,,K562,,,,,,
164066902982405709,RBP ENCODE Control,318982617251536337,U2AF1_Control_K562_1,false,CLIP,"{'id': 'Hs', 'name': 'Human'}",,ENCFF690PIW.fastq.gz,Experiment date released: 2015-07-15; UMI extracted to header,size-matched input,,eCLIP,NNNNN,GSM2423547,ENCODE,Gene Yeo,,SMInput,,,,,,Gene Yeo,,Illumina HiSeq 2000,,K562,,,,,,
164066902982405709,RBP ENCODE Control,662812435962442604,EIF4G2_Control_K562_1,false,CLIP,"{'id': 'Hs', 'name': 'Human'}",,ENCFF566LOT.fastq.gz,Experiment date released: 2015-07-15; UMI extracted to header,size-matched input,,eCLIP,NNNNN,GSM2423804,ENCODE,Gene Yeo,,SMInput,,,,,,Gene Yeo,,Illumina HiSeq 2000,,K562,,,,,,
164066902982405709,RBP ENCODE Control,509897040754850407,AGGF1_Control_K562_1,false,CLIP,"{'id': 'Hs', 'name': 'Human'}",,ENCFF934XSG.fastq.gz,Experiment date released: 2016-04-26; UMI extracted to header,size-matched input,,eCLIP,NNNNNNNNNN,GSM2424145,ENCODE,Gene Yeo,,SMInput,,,,,,Gene Yeo,,Illumina HiSeq 4000,,K562,,,,,,
164066902982405709,RBP ENCODE Control,210770670805411859,EXOSC5_Control_HepG2_1,false,CLIP,"{'id': 'Hs', 'name': 'Human'}",,ENCFF190LZU.fastq.gz,Experiment date released: 2018-08-30; UMI extracted to header,size-matched input,,eCLIP,NNNNNNNNNN,GSM5379136,ENCODE,Gene Yeo,,SMInput,,,,,,Gene Yeo,,Illumina HiSeq 4000,,HepG2,,,,,,
164066902982405709,RBP ENCODE Control,597298278179700632,WDR43_Control_K562_1,false,CLIP,"{'id': 'Hs', 'name': 'Human'}",,ENCFF407AXQ.fastq.gz,Experiment date released: 2018-08-30; UMI extracted to header,size-matched input,,eCLIP,NNNNNNNNNN,GSM5373973,ENCODE,Gene Yeo,,SMInput,,,,,,Gene Yeo,,Illumina HiSeq 4000,,K562,,,,,,
164066902982405709,RBP ENCODE Control,349457089230263129,PHF6_Control_K562_1,false,CLIP,"{'id': 'Hs', 'name': 'Human'}",,ENCFF804TGO.fastq.gz,Experiment date released: 2018-08-30; UMI extracted to header,size-matched input,,eCLIP,NNNNNNNNNN,GSM5369561,ENCODE,Gene Yeo,,SMInput,,,,,,Gene Yeo,,Illumina HiSeq 4000,,K562,,,,,,
164066902982405709,RBP ENCODE Control,130463776367170982,DGCR8_Control_adrenalgland_2,false,CLIP,"{'id': 'Hs', 'name': 'Human'}",,ENCFF492TWB.fastq.gz,Experiment date released: 2017-08-15; UMI extracted to header,size-matched input,,eCLIP,NNNNNNNNNN,GSM5369966,ENCODE,Gene Yeo,,SMInput,,,,,,Gene Yeo,,Illumina HiSeq 4000,,adrenal gland,,,,,,
164066902982405709,RBP ENCODE Control,118843454978204372,PCBP2_Control_HepG2_1,false,CLIP,"{'id': 'Hs', 'name': 'Human'}",,ENCFF130FRI.fastq.gz,Experiment date released: 2015-11-09; UMI extracted to header,size-matched input,,eCLIP,NNNNNNNNNN,GSM2423037,ENCODE,Gene Yeo,,SMInput,,,,,,Gene Yeo,,Illumina HiSeq 2000,,HepG2,,,,,,
164066902982405709,RBP ENCODE Control,824946689965985330,FUS_Control_K562_1,false,CLIP,"{'id': 'Hs', 'name': 'Human'}",,ENCFF084ZXT.fastq.gz,Experiment date released: 2018-08-30; UMI extracted to header,size-matched input,,eCLIP,NNNNNNNNNN,GSM5374767,ENCODE,Gene Yeo,,SMInput,,,,,,Gene Yeo,,Illumina HiSeq 4000,,K562,,,,,,
164066902982405709,RBP ENCODE Control,159586234030508282,CDC40_Control_HepG2_1,false,CLIP,"{'id': 'Hs', 'name': 'Human'}",,ENCFF188PUE.fastq.gz,Experiment date released: 2016-10-31; UMI extracted to header,size-matched input,,eCLIP,NNNNNNNNNN,GSM2424024,ENCODE,Gene Yeo,,SMInput,,,,,,Gene Yeo,,Illumina HiSeq 4000,,HepG2,,,,,,
164066902982405709,RBP ENCODE Control,605470809484053280,CPEB4_Control_K562_1,false,CLIP,"{'id': 'Hs', 'name': 'Human'}",,ENCFF296WZS.fastq.gz,Experiment date released: 2018-08-30; UMI extracted to header,size-matched input,,eCLIP,NNNNNNNNNN,GSM5374292,ENCODE,Gene Yeo,,SMInput,,,,,,Gene Yeo,,Illumina HiSeq 4000,,K562,,,,,,
164066902982405709,RBP ENCODE Control,249029908578459533,DDX3X_Control_HepG2_1,false,CLIP,"{'id': 'Hs', 'name': 'Human'}",,ENCFF220JYP.fastq.gz,Experiment date released: 2016-04-26; UMI extracted to header,size-matched input,,eCLIP,NNNNNNNNNN,GSM2422982,ENCODE,Gene Yeo,,SMInput,,,,,,Gene Yeo,,Illumina HiSeq 4000,,HepG2,,,,,,
164066902982405709,RBP ENCODE Control,840662749750333482,NSUN2_Control_K562_1,false,CLIP,"{'id': 'Hs', 'name': 'Human'}",,ENCFF645ZNG.fastq.gz,Experiment date released: 2016-09-21; UMI extracted to header,size-matched input,,eCLIP,NNNNNNNNNN,GSM2423722,ENCODE,Gene Yeo,,SMInput,,,,,,Gene Yeo,,Illumina HiSeq 2500,,K562,,,,,,
164066902982405709,RBP ENCODE Control,262788852896056853,WDR43_Control_HepG2_1,false,CLIP,"{'id': 'Hs', 'name': 'Human'}",,ENCFF535EYW.fastq.gz,Experiment date released: 2018-08-30; UMI extracted to header,size-matched input,,eCLIP,NNNNNNNNNN,GSM5375410,ENCODE,Gene Yeo,,SMInput,,,,,,Gene Yeo,,Illumina HiSeq 4000,,HepG2,,,,,,
164066902982405709,RBP ENCODE Control,831459132070649759,DROSHA_Control_K562_1,false,CLIP,"{'id': 'Hs', 'name': 'Human'}",,ENCFF004HVL.fastq.gz,Experiment date released: 2016-04-26; UMI extracted to header,size-matched input,,eCLIP,NNNNNNNNNN,GSM2424026,ENCODE,Gene Yeo,,SMInput,,,,,,Gene Yeo,,Illumina HiSeq 4000,,K562,,,,,,
164066902982405709,RBP ENCODE Control,206025115447216953,ELAVL1_Control_K562_1,false,CLIP,"{'id': 'Hs', 'name': 'Human'}",,ENCFF752UQK.fastq.gz,Experiment date released: 2022-07-19,size-matched input,,seCLIP,NNNNNNNNNN,GSM8693950,ENCODE,Gene Yeo,,SMInput,,,,,,Gene Yeo,,Illumina HiSeq 4000,,K562,,,,,,
164066902982405709,RBP ENCODE Control,200676963874908084,XRN2_Control_HepG2_1,false,CLIP,"{'id': 'Hs', 'name': 'Human'}",,ENCFF947NEA.fastq.gz,Experiment date released: 2016-04-26; UMI extracted to header,size-matched input,,eCLIP,NNNNNNNNNN,GSM2423217,ENCODE,Gene Yeo,,SMInput,,,,,,Gene Yeo,,Illumina HiSeq 4000,,HepG2,,,,,,
164066902982405709,RBP ENCODE Control,122694150292796759,DDX21_Control_K562_1,false,CLIP,"{'id': 'Hs', 'name': 'Human'}",,ENCFF953OQX.fastq.gz,Experiment date released: 2018-08-30; UMI extracted to header,size-matched input,,eCLIP,NNNNN,GSM5370411,ENCODE,Gene Yeo,,SMInput,,,,,,Gene Yeo,,Illumina HiSeq 4000,,K562,,,,,,
164066902982405709,RBP ENCODE Control,394573143161271637,EFTUD2_Control_HepG2_1,false,CLIP,"{'id': 'Hs', 'name': 'Human'}",,ENCFF671ZYB.fastq.gz,Experiment date released: 2016-04-26; UMI extracted to header,size-matched input,,eCLIP,NNNNNNNNNN,GSM2424091,ENCODE,Gene Yeo,,SMInput,,,,,,Gene Yeo,,Illumina HiSeq 4000,,HepG2,,,,,,
164066902982405709,RBP ENCODE Control,556211062786434069,FMR1_Control_K562_2,false,CLIP,"{'id': 'Hs', 'name': 'Human'}",,ENCFF075JTX.fastq.gz,Experiment date released: 2022-07-19,size-matched input,,seCLIP,NNNNNNNNNN,GSM8694100,ENCODE,Gene Yeo,,SMInput,,,,,,Gene Yeo,,Illumina NovaSeq 6000,,K562,,,,,,
164066902982405709,RBP ENCODE Control,859141675148438671,DGCR8_Control_HepG2_1,false,CLIP,"{'id': 'Hs', 'name': 'Human'}",,ENCFF225SLP.fastq.gz,Experiment date released: 2017-08-15; UMI extracted to header,size-matched input,,eCLIP,NNNNNNNNNN,GSM5370579,ENCODE,Gene Yeo,,SMInput,,,,,,Gene Yeo,,Illumina HiSeq 2000,,HepG2,,,,,,
164066902982405709,RBP ENCODE Control,372768904501693668,NOLC1_Control_K562_1,false,CLIP,"{'id': 'Hs', 'name': 'Human'}",,ENCFF900HNJ.fastq.gz,Experiment date released: 2017-11-19; UMI extracted to header,size-matched input,,eCLIP,NNNNNNNNNN,GSM5369717,ENCODE,Gene Yeo,,SMInput,,,,,,Gene Yeo,,Illumina HiSeq 4000,,K562,,,,,,
164066902982405709,RBP ENCODE Control,688492080353289935,MTPAP_Control_K562_1,false,CLIP,"{'id': 'Hs', 'name': 'Human'}",,ENCFF088TKT.fastq.gz,Experiment date released: 2016-04-26; UMI extracted to header,size-matched input,,eCLIP,NNNNNNNNNN,GSM2424171,ENCODE,Gene Yeo,,SMInput,,,,,,Gene Yeo,,Illumina HiSeq 4000,,K562,,,,,,
450992300866297253,ENCODE RNA,215674736173165076,Hs_K562_initial_total_fractions_long_polya_lecuyer_2,false,RNA-Seq,"{'id': 'Hs', 'name': 'Human'}",,"ENCFF628GUZ.fastq.gz,ENCFF695XOC.fastq.gz",SRR4421940,,,polyA plus RNA-seq,,GSM2343836,IRCM,,,,,,,polya,,Eric Lécuyer,,Illumina HiSeq 2000,,K562,,reverse,,,,
164066902982405709,RBP ENCODE Control,353608111952748244,AQR_Control_HepG2_1,false,CLIP,"{'id': 'Hs', 'name': 'Human'}",,ENCFF746PPV.fastq.gz,Experiment date released: 2018-08-30; UMI extracted to header,size-matched input,,eCLIP,NNNNNNNNNN,GSM5375216,ENCODE,Gene Yeo,,SMInput,,,,,,Gene Yeo,,Illumina HiSeq 4000,,HepG2,,,,,,
164066902982405709,RBP ENCODE Control,198503576294807187,METTL1_Control_K562_1,false,CLIP,"{'id': 'Hs', 'name': 'Human'}",,ENCFF851DJV.fastq.gz,Experiment date released: 2023-01-24,size-matched input,,seCLIP,NNNNNNNNNN,GSM8693809,ENCODE,Gene Yeo,,SMInput,,,,,,Gene Yeo,,Illumina HiSeq 4000,,K562,,,,,,
164066902982405709,RBP ENCODE Control,939828806812370780,FXR2_Control_HepG2_1,false,CLIP,"{'id': 'Hs', 'name': 'Human'}",,ENCFF160EHF.fastq.gz,Experiment date released: 2018-08-30; UMI extracted to header,size-matched input,,eCLIP,NNNNNNNNNN,GSM5374818,ENCODE,Gene Yeo,,SMInput,,,,,,Gene Yeo,,Illumina HiSeq 4000,,HepG2,,,,,,
164066902982405709,RBP ENCODE Control,250909005700132521,DDX55_Control_K562_1,false,CLIP,"{'id': 'Hs', 'name': 'Human'}",,ENCFF216XJE.fastq.gz,Experiment date released: 2016-04-26; UMI extracted to header,size-matched input,,eCLIP,NNNNNNNNNN,GSM2423126,ENCODE,Gene Yeo,,SMInput,,,,,,Gene Yeo,,Illumina HiSeq 4000,,K562,,,,,,
164066902982405709,RBP ENCODE Control,359325195793685741,SUB1_Control_HepG2_1,false,CLIP,"{'id': 'Hs', 'name': 'Human'}",,ENCFF988APT.fastq.gz,Experiment date released: 2016-08-19; UMI extracted to header,size-matched input,,eCLIP,NNNNNNNNNN,GSM2423791,ENCODE,Gene Yeo,,SMInput,,,,,,Gene Yeo,,Illumina HiSeq 4000,,HepG2,,,,,,
164066902982405709,RBP ENCODE Control,178870687672093800,TARDBP_Control_K562_1,false,CLIP,"{'id': 'Hs', 'name': 'Human'}",,ENCFF110DXI.fastq.gz,Experiment date released: 2022-07-19,size-matched input,,seCLIP,NNNNNNNNNN,GSM8693856,ENCODE,Gene Yeo,,SMInput,,,,,,Gene Yeo,,Illumina HiSeq 4000,,K562,,,,,,
164066902982405709,RBP ENCODE Control,143246662780533074,SFPQ_Control_HepG2_1,false,CLIP,"{'id': 'Hs', 'name': 'Human'}",,ENCFF163HDX.fastq.gz,Experiment date released: 2016-04-26; UMI extracted to header,size-matched input,,eCLIP,NNNNNNNNNN,GSM2423583,ENCODE,Gene Yeo,,SMInput,,,,,,Gene Yeo,,Illumina HiSeq 4000,,HepG2,,,,,,
164066902982405709,RBP ENCODE Control,413643775249479503,DGCR8_Control_K562_1,false,CLIP,"{'id': 'Hs', 'name': 'Human'}",,ENCFF933TIF.fastq.gz,Experiment date released: 2015-11-09; UMI extracted to header,size-matched input,,eCLIP,NNNNN,GSM2423743,ENCODE,Gene Yeo,,SMInput,,,,,,Gene Yeo,,Illumina HiSeq 2000,,K562,,,,,,
164066902982405709,RBP ENCODE Control,544991687763364594,MORC2_Control_K562_2,false,CLIP,"{'id': 'Hs', 'name': 'Human'}",,ENCFF810VLQ.fastq.gz,Experiment date released: 2023-01-24,size-matched input,,seCLIP,NNNNNNNNNN,GSM8693934,ENCODE,Gene Yeo,,SMInput,,,,,,Gene Yeo,,Illumina HiSeq 4000,,K562,,,,,,
164066902982405709,RBP ENCODE Control,575073735931131299,DDX43_Control_K562_1,false,CLIP,"{'id': 'Hs', 'name': 'Human'}",,ENCFF913RUT.fastq.gz,Experiment date released: 2023-01-24,size-matched input,,seCLIP,NNNNNNNNNN,GSM8694035,ENCODE,Gene Yeo,,SMInput,,,,,,Gene Yeo,,Illumina HiSeq 4000,,K562,,,,,,
164066902982405709,RBP ENCODE Control,770907551836320045,RPS11_Control_K562_1,false,CLIP,"{'id': 'Hs', 'name': 'Human'}",,ENCFF159ANK.fastq.gz,Experiment date released: 2016-04-26; UMI extracted to header,size-matched input,,eCLIP,NNNNNNNNNN,GSM2424092,ENCODE,Gene Yeo,,SMInput,,,,,,Gene Yeo,,Illumina HiSeq 4000,,K562,,,,,,
164066902982405709,RBP ENCODE Control,118059711253398515,XPO5_Control_HepG2_1,false,CLIP,"{'id': 'Hs', 'name': 'Human'}",,ENCFF491CRL.fastq.gz,Experiment date released: 2016-08-19; UMI extracted to header,size-matched input,,eCLIP,NNNNNNNNNN,GSM2423704,ENCODE,Gene Yeo,,SMInput,,,,,,Gene Yeo,,Illumina HiSeq 4000,,HepG2,,,,,,
164066902982405709,RBP ENCODE Control,847396251711730521,SRSF9_Control_K562_2,false,CLIP,"{'id': 'Hs', 'name': 'Human'}",,ENCFF120HCK.fastq.gz,Experiment date released: 2022-07-19,size-matched input,,seCLIP,NNNNNNNNNN,GSM8693825,ENCODE,Gene Yeo,,SMInput,,,,,,Gene Yeo,,Illumina HiSeq 4000,,K562,,,,,,
164066902982405709,RBP ENCODE Control,529683506974758785,RPS3_Control_HepG2_1,false,CLIP,"{'id': 'Hs', 'name': 'Human'}",,ENCFF779VXI.fastq.gz,Experiment date released: 2017-08-15; UMI extracted to header,size-matched input,,eCLIP,NNNNNNNNNN,GSM5375525,ENCODE,Gene Yeo,,SMInput,,,,,,Gene Yeo,,Illumina HiSeq 4000,,HepG2,,,,,,
164066902982405709,RBP ENCODE Control,452521200490251900,SSB_Control_HepG2_1,false,CLIP,"{'id': 'Hs', 'name': 'Human'}",,ENCFF634ZXH.fastq.gz,Experiment date released: 2018-08-30; UMI extracted to header,size-matched input,,eCLIP,NNNNNNNNNN,GSM5370063,ENCODE,Gene Yeo,,SMInput,,,,,,Gene Yeo,,Illumina HiSeq 4000,,HepG2,,,,,,
164066902982405709,RBP ENCODE Control,422502899231252473,LARP7_Control_K562_1,false,CLIP,"{'id': 'Hs', 'name': 'Human'}",,ENCFF967IQR.fastq.gz,Experiment date released: 2015-07-15; UMI extracted to header,size-matched input,,eCLIP,NNNNN,GSM2424067,ENCODE,Gene Yeo,,SMInput,,,,,,Gene Yeo,,Illumina HiSeq 2000,,K562,,,,,,
164066902982405709,RBP ENCODE Control,114705845997958648,FUBP3_Control_HepG2_1,false,CLIP,"{'id': 'Hs', 'name': 'Human'}",,ENCFF024OZW.fastq.gz,Experiment date released: 2016-09-21; UMI extracted to header,size-matched input,,eCLIP,NNNNNNNNNN,GSM2422934,ENCODE,Gene Yeo,,SMInput,,,,,,Gene Yeo,,Illumina HiSeq 4000,,HepG2,,,,,,
164066902982405709,RBP ENCODE Control,344690433625502562,RBM22_Control_HepG2_1,false,CLIP,"{'id': 'Hs', 'name': 'Human'}",,ENCFF936IFL.fastq.gz,Experiment date released: 2016-04-26; UMI extracted to header,size-matched input,,eCLIP,NNNNNNNNNN,GSM2423959,ENCODE,Gene Yeo,,SMInput,,,,,,Gene Yeo,,Illumina HiSeq 4000,,HepG2,,,,,,
164066902982405709,RBP ENCODE Control,608445428205127589,EIF4E_Control_K562_2,false,CLIP,"{'id': 'Hs', 'name': 'Human'}",,ENCFF176ITD.fastq.gz,Experiment date released: 2022-07-19,size-matched input,,seCLIP,NNNNNNNNNN,GSM8694394,ENCODE,Gene Yeo,,SMInput,,,,,,Gene Yeo,,Illumina HiSeq 4000,,K562,,,,,,
164066902982405709,RBP ENCODE Control,985619481522401361,EXOSC10_Control_K562_2,false,CLIP,"{'id': 'Hs', 'name': 'Human'}",,ENCFF219CZQ.fastq.gz,Experiment date released: 2023-01-24,size-matched input,,seCLIP,NNNNNNNNNN,GSM8693880,ENCODE,Gene Yeo,,SMInput,,,,,,Gene Yeo,,Illumina HiSeq 4000,,K562,,,,,,
164066902982405709,RBP ENCODE Control,193937259009668492,SDAD1_Control_K562_1,false,CLIP,"{'id': 'Hs', 'name': 'Human'}",,ENCFF953KYZ.fastq.gz,Experiment date released: 2018-08-30; UMI extracted to header,size-matched input,,eCLIP,NNNNNNNNNN,GSM5370168,ENCODE,Gene Yeo,,SMInput,,,,,,Gene Yeo,,Illumina HiSeq 4000,,K562,,,,,,
164066902982405709,RBP ENCODE Control,621243195446805515,PUS1_Control_K562_1,false,CLIP,"{'id': 'Hs', 'name': 'Human'}",,ENCFF586BVD.fastq.gz,Experiment date released: 2016-09-21; UMI extracted to header,size-matched input,,eCLIP,NNNNNNNNNN,GSM2424078,ENCODE,Gene Yeo,,SMInput,,,,,,Gene Yeo,,Illumina HiSeq 4000,,K562,,,,,,
164066902982405709,RBP ENCODE Control,256013637343275927,LIN28B_Control_K562_1,false,CLIP,"{'id': 'Hs', 'name': 'Human'}",,ENCFF870VFV.fastq.gz,Experiment date released: 2015-11-09; UMI extracted to header,size-matched input,,eCLIP,NNNNN,GSM2423432,ENCODE,Gene Yeo,,SMInput,,,,,,Gene Yeo,,Illumina HiSeq 2000,,K562,,,,,,
164066902982405709,RBP ENCODE Control,412056235403751354,EWSR1_Control_K562_1,false,CLIP,"{'id': 'Hs', 'name': 'Human'}",,ENCFF130YYP.fastq.gz,Experiment date released: 2016-04-26; UMI extracted to header,size-matched input,,eCLIP,NNNNNNNNNN,GSM2422952,ENCODE,Gene Yeo,,SMInput,,,,,,Gene Yeo,,Illumina HiSeq 2500,,K562,,,,,,
164066902982405709,RBP ENCODE Control,961275098504850813,DDX55_Control_HepG2_1,false,CLIP,"{'id': 'Hs', 'name': 'Human'}",,ENCFF284VKE.fastq.gz,Experiment date released: 2016-04-26; UMI extracted to header,size-matched input,,eCLIP,NNNNNNNNNN,GSM2423504,ENCODE,Gene Yeo,,SMInput,,,,,,Gene Yeo,,Illumina HiSeq 4000,,HepG2,,,,,,
164066902982405709,RBP ENCODE Control,201710958763083476,SND1_Control_K562_1,false,CLIP,"{'id': 'Hs', 'name': 'Human'}",,ENCFF711IGJ.fastq.gz,Experiment date released: 2015-11-09; UMI extracted to header,size-matched input,,eCLIP,NNNNN,GSM2423477,ENCODE,Gene Yeo,,SMInput,,,,,,Gene Yeo,,Illumina HiSeq 2000,,K562,,,,,,
164066902982405709,RBP ENCODE Control,472983512081298426,CSTF2T_Control_K562_1,false,CLIP,"{'id': 'Hs', 'name': 'Human'}",,ENCFF599GSZ.fastq.gz,Experiment date released: 2015-11-09; UMI extracted to header,size-matched input,,eCLIP,NNNNN,GSM2423895,ENCODE,Gene Yeo,,SMInput,,,,,,Gene Yeo,,Illumina HiSeq 2000,,K562,,,,,,
164066902982405709,RBP ENCODE Control,126490648771573948,GRWD1_Control_HepG2_1,false,CLIP,"{'id': 'Hs', 'name': 'Human'}",,ENCFF138IDT.fastq.gz,Experiment date released: 2016-04-26; UMI extracted to header,size-matched input,,eCLIP,NNNNNNNNNN,GSM2424036,ENCODE,Gene Yeo,,SMInput,,,,,,Gene Yeo,,Illumina HiSeq 4000,,HepG2,,,,,,
164066902982405709,RBP ENCODE Control,112150632438291953,HLTF_Control_HepG2_1,false,CLIP,"{'id': 'Hs', 'name': 'Human'}",,ENCFF816KHR.fastq.gz,Experiment date released: 2018-08-30; UMI extracted to header,size-matched input,,eCLIP,NNNNNNNNNN,GSM5375111,ENCODE,Gene Yeo,,SMInput,,,,,,Gene Yeo,,Illumina HiSeq 4000,,HepG2,,,,,,
164066902982405709,RBP ENCODE Control,345182332165298080,EIF3D_Control_HepG2_1,false,CLIP,"{'id': 'Hs', 'name': 'Human'}",,ENCFF432GMP.fastq.gz,Experiment date released: 2016-04-26; UMI extracted to header,size-matched input,,eCLIP,NNNNNNNNNN,GSM2423922,ENCODE,Gene Yeo,,SMInput,,,,,,Gene Yeo,,Illumina HiSeq 4000,,HepG2,,,,,,
164066902982405709,RBP ENCODE Control,969315275578320392,DDX52_Control_K562_1,false,CLIP,"{'id': 'Hs', 'name': 'Human'}",,ENCFF190PTC.fastq.gz,Experiment date released: 2018-08-30; UMI extracted to header,size-matched input,,eCLIP,NNNNNNNNNN,GSM5379401,ENCODE,Gene Yeo,,SMInput,,,,,,Gene Yeo,,Illumina HiSeq 4000,,K562,,,,,,
164066902982405709,RBP ENCODE Control,171085453695829624,FXR1_Control_K562_3,false,CLIP,"{'id': 'Hs', 'name': 'Human'}",,ENCFF742KQJ.fastq.gz,Experiment date released: 2015-11-09; UMI extracted to header,size-matched input,,eCLIP,NNNNN,GSM2423674,ENCODE,Gene Yeo,,SMInput,,,,,,Gene Yeo,,Illumina HiSeq 2000,,K562,,,,,,
164066902982405709,RBP ENCODE Control,766218417299479948,EEF2_Control_K562_2,false,CLIP,"{'id': 'Hs', 'name': 'Human'}",,ENCFF752CAA.fastq.gz,Experiment date released: 2022-09-12,size-matched input,,seCLIP,NNNNNNNNNN,GSM8693964,ENCODE,Gene Yeo,,SMInput,,,,,,Gene Yeo,,Illumina HiSeq 4000,,K562,,,,,,
164066902982405709,RBP ENCODE Control,562437191587375597,FKBP4_Control_HepG2_1,false,CLIP,"{'id': 'Hs', 'name': 'Human'}",,ENCFF143QIL.fastq.gz,Experiment date released: 2015-07-15; UMI extracted to header,size-matched input,,eCLIP,NNNNN,GSM2423871,ENCODE,Gene Yeo,,SMInput,,,,,,Gene Yeo,,Illumina HiSeq 2000,,HepG2,,,,,,
164066902982405709,RBP ENCODE Control,150239114096490648,DGCR8_Control_adrenalgland_1,false,CLIP,"{'id': 'Hs', 'name': 'Human'}",,ENCFF685SDZ.fastq.gz,Experiment date released: 2017-08-15; UMI extracted to header,size-matched input,,eCLIP,NNNNNNNNNN,GSM5369967,ENCODE,Gene Yeo,,SMInput,,,,,,Gene Yeo,,Illumina HiSeq 4000,,adrenal gland,,,,,,
164066902982405709,RBP ENCODE Control,567725954539116852,APEX1_Control_K562_1,false,CLIP,"{'id': 'Hs', 'name': 'Human'}",,ENCFF795YNY.fastq.gz,Experiment date released: 2022-09-12,size-matched input,,seCLIP,NNNNNNNNNN,GSM8694369,ENCODE,Gene Yeo,,SMInput,,,,,,Gene Yeo,,Illumina NovaSeq 6000,,K562,,,,,,
164066902982405709,RBP ENCODE Control,831994820239306358,LSM11_Control_HepG2_1,false,CLIP,"{'id': 'Hs', 'name': 'Human'}",,ENCFF369YVX.fastq.gz,Experiment date released: 2016-04-26; UMI extracted to header,size-matched input,,eCLIP,NNNNNNNNNN,GSM2423036,ENCODE,Gene Yeo,,SMInput,,,,,,Gene Yeo,,Illumina HiSeq 4000,,HepG2,,,,,,
164066902982405709,RBP ENCODE Control,170878833351827608,SMNDC1_Control_K562_1,false,CLIP,"{'id': 'Hs', 'name': 'Human'}",,ENCFF842VFC.fastq.gz,Experiment date released: 2015-12-16; UMI extracted to header,size-matched input,,eCLIP,NNNNNNNNNN,GSM2423766,ENCODE,Gene Yeo,,SMInput,,,,,,Gene Yeo,,Illumina HiSeq 2500,,K562,,,,,,
164066902982405709,RBP ENCODE Control,779123962301070624,CSTF2T_Control_HepG2_1,false,CLIP,"{'id': 'Hs', 'name': 'Human'}",,ENCFF895RAR.fastq.gz,Experiment date released: 2015-11-09; UMI extracted to header,size-matched input,,eCLIP,NNNNN,GSM2423418,ENCODE,Gene Yeo,,SMInput,,,,,,Gene Yeo,,Illumina HiSeq 2000,,HepG2,,,,,,
164066902982405709,RBP ENCODE Control,154331778177755384,NFX1_Control_K562_1,false,CLIP,"{'id': 'Hs', 'name': 'Human'}",,ENCFF886QJC.fastq.gz,Experiment date released: 2017-11-28; UMI extracted to header,size-matched input,,eCLIP,NNNNNNNNNN,GSM8694039,ENCODE,Gene Yeo,,SMInput,,,,,,Gene Yeo,,Illumina HiSeq 4000,,K562,,,,,,
164066902982405709,RBP ENCODE Control,183749856142469912,SERBP1_Control_K562_1,false,CLIP,"{'id': 'Hs', 'name': 'Human'}",,ENCFF012GQR.fastq.gz,Experiment date released: 2016-09-21; UMI extracted to header,size-matched input,,eCLIP,NNNNNNNNNN,GSM2423917,ENCODE,Gene Yeo,,SMInput,,,,,,Gene Yeo,,Illumina HiSeq 4000,,K562,,,,,,
164066902982405709,RBP ENCODE Control,643426684386143206,FXR1_Control_K562_2,false,CLIP,"{'id': 'Hs', 'name': 'Human'}",,ENCFF705HGN.fastq.gz,Experiment date released: 2022-07-19,size-matched input,,seCLIP,NNNNNNNNNN,GSM8693689,ENCODE,Gene Yeo,,SMInput,,,,,,Gene Yeo,,Illumina NovaSeq 6000,,K562,,,,,,
164066902982405709,RBP ENCODE Control,874266201466951655,DDX6_Control_K562_1,false,CLIP,"{'id': 'Hs', 'name': 'Human'}",,ENCFF510SNL.fastq.gz,Experiment date released: 2016-04-26; UMI extracted to header,size-matched input,,eCLIP,NNNNNNNNNN,GSM2423164,ENCODE,Gene Yeo,,SMInput,,,,,,Gene Yeo,,Illumina HiSeq 4000,,K562,,,,,,
164066902982405709,RBP ENCODE Control,660748602301575868,DDX47_Control_K562_1,false,CLIP,"{'id': 'Hs', 'name': 'Human'}",,ENCFF306KCA.fastq.gz,Experiment date released: 2022-07-19,size-matched input,,seCLIP,NNNNNNNNNN,GSM8693578,ENCODE,Gene Yeo,,SMInput,,,,,,Gene Yeo,,Illumina HiSeq 4000,,K562,,,,,,
164066902982405709,RBP ENCODE Control,268930207398123617,HNRNPL_Control_K562_1,false,CLIP,"{'id': 'Hs', 'name': 'Human'}",,ENCFF862OAB.fastq.gz,Experiment date released: 2017-11-28; UMI extracted to header,size-matched input,,eCLIP,NNNNNNNNNN,GSM5370580,ENCODE,Gene Yeo,,SMInput,,,,,,Gene Yeo,,Illumina HiSeq 4000,,K562,,,,,,
164066902982405709,RBP ENCODE Control,708233191252763528,PTBP1_Control_K562_1,false,CLIP,"{'id': 'Hs', 'name': 'Human'}",,ENCFF960RXN.fastq.gz,Experiment date released: 2015-11-09; UMI extracted to header,size-matched input,,eCLIP,NNNNNNNNNN,GSM2423486,ENCODE,Gene Yeo,,SMInput,,,,,,Gene Yeo,,Illumina HiSeq 2000,,K562,,,,,,
164066902982405709,RBP ENCODE Control,193686123689690848,UTP18_Control_HepG2_1,false,CLIP,"{'id': 'Hs', 'name': 'Human'}",,ENCFF812WIZ.fastq.gz,Experiment date released: 2018-08-30; UMI extracted to header,size-matched input,,eCLIP,NNNNNNNNNN,GSM5374757,ENCODE,Gene Yeo,,SMInput,,,,,,Gene Yeo,,Illumina HiSeq 4000,,HepG2,,,,,,
164066902982405709,RBP ENCODE Control,416829092649414456,UCHL5_Control_K562_1,false,CLIP,"{'id': 'Hs', 'name': 'Human'}",,ENCFF545RPT.fastq.gz,Experiment date released: 2016-08-19; UMI extracted to header,size-matched input,,eCLIP,NNNNNNNNNN,GSM2423916,ENCODE,Gene Yeo,,SMInput,,,,,,Gene Yeo,,Illumina HiSeq 4000,,K562,,,,,,
164066902982405709,RBP ENCODE Control,130292343448132957,SSB_Control_K562_1,false,CLIP,"{'id': 'Hs', 'name': 'Human'}",,ENCFF642QNB.fastq.gz,Experiment date released: 2018-08-30; UMI extracted to header,size-matched input,,eCLIP,NNNNNNNNNN,GSM5378833,ENCODE,Gene Yeo,,SMInput,,,,,,Gene Yeo,,Illumina HiSeq 4000,,K562,,,,,,
164066902982405709,RBP ENCODE Control,373450329432087694,ILF3_Control_K562_1,false,CLIP,"{'id': 'Hs', 'name': 'Human'}",,ENCFF535YZW.fastq.gz,Experiment date released: 2015-11-09; UMI extracted to header,size-matched input,,eCLIP,NNNNN,GSM2423932,ENCODE,Gene Yeo,,SMInput,,,,,,Gene Yeo,,Illumina HiSeq 2000,,K562,,,,,,
164066902982405709,RBP ENCODE Control,124461607966348695,SUPV3L1_Control_HepG2_1,false,CLIP,"{'id': 'Hs', 'name': 'Human'}",,ENCFF708EUI.fastq.gz,Experiment date released: 2016-08-19; UMI extracted to header,size-matched input,,eCLIP,NNNNNNNNNN,GSM2423389,ENCODE,Gene Yeo,,SMInput,,,,,,Gene Yeo,,Illumina HiSeq 4000,,HepG2,,,,,,
164066902982405709,RBP ENCODE Control,118529404075572070,TROVE2_Control_K562_1,false,CLIP,"{'id': 'Hs', 'name': 'Human'}",,ENCFF015EIO.fastq.gz,Experiment date released: 2015-12-16; UMI extracted to header,size-matched input,,eCLIP,NNNNNNNNNN,GSM2423859,ENCODE,Gene Yeo,,SMInput,,,,,,Gene Yeo,,Illumina HiSeq 2500,,K562,,,,,,
164066902982405709,RBP ENCODE Control,701840298949958112,RBFOX2_Control_HepG2_1,false,CLIP,"{'id': 'Hs', 'name': 'Human'}",,ENCFF648TWD.fastq.gz,Experiment date released: 2015-07-15; UMI extracted to header,size-matched input,,eCLIP,NNNNN,GSM2423984,ENCODE,Gene Yeo,,SMInput,,,,,,Gene Yeo,,Illumina HiSeq 2000,,HepG2,,,,,,
164066902982405709,RBP ENCODE Control,168901130004276552,LARP4_Control_HepG2_1,false,CLIP,"{'id': 'Hs', 'name': 'Human'}",,ENCFF649CHF.fastq.gz,Experiment date released: 2016-04-26; UMI extracted to header,size-matched input,,eCLIP,NNNNNNNNNN,GSM2423134,ENCODE,Gene Yeo,,SMInput,,,,,,Gene Yeo,,Illumina HiSeq 4000,,HepG2,,,,,,
164066902982405709,RBP ENCODE Control,706332996262539538,DHX30_Control_HepG2_1,false,CLIP,"{'id': 'Hs', 'name': 'Human'}",,ENCFF342RNA.fastq.gz,Experiment date released: 2016-08-19; UMI extracted to header,size-matched input,,eCLIP,NNNNNNNNNN,GSM2423096,ENCODE,Gene Yeo,,SMInput,,,,,,Gene Yeo,,Illumina HiSeq 4000,,HepG2,,,,,,
164066902982405709,RBP ENCODE Control,633058714707339545,RNF187_Control_K562_1,false,CLIP,"{'id': 'Hs', 'name': 'Human'}",,ENCFF726EOS.fastq.gz,Experiment date released: 2023-01-24,size-matched input,,seCLIP,NNNNNNNNNN,GSM8693871,ENCODE,Gene Yeo,,SMInput,,,,,,Gene Yeo,,Illumina HiSeq 4000,,K562,,,,,,
164066902982405709,RBP ENCODE Control,264447391446333565,FAM120A_Control_HepG2_1,false,CLIP,"{'id': 'Hs', 'name': 'Human'}",,ENCFF903ZBT.fastq.gz,Experiment date released: 2015-11-09; UMI extracted to header,size-matched input,,eCLIP,NNNNN,GSM2424037,ENCODE,Gene Yeo,,SMInput,,,,,,Gene Yeo,,Illumina HiSeq 2000,,HepG2,,,,,,
164066902982405709,RBP ENCODE Control,369248600003230838,TBRG4_Control_HepG2_1,false,CLIP,"{'id': 'Hs', 'name': 'Human'}",,ENCFF312KNQ.fastq.gz,Experiment date released: 2016-04-26; UMI extracted to header,size-matched input,,eCLIP,NNNNNNNNNN,GSM2422972,ENCODE,Gene Yeo,,SMInput,,,,,,Gene Yeo,,Illumina HiSeq 4000,,HepG2,,,,,,
164066902982405709,RBP ENCODE Control,910992071241335256,ABCF1_Control_K562_1,false,CLIP,"{'id': 'Hs', 'name': 'Human'}",,ENCFF039OUK.fastq.gz,Experiment date released: 2018-08-30; UMI extracted to header,size-matched input,,eCLIP,NNNNNNNNNN,GSM5379366,ENCODE,Gene Yeo,,SMInput,,,,,,Gene Yeo,,Illumina HiSeq 4000,,K562,,,,,,
164066902982405709,RBP ENCODE Control,984861799090098330,KHSRP_Control_HepG2_1,false,CLIP,"{'id': 'Hs', 'name': 'Human'}",,ENCFF665FHS.fastq.gz,Experiment date released: 2018-08-30; UMI extracted to header,size-matched input,,eCLIP,NNNNNNNNNN,GSM5374233,ENCODE,Gene Yeo,,SMInput,,,,,,Gene Yeo,,Illumina HiSeq 4000,,HepG2,,,,,,
164066902982405709,RBP ENCODE Control,569836919221488432,HNRNPUL1_Control_K562_1,false,CLIP,"{'id': 'Hs', 'name': 'Human'}",,ENCFF207FLE.fastq.gz,Experiment date released: 2015-11-09; UMI extracted to header,size-matched input,,eCLIP,NNNNN,GSM2423544,ENCODE,Gene Yeo,,SMInput,,,,,,Gene Yeo,,Illumina HiSeq 2000,,K562,,,,,,
164066902982405709,RBP ENCODE Control,428620520925700313,SLTM_Control_K562_1,false,CLIP,"{'id': 'Hs', 'name': 'Human'}",,ENCFF699JUE.fastq.gz,Experiment date released: 2015-07-15; UMI extracted to header,size-matched input,,eCLIP,NNNNN,GSM2424014,ENCODE,Gene Yeo,,SMInput,,,,,,Gene Yeo,,Illumina HiSeq 2000,,K562,,,,,,
164066902982405709,RBP ENCODE Control,270496386924332251,PRPF8_Control_K562_1,false,CLIP,"{'id': 'Hs', 'name': 'Human'}",,ENCFF939HBM.fastq.gz,Experiment date released: 2015-07-15; UMI extracted to header,size-matched input,,eCLIP,NNNNN,GSM2422998,ENCODE,Gene Yeo,,SMInput,,,,,,Gene Yeo,,Illumina HiSeq 2000,,K562,,,,,,
164066902982405709,RBP ENCODE Control,186187560634646938,SRSF1_Control_K562_3,false,CLIP,"{'id': 'Hs', 'name': 'Human'}",,ENCFF376PZO.fastq.gz,Experiment date released: 2015-11-09; UMI extracted to header,size-matched input,,eCLIP,NNNNN,GSM2424166,ENCODE,Gene Yeo,,SMInput,,,,,,Gene Yeo,,Illumina HiSeq 2000,,K562,,,,,,
164066902982405709,RBP ENCODE Control,539950843532376718,RPS3_Control_K562_1,false,CLIP,"{'id': 'Hs', 'name': 'Human'}",,ENCFF672BYS.fastq.gz,Experiment date released: 2017-08-15; UMI extracted to header,size-matched input,,eCLIP,NNNNNNNNNN,GSM5374733,ENCODE,Gene Yeo,,SMInput,,,,,,Gene Yeo,,Illumina HiSeq 4000,,K562,,,,,,
164066902982405709,RBP ENCODE Control,751064210956144540,SMNDC1_Control_HepG2_1,false,CLIP,"{'id': 'Hs', 'name': 'Human'}",,ENCFF993KFQ.fastq.gz,Experiment date released: 2015-11-09; UMI extracted to header,size-matched input,,eCLIP,NNNNNNNNNN,GSM2423414,ENCODE,Gene Yeo,,SMInput,,,,,,Gene Yeo,,Illumina HiSeq 2000,,HepG2,,,,,,
164066902982405709,RBP ENCODE Control,285790097777652235,BUD13_Control_K562_1,false,CLIP,"{'id': 'Hs', 'name': 'Human'}",,ENCFF593CTK.fastq.gz,Experiment date released: 2016-04-26; UMI extracted to header,size-matched input,,eCLIP,NNNNNNNNNN,GSM2423909,ENCODE,Gene Yeo,,SMInput,,,,,,Gene Yeo,,Illumina HiSeq 4000,,K562,,,,,,
164066902982405709,RBP ENCODE Control,868502128579299616,HNRNPA1_Control_K562_1,false,CLIP,"{'id': 'Hs', 'name': 'Human'}",,ENCFF872NAM.fastq.gz,Experiment date released: 2015-07-15; UMI extracted to header,size-matched input,,eCLIP,NNNNN,GSM2424129,ENCODE,Gene Yeo,,SMInput,,,,,,Gene Yeo,,Illumina HiSeq 2000,,K562,,,,,,
164066902982405709,RBP ENCODE Control,892525968540427078,SLBP_Control_K562_1,false,CLIP,"{'id': 'Hs', 'name': 'Human'}",,ENCFF296EON.fastq.gz,Experiment date released: 2015-07-15; UMI extracted to header,size-matched input,,eCLIP,NNNNN,GSM2424189,ENCODE,Gene Yeo,,SMInput,,,,,,Gene Yeo,,Illumina HiSeq 2000,,K562,,,,,,
164066902982405709,RBP ENCODE Control,115527644882808469,TRA2A_Control_K562_1,false,CLIP,"{'id': 'Hs', 'name': 'Human'}",,ENCFF169EQC.fastq.gz,Experiment date released: 2015-07-15; UMI extracted to header,size-matched input,,eCLIP,NNNNN,GSM2423751,ENCODE,Gene Yeo,,SMInput,,,,,,Gene Yeo,,Illumina HiSeq 2000,,K562,,,,,,
164066902982405709,RBP ENCODE Control,961217485666797720,WRN_Control_K562_1,false,CLIP,"{'id': 'Hs', 'name': 'Human'}",,ENCFF137BBS.fastq.gz,Experiment date released: 2018-08-30; UMI extracted to header,size-matched input,,eCLIP,NNNNNNNNNN,GSM5379066,ENCODE,Gene Yeo,,SMInput,,,,,,Gene Yeo,,Illumina HiSeq 4000,,K562,,,,,,
164066902982405709,RBP ENCODE Control,219352974926559341,AKAP1_Control_K562_1,false,CLIP,"{'id': 'Hs', 'name': 'Human'}",,ENCFF317MHT.fastq.gz,Experiment date released: 2018-08-30; UMI extracted to header,size-matched input,,eCLIP,NNNNNNNNNN,GSM5374456,ENCODE,Gene Yeo,,SMInput,,,,,,Gene Yeo,,Illumina HiSeq 4000,,K562,,,,,,
164066902982405709,RBP ENCODE Control,743106720368875335,GRSF1_Control_HepG2_1,false,CLIP,"{'id': 'Hs', 'name': 'Human'}",,ENCFF632IKX.fastq.gz,Experiment date released: 2016-04-26; UMI extracted to header,size-matched input,,eCLIP,NNNNNNNNNN,GSM2423789,ENCODE,Gene Yeo,,SMInput,,,,,,Gene Yeo,,Illumina HiSeq 4000,,HepG2,,,,,,
164066902982405709,RBP ENCODE Control,974342685357873685,U2AF2_Control_HepG2_1,false,CLIP,"{'id': 'Hs', 'name': 'Human'}",,ENCFF939YLN.fastq.gz,Experiment date released: 2015-07-15; UMI extracted to header,size-matched input,,eCLIP,NNNNN,GSM2422931,ENCODE,Gene Yeo,,SMInput,,,,,,Gene Yeo,,Illumina HiSeq 2000,,HepG2,,,,,,
164066902982405709,RBP ENCODE Control,606782181126681412,XRCC6_Control_K562_1,false,CLIP,"{'id': 'Hs', 'name': 'Human'}",,ENCFF018HDR.fastq.gz,Experiment date released: 2016-04-26; UMI extracted to header,size-matched input,,eCLIP,NNNNNNNNNN,GSM2423860,ENCODE,Gene Yeo,,SMInput,,,,,,Gene Yeo,,Illumina HiSeq 4000,,K562,,,,,,
164066902982405709,RBP ENCODE Control,207302066784238985,DDX6_Control_HepG2_1,false,CLIP,"{'id': 'Hs', 'name': 'Human'}",,ENCFF158NBG.fastq.gz,Experiment date released: 2016-04-26; UMI extracted to header,size-matched input,,eCLIP,NNNNNNNNNN,GSM2423007,ENCODE,Gene Yeo,,SMInput,,,,,,Gene Yeo,,Illumina HiSeq 4000,,HepG2,,,,,,
164066902982405709,RBP ENCODE Control,191999174356857821,FMR1_Control_K562_1,false,CLIP,"{'id': 'Hs', 'name': 'Human'}",,ENCFF588ZBP.fastq.gz,Experiment date released: 2022-07-19,size-matched input,,seCLIP,NNNNNNNNNN,GSM8694099,ENCODE,Gene Yeo,,SMInput,,,,,,Gene Yeo,,Illumina NovaSeq 6000,,K562,,,,,,
164066902982405709,RBP ENCODE Control,361996951776425005,PUM2_Control_K562_1,false,CLIP,"{'id': 'Hs', 'name': 'Human'}",,ENCFF495ZPY.fastq.gz,Experiment date released: 2016-04-26; UMI extracted to header,size-matched input,,eCLIP,NNNNNNNNNN,GSM2423483,ENCODE,Gene Yeo,,SMInput,,,,,,Gene Yeo,,Illumina HiSeq 2500,,K562,,,,,,
164066902982405709,RBP ENCODE Control,218141992550760103,UCHL5_Control_HepG2_1,false,CLIP,"{'id': 'Hs', 'name': 'Human'}",,ENCFF269WBT.fastq.gz,Experiment date released: 2016-04-26; UMI extracted to header,size-matched input,,eCLIP,NNNNNNNNNN,GSM2423108,ENCODE,Gene Yeo,,SMInput,,,,,,Gene Yeo,,Illumina HiSeq 4000,,HepG2,,,,,,
164066902982405709,RBP ENCODE Control,285411204686946322,G3BP1_Control_HepG2_1,false,CLIP,"{'id': 'Hs', 'name': 'Human'}",,ENCFF574CCO.fastq.gz,Experiment date released: 2018-08-30; UMI extracted to header,size-matched input,,eCLIP,NNNNNNNNNN,GSM5378938,ENCODE,Gene Yeo,,SMInput,,,,,,Gene Yeo,,Illumina HiSeq 4000,,HepG2,,,,,,
164066902982405709,RBP ENCODE Control,886697791860390245,NCBP2_Control_K562_1,false,CLIP,"{'id': 'Hs', 'name': 'Human'}",,ENCFF093FNE.fastq.gz,Experiment date released: 2016-04-26; UMI extracted to header,size-matched input,,eCLIP,NNNNNNNNNN,GSM2424157,ENCODE,Gene Yeo,,SMInput,,,,,,Gene Yeo,,Illumina HiSeq 4000,,K562,,,,,,
164066902982405709,RBP ENCODE Control,702873188561179335,HLTF_Control_K562_1,false,CLIP,"{'id': 'Hs', 'name': 'Human'}",,ENCFF089OYZ.fastq.gz,Experiment date released: 2016-04-26; UMI extracted to header,size-matched input,,eCLIP,NNNNNNNNNN,GSM2423578,ENCODE,Gene Yeo,,SMInput,,,,,,Gene Yeo,,Illumina HiSeq 4000,,K562,,,,,,
164066902982405709,RBP ENCODE Control,745853840006597788,MORC2_Control_K562_1,false,CLIP,"{'id': 'Hs', 'name': 'Human'}",,ENCFF217VLB.fastq.gz,Experiment date released: 2023-01-24,size-matched input,,seCLIP,NNNNNNNNNN,GSM8693933,ENCODE,Gene Yeo,,SMInput,,,,,,Gene Yeo,,Illumina HiSeq 4000,,K562,,,,,,
164066902982405709,RBP ENCODE Control,793521792298231497,SF3B4_Control_HepG2_1,false,CLIP,"{'id': 'Hs', 'name': 'Human'}",,ENCFF673XBX.fastq.gz,Experiment date released: 2015-11-09; UMI extracted to header,size-matched input,,eCLIP,NNNNN,GSM2424101,ENCODE,Gene Yeo,,SMInput,,,,,,Gene Yeo,,Illumina HiSeq 2000,,HepG2,,,,,,
164066902982405709,RBP ENCODE Control,346415880470082811,SRSF7_Control_K562_1,false,CLIP,"{'id': 'Hs', 'name': 'Human'}",,ENCFF770WMT.fastq.gz,Experiment date released: 2016-04-26; UMI extracted to header,size-matched input,,eCLIP,NNNNNNNNNN,GSM2423091,ENCODE,Gene Yeo,,SMInput,,,,,,Gene Yeo,,Illumina HiSeq 2500,,K562,,,,,,
164066902982405709,RBP ENCODE Control,378270915120913606,RPL23A_Control_HepG2_1,false,CLIP,"{'id': 'Hs', 'name': 'Human'}",,ENCFF324PPQ.fastq.gz,Experiment date released: 2017-12-03; UMI extracted to header,size-matched input,,eCLIP,NNNNNNNNNN,GSM8693829,ENCODE,Gene Yeo,,SMInput,,,,,,Gene Yeo,,Illumina HiSeq 4000,,HepG2,,,,,,
164066902982405709,RBP ENCODE Control,361153410760697948,KHDRBS1_Control_K562_1,false,CLIP,"{'id': 'Hs', 'name': 'Human'}",,ENCFF949DMR.fastq.gz,Experiment date released: 2015-11-09; UMI extracted to header,size-matched input,,eCLIP,NNNNNNNNNN,GSM2423146,ENCODE,Gene Yeo,,SMInput,,,,,,Gene Yeo,,Illumina HiSeq 2000,,K562,,,,,,
164066902982405709,RBP ENCODE Control,802458092719703373,IGF2BP2_Control_K562_1,false,CLIP,"{'id': 'Hs', 'name': 'Human'}",,ENCFF610LIH.fastq.gz,Experiment date released: 2015-07-15; UMI extracted to header,size-matched input,,eCLIP,NNNNN,GSM2423409,ENCODE,Gene Yeo,,SMInput,,,,,,Gene Yeo,,Illumina HiSeq 2000,,K562,,,,,,
164066902982405709,RBP ENCODE Control,414190886083026733,HNRNPK_Control_K562_3,false,CLIP,"{'id': 'Hs', 'name': 'Human'}",,ENCFF280QZL.fastq.gz,Experiment date released: 2015-11-09; UMI extracted to header,size-matched input,,eCLIP,NNNNN,GSM2423839,ENCODE,Gene Yeo,,SMInput,,,,,,Gene Yeo,,Illumina HiSeq 2000,,K562,,,,,,
164066902982405709,RBP ENCODE Control,150612124694967945,LIN28B_Control_HepG2_1,false,CLIP,"{'id': 'Hs', 'name': 'Human'}",,ENCFF436NGE.fastq.gz,Experiment date released: 2015-11-09; UMI extracted to header,size-matched input,,eCLIP,NNNNNNNNNN,GSM2423914,ENCODE,Gene Yeo,,SMInput,,,,,,Gene Yeo,,Illumina HiSeq 2000,,HepG2,,,,,,
164066902982405709,RBP ENCODE Control,579287054208225262,ELAC2_Control_K562_1,false,CLIP,"{'id': 'Hs', 'name': 'Human'}",,ENCFF676OKA.fastq.gz,Experiment date released: 2023-01-24,size-matched input,,seCLIP,NNNNNNNNNN,GSM8693941,ENCODE,Gene Yeo,,SMInput,,,,,,Gene Yeo,,Illumina HiSeq 4000,,K562,,,,,,
164066902982405709,RBP ENCODE Control,485853024269761268,SRSF9_Control_K562_1,false,CLIP,"{'id': 'Hs', 'name': 'Human'}",,ENCFF447ZUQ.fastq.gz,Experiment date released: 2022-07-19,size-matched input,,seCLIP,NNNNNNNNNN,GSM8693826,ENCODE,Gene Yeo,,SMInput,,,,,,Gene Yeo,,Illumina HiSeq 4000,,K562,,,,,,
164066902982405709,RBP ENCODE Control,998988396577140162,NIPBL_Control_K562_1,false,CLIP,"{'id': 'Hs', 'name': 'Human'}",,ENCFF835HJQ.fastq.gz,Experiment date released: 2018-08-30; UMI extracted to header,size-matched input,,eCLIP,NNNNNNNNNN,GSM5379002,ENCODE,Gene Yeo,,SMInput,,,,,,Gene Yeo,,Illumina HiSeq 4000,,K562,,,,,,
164066902982405709,RBP ENCODE Control,105133401514496500,EFTUD2_Control_K562_1,false,CLIP,"{'id': 'Hs', 'name': 'Human'}",,ENCFF480DFF.fastq.gz,Experiment date released: 2016-04-26; UMI extracted to header,size-matched input,,eCLIP,NNNNNNNNNN,GSM2423234,ENCODE,Gene Yeo,,SMInput,,,,,,Gene Yeo,,Illumina HiSeq 4000,,K562,,,,,,
164066902982405709,RBP ENCODE Control,345428283846832596,AATF_Control_K562_1,false,CLIP,"{'id': 'Hs', 'name': 'Human'}",,ENCFF440KLK.fastq.gz,Experiment date released: 2018-08-30; UMI extracted to header,size-matched input,,eCLIP,NNNNNNNNNN,GSM5370543,ENCODE,Gene Yeo,,SMInput,,,,,,Gene Yeo,,Illumina HiSeq 4000,,K562,,,,,,
164066902982405709,RBP ENCODE Control,137322374805069858,RPS5_Control_K562_1,false,CLIP,"{'id': 'Hs', 'name': 'Human'}",,ENCFF881RLL.fastq.gz,Experiment date released: 2016-04-26; UMI extracted to header,size-matched input,,eCLIP,NNNNNNNNNN,GSM2423556,ENCODE,Gene Yeo,,SMInput,,,,,,Gene Yeo,,Illumina HiSeq 4000,,K562,,,,,,
164066902982405709,RBP ENCODE Control,557595900460515760,SF3A3_Control_HepG2_1,false,CLIP,"{'id': 'Hs', 'name': 'Human'}",,ENCFF370RMU.fastq.gz,Experiment date released: 2015-11-09; UMI extracted to header,size-matched input,,eCLIP,NNNNNNNNNN,GSM2424054,ENCODE,Gene Yeo,,SMInput,,,,,,Gene Yeo,,Illumina HiSeq 2000,,HepG2,,,,,,
164066902982405709,RBP ENCODE Control,334135879220072432,PUM1_Control_K562_1,false,CLIP,"{'id': 'Hs', 'name': 'Human'}",,ENCFF294VPI.fastq.gz,Experiment date released: 2018-08-30; UMI extracted to header,size-matched input,,eCLIP,NNNNNNNNNN,GSM5379137,ENCODE,Gene Yeo,,SMInput,,,,,,Gene Yeo,,Illumina HiSeq 4000,,K562,,,,,,
164066902982405709,RBP ENCODE Control,490020297976638360,BUD13_Control_HepG2_1,false,CLIP,"{'id': 'Hs', 'name': 'Human'}",,ENCFF582HAW.fastq.gz,Experiment date released: 2015-12-15; UMI extracted to header,size-matched input,,eCLIP,NNNNNNNNNN,GSM2423961,ENCODE,Gene Yeo,,SMInput,,,,,,Gene Yeo,,Illumina HiSeq 4000,,HepG2,,,,,,
164066902982405709,RBP ENCODE Control,875850914532267692,RBM22_Control_K562_1,false,CLIP,"{'id': 'Hs', 'name': 'Human'}",,ENCFF135PIG.fastq.gz,Experiment date released: 2015-11-09; UMI extracted to header,size-matched input,,eCLIP,NNNNN,GSM2423348,ENCODE,Gene Yeo,,SMInput,,,,,,Gene Yeo,,Illumina HiSeq 2000,,K562,,,,,,
164066902982405709,RBP ENCODE Control,502012621358937395,XRN2_Control_K562_1,false,CLIP,"{'id': 'Hs', 'name': 'Human'}",,ENCFF449OPY.fastq.gz,Experiment date released: 2015-07-15; UMI extracted to header,size-matched input,,eCLIP,NNNNN,GSM2423117,ENCODE,Gene Yeo,,SMInput,,,,,,Gene Yeo,,Illumina HiSeq 2000,,K562,,,,,,
164066902982405709,RBP ENCODE Control,683277061430160266,PPIG_Control_HepG2_1,false,CLIP,"{'id': 'Hs', 'name': 'Human'}",,ENCFF469MCT.fastq.gz,Experiment date released: 2016-04-26; UMI extracted to header,size-matched input,,eCLIP,NNNNNNNNNN,GSM2423487,ENCODE,Gene Yeo,,SMInput,,,,,,Gene Yeo,,Illumina HiSeq 4000,,HepG2,,,,,,
164066902982405709,RBP ENCODE Control,434519445116866009,TAF15_Control_HepG2_1,false,CLIP,"{'id': 'Hs', 'name': 'Human'}",,ENCFF612XKJ.fastq.gz,Experiment date released: 2015-11-09; UMI extracted to header,size-matched input,,eCLIP,NNNNNNNNNN,GSM2423878,ENCODE,Gene Yeo,,SMInput,,,,,,Gene Yeo,,Illumina HiSeq 2000,,HepG2,,,,,,
164066902982405709,RBP ENCODE Control,146074676766344917,ILF3_Control_HepG2_1,false,CLIP,"{'id': 'Hs', 'name': 'Human'}",,ENCFF500NQE.fastq.gz,Experiment date released: 2016-08-19; UMI extracted to header,size-matched input,,eCLIP,NNNNNNNNNN,GSM2422966,ENCODE,Gene Yeo,,SMInput,,,,,,Gene Yeo,,Illumina HiSeq 4000,,HepG2,,,,,,
164066902982405709,RBP ENCODE Control,339931544227654512,ZNF800_Control_HepG2_1,false,CLIP,"{'id': 'Hs', 'name': 'Human'}",,ENCFF362SXF.fastq.gz,Experiment date released: 2018-08-30; UMI extracted to header,size-matched input,,eCLIP,NNNNNNNNNN,GSM5375505,ENCODE,Gene Yeo,,SMInput,,,,,,Gene Yeo,,Illumina HiSeq 4000,,HepG2,,,,,,
164066902982405709,RBP ENCODE Control,927549166347275127,PTBP1_Control_HepG2_1,false,CLIP,"{'id': 'Hs', 'name': 'Human'}",,ENCFF583UFX.fastq.gz,Experiment date released: 2016-09-21; UMI extracted to header,size-matched input,,eCLIP,NNNNNNNNNN,GSM2423482,ENCODE,Gene Yeo,,SMInput,,,,,,Gene Yeo,,Illumina HiSeq 4000,,HepG2,,,,,,
164066902982405709,RBP ENCODE Control,902386887734105482,FAM120A_Control_K562_1,false,CLIP,"{'id': 'Hs', 'name': 'Human'}",,ENCFF897LLL.fastq.gz,Experiment date released: 2015-11-09; UMI extracted to header,size-matched input,,eCLIP,NNNNN,GSM2424000,ENCODE,Gene Yeo,,SMInput,,,,,,Gene Yeo,,Illumina HiSeq 2000,,K562,,,,,,
164066902982405709,RBP ENCODE Control,420237564757329801,PCBP1_Control_HepG2_1,false,CLIP,"{'id': 'Hs', 'name': 'Human'}",,ENCFF468VDU.fastq.gz,Experiment date released: 2018-08-30; UMI extracted to header,size-matched input,,eCLIP,NNNNNNNNNN,GSM5379059,ENCODE,Gene Yeo,,SMInput,,,,,,Gene Yeo,,Illumina HiSeq 4000,,HepG2,,,,,,
164066902982405709,RBP ENCODE Control,933040583454265794,SDAD1_Control_HepG2_1,false,CLIP,"{'id': 'Hs', 'name': 'Human'}",,ENCFF908FHY.fastq.gz,Experiment date released: 2018-08-30; UMI extracted to header,size-matched input,,eCLIP,NNNNNNNNNN,GSM5369935,ENCODE,Gene Yeo,,SMInput,,,,,,Gene Yeo,,Illumina HiSeq 4000,,HepG2,,,,,,
164066902982405709,RBP ENCODE Control,350742252162872140,DDX59_Control_HepG2_1,false,CLIP,"{'id': 'Hs', 'name': 'Human'}",,ENCFF678SWO.fastq.gz,Experiment date released: 2016-10-31; UMI extracted to header,size-matched input,,eCLIP,NNNNNNNNNN,GSM2423334,ENCODE,Gene Yeo,,SMInput,,,,,,Gene Yeo,,Illumina HiSeq 4000,,HepG2,,,,,,
164066902982405709,RBP ENCODE Control,217496004822266629,HNRNPUL1_Control_HepG2_1,false,CLIP,"{'id': 'Hs', 'name': 'Human'}",,ENCFF382BPZ.fastq.gz,Experiment date released: 2015-11-09; UMI extracted to header,size-matched input,,eCLIP,NNNNN,GSM2423792,ENCODE,Gene Yeo,,SMInput,,,,,,Gene Yeo,,Illumina HiSeq 2000,,HepG2,,,,,,
164066902982405709,RBP ENCODE Control,536509674397148879,LARP7_Control_HepG2_1,false,CLIP,"{'id': 'Hs', 'name': 'Human'}",,ENCFF076AKR.fastq.gz,Experiment date released: 2015-11-09; UMI extracted to header,size-matched input,,eCLIP,NNNNN,GSM2422995,ENCODE,Gene Yeo,,SMInput,,,,,,Gene Yeo,,Illumina HiSeq 2000,,HepG2,,,,,,
164066902982405709,RBP ENCODE Control,844187671820342635,HNRNPC_Control_K562_1,false,CLIP,"{'id': 'Hs', 'name': 'Human'}",,ENCFF143NLE.fastq.gz,Experiment date released: 2018-08-30; UMI extracted to header,size-matched input,,eCLIP,NNNNNNNNNN,GSM5379318,ENCODE,Gene Yeo,,SMInput,,,,,,Gene Yeo,,Illumina HiSeq 4000,,K562,,,,,,
164066902982405709,RBP ENCODE Control,195992901181475206,U2AF2_Control_K562_1,false,CLIP,"{'id': 'Hs', 'name': 'Human'}",,ENCFF303MYY.fastq.gz,Experiment date released: 2015-07-15; UMI extracted to header,size-matched input,,eCLIP,NNNNN,GSM2424079,ENCODE,Gene Yeo,,SMInput,,,,,,Gene Yeo,,Illumina HiSeq 2000,,K562,,,,,,
164066902982405709,RBP ENCODE Control,520317157985519275,STAU2_Control_HepG2_1,false,CLIP,"{'id': 'Hs', 'name': 'Human'}",,ENCFF053PON.fastq.gz,Experiment date released: 2018-08-30; UMI extracted to header,size-matched input,,eCLIP,NNNNNNNNNN,GSM5375057,ENCODE,Gene Yeo,,SMInput,,,,,,Gene Yeo,,Illumina HiSeq 4000,,HepG2,,,,,,
164066902982405709,RBP ENCODE Control,943628319243719712,NPM1_Control_K562_1,false,CLIP,"{'id': 'Hs', 'name': 'Human'}",,ENCFF209VJW.fastq.gz,Experiment date released: 2015-11-09; UMI extracted to header,size-matched input,,eCLIP,NNNNNNNNNN,GSM2423531,ENCODE,Gene Yeo,,SMInput,,,,,,Gene Yeo,,Illumina HiSeq 2000,,K562,,,,,,
164066902982405709,RBP ENCODE Control,112446692381525752,EXOSC10_Control_K562_1,false,CLIP,"{'id': 'Hs', 'name': 'Human'}",,ENCFF341UTP.fastq.gz,Experiment date released: 2023-01-24,size-matched input,,seCLIP,NNNNNNNNNN,GSM8693879,ENCODE,Gene Yeo,,SMInput,,,,,,Gene Yeo,,Illumina HiSeq 4000,,K562,,,,,,
164066902982405709,RBP ENCODE Control,363375145668350791,ADAT1_Control_K562_2,false,CLIP,"{'id': 'Hs', 'name': 'Human'}",,ENCFF806NSC.fastq.gz,Experiment date released: 2023-01-24,size-matched input,,seCLIP,NNNNNNNNNN,GSM8693945,ENCODE,Gene Yeo,,SMInput,,,,,,Gene Yeo,,Illumina HiSeq 4000,,K562,,,,,,
164066902982405709,RBP ENCODE Control,191808519813223609,POLR2G_Control_K562_1,false,CLIP,"{'id': 'Hs', 'name': 'Human'}",,ENCFF553THP.fastq.gz,Experiment date released: 2017-11-28; UMI extracted to header,size-matched input,,eCLIP,NNNNNNNNNN,GSM8694033,ENCODE,Gene Yeo,,SMInput,,,,,,Gene Yeo,,Illumina HiSeq 4000,,K562,,,,,,
164066902982405709,RBP ENCODE Control,890964959557872280,TARDBP_Control_HepG2_2,false,CLIP,"{'id': 'Hs', 'name': 'Human'}",,ENCFF037ICH.fastq.gz,Experiment date released: 2022-12-17,size-matched input,,seCLIP,NNNNNNNNNN,GSM8693886,ENCODE,Gene Yeo,,SMInput,,,,,,Gene Yeo,,Illumina HiSeq 4000,,HepG2,,,,,,
164066902982405709,RBP ENCODE Control,656854816418829491,HNRNPA1_Control_HepG2_1,false,CLIP,"{'id': 'Hs', 'name': 'Human'}",,ENCFF483JSE.fastq.gz,Experiment date released: 2015-07-15; UMI extracted to header,size-matched input,,eCLIP,NNNNN,GSM2423032,ENCODE,Gene Yeo,,SMInput,,,,,,Gene Yeo,,Illumina HiSeq 2000,,HepG2,,,,,,
164066902982405709,RBP ENCODE Control,704408345561139402,HNRNPK_Control_K562_2,false,CLIP,"{'id': 'Hs', 'name': 'Human'}",,ENCFF398TVO.fastq.gz,Experiment date released: 2022-07-19,size-matched input,,seCLIP,NNNNNNNNNN,GSM8693712,ENCODE,Gene Yeo,,SMInput,,,,,,Gene Yeo,,Illumina HiSeq 4000,,K562,,,,,,
164066902982405709,RBP ENCODE Control,801256214171231443,YBX3_Control_K562_1,false,CLIP,"{'id': 'Hs', 'name': 'Human'}",,ENCFF131CGH.fastq.gz,Experiment date released: 2016-04-26; UMI extracted to header,size-matched input,,eCLIP,NNNNNNNNNN,GSM2423823,ENCODE,Gene Yeo,,SMInput,,,,,,Gene Yeo,,Illumina HiSeq 4000,,K562,,,,,,
164066902982405709,RBP ENCODE Control,356860952186835170,SUGP2_Control_HepG2_1,false,CLIP,"{'id': 'Hs', 'name': 'Human'}",,ENCFF598EKW.fastq.gz,Experiment date released: 2016-08-19; UMI extracted to header,size-matched input,,eCLIP,NNNNNNNNNN,GSM2424124,ENCODE,Gene Yeo,,SMInput,,,,,,Gene Yeo,,Illumina HiSeq 4000,,HepG2,,,,,,
164066902982405709,RBP ENCODE Control,514599146333832682,RBM5_Control_HepG2_1,false,CLIP,"{'id': 'Hs', 'name': 'Human'}",,ENCFF021GAP.fastq.gz,Experiment date released: 2017-08-15; UMI extracted to header,size-matched input,,eCLIP,NNNNNNNNNN,GSM5374127,ENCODE,Gene Yeo,,SMInput,,,,,,Gene Yeo,,Illumina HiSeq 4000,,HepG2,,,,,,
164066902982405709,RBP ENCODE Control,523523055799809742,EIF4E_Control_K562_1,false,CLIP,"{'id': 'Hs', 'name': 'Human'}",,ENCFF740PDL.fastq.gz,Experiment date released: 2022-07-19,size-matched input,,seCLIP,NNNNNNNNNN,GSM8694393,ENCODE,Gene Yeo,,SMInput,,,,,,Gene Yeo,,Illumina HiSeq 4000,,K562,,,,,,
164066902982405709,RBP ENCODE Control,531833725912815955,IGF2BP1_Control_K562_1,false,CLIP,"{'id': 'Hs', 'name': 'Human'}",,ENCFF672RWL.fastq.gz,Experiment date released: 2015-07-15; UMI extracted to header,size-matched input,,eCLIP,NNNNN,GSM2423058,ENCODE,Gene Yeo,,SMInput,,,,,,Gene Yeo,,Illumina HiSeq 2000,,K562,,,,,,
164066902982405709,RBP ENCODE Control,679898009043869379,GARS_Control_K562_2,false,CLIP,"{'id': 'Hs', 'name': 'Human'}",,ENCFF079TBA.fastq.gz,Experiment date released: 2022-07-19,size-matched input,,seCLIP,NNNNNNNNNN,GSM8693848,ENCODE,Gene Yeo,,SMInput,,,,,,Gene Yeo,,Illumina HiSeq 4000,,K562,,,,,,
164066902982405709,RBP ENCODE Control,784465653400714159,ZNF622_Control_K562_1,false,CLIP,"{'id': 'Hs', 'name': 'Human'}",,ENCFF795SBP.fastq.gz,Experiment date released: 2016-04-26; UMI extracted to header,size-matched input,,eCLIP,NNNNNNNNNN,GSM2423719,ENCODE,Gene Yeo,,SMInput,,,,,,Gene Yeo,,Illumina HiSeq 4000,,K562,,,,,,
164066902982405709,RBP ENCODE Control,717449368088338801,GEMIN5_Control_K562_1,false,CLIP,"{'id': 'Hs', 'name': 'Human'}",,ENCFF381NWX.fastq.gz,Experiment date released: 2016-09-21; UMI extracted to header,size-matched input,,eCLIP,NNNNNNNNNN,GSM2423350,ENCODE,Gene Yeo,,SMInput,,,,,,Gene Yeo,,Illumina HiSeq 4000,,K562,,,,,,
164066902982405709,RBP ENCODE Control,539298765147949863,SRSF1_Control_HepG2_1,false,CLIP,"{'id': 'Hs', 'name': 'Human'}",,ENCFF831COI.fastq.gz,Experiment date released: 2015-11-09; UMI extracted to header,size-matched input,,eCLIP,NNNNN,GSM2423577,ENCODE,Gene Yeo,,SMInput,,,,,,Gene Yeo,,Illumina HiSeq 2000,,HepG2,,,,,,
164066902982405709,RBP ENCODE Control,515053524678422023,RBFOX2_Control_K562_1,false,CLIP,"{'id': 'Hs', 'name': 'Human'}",,ENCFF492QZU.fastq.gz,Experiment date released: 2016-09-21; UMI extracted to header,size-matched input,,eCLIP,NNNNNNNNNN,GSM2422933,ENCODE,Gene Yeo,,SMInput,,,,,,Gene Yeo,,Illumina HiSeq 4000,,K562,,,,,,
164066902982405709,RBP ENCODE Control,426161702998842937,FXR1_Control_K562_1,false,CLIP,"{'id': 'Hs', 'name': 'Human'}",,ENCFF991BGJ.fastq.gz,Experiment date released: 2022-07-19,size-matched input,,seCLIP,NNNNNNNNNN,GSM8693688,ENCODE,Gene Yeo,,SMInput,,,,,,Gene Yeo,,Illumina NovaSeq 6000,,K562,,,,,,
164066902982405709,RBP ENCODE Control,524761782618287576,SRSF1_Control_K562_2,false,CLIP,"{'id': 'Hs', 'name': 'Human'}",,ENCFF354CYD.fastq.gz,Experiment date released: 2022-12-17,size-matched input,,seCLIP,NNNNNNNNNN,GSM8694403,ENCODE,Gene Yeo,,SMInput,,,,,,Gene Yeo,,Illumina HiSeq 4000,,K562,,,,,,
164066902982405709,RBP ENCODE Control,422255987029336361,SAFB2_Control_K562_1,false,CLIP,"{'id': 'Hs', 'name': 'Human'}",,ENCFF598NHN.fastq.gz,Experiment date released: 2015-07-15; UMI extracted to header,size-matched input,,eCLIP,NNNNN,GSM2424222,ENCODE,Gene Yeo,,SMInput,,,,,,Gene Yeo,,Illumina HiSeq 2000,,K562,,,,,,
164066902982405709,RBP ENCODE Control,130396746499502384,SLTM_Control_HepG2_1,false,CLIP,"{'id': 'Hs', 'name': 'Human'}",,ENCFF489KGX.fastq.gz,Experiment date released: 2015-11-09; UMI extracted to header,size-matched input,,eCLIP,NNNNN,GSM2423840,ENCODE,Gene Yeo,,SMInput,,,,,,Gene Yeo,,Illumina HiSeq 2000,,HepG2,,,,,,
164066902982405709,RBP ENCODE Control,898386998720085358,RPS6_Control_K562_2,false,CLIP,"{'id': 'Hs', 'name': 'Human'}",,ENCFF977OER.fastq.gz,Experiment date released: 2022-07-19,size-matched input,,seCLIP,NNNNNNNNNN,GSM8694351,ENCODE,Gene Yeo,,SMInput,,,,,,Gene Yeo,,Illumina HiSeq 4000,,K562,,,,,,
164066902982405709,RBP ENCODE Control,221662460537958537,IGF2BP3_Control_HepG2_1,false,CLIP,"{'id': 'Hs', 'name': 'Human'}",,ENCFF843CUY.fastq.gz,Experiment date released: 2015-07-15; UMI extracted to header,size-matched input,,eCLIP,NNNNN,GSM2422959,ENCODE,Gene Yeo,,SMInput,,,,,,Gene Yeo,,Illumina HiSeq 2000,,HepG2,,,,,,
164066902982405709,RBP ENCODE Control,219050496042516340,BCLAF1_Control_HepG2_1,false,CLIP,"{'id': 'Hs', 'name': 'Human'}",,ENCFF173AOK.fastq.gz,Experiment date released: 2018-08-30; UMI extracted to header,size-matched input,,eCLIP,NNNNNNNNNN,GSM5369917,ENCODE,Gene Yeo,,SMInput,,,,,,Gene Yeo,,Illumina HiSeq 4000,,HepG2,,,,,,
164066902982405709,RBP ENCODE Control,682472590198106802,TAF15_Control_K562_1,false,CLIP,"{'id': 'Hs', 'name': 'Human'}",,ENCFF895IJH.fastq.gz,Experiment date released: 2015-11-09; UMI extracted to header,size-matched input,,eCLIP,NNNNN,GSM2423805,ENCODE,Gene Yeo,,SMInput,,,,,,Gene Yeo,,Illumina HiSeq 2000,,K562,,,,,,
164066902982405709,RBP ENCODE Control,328218282424950162,IGF2BP1_Control_HepG2_1,false,CLIP,"{'id': 'Hs', 'name': 'Human'}",,ENCFF389YBN.fastq.gz,Experiment date released: 2015-07-15; UMI extracted to header,size-matched input,,eCLIP,NNNNN,GSM2423161,ENCODE,Gene Yeo,,SMInput,,,,,,Gene Yeo,,Illumina HiSeq 2000,,HepG2,,,,,,
164066902982405709,RBP ENCODE Control,372736517235417640,EEF2_Control_K562_1,false,CLIP,"{'id': 'Hs', 'name': 'Human'}",,ENCFF329GEK.fastq.gz,Experiment date released: 2022-09-12,size-matched input,,seCLIP,NNNNNNNNNN,GSM8693965,ENCODE,Gene Yeo,,SMInput,,,,,,Gene Yeo,,Illumina HiSeq 4000,,K562,,,,,,
164066902982405709,RBP ENCODE Control,523380865270643681,EIF3G_Control_K562_1,false,CLIP,"{'id': 'Hs', 'name': 'Human'}",,ENCFF743HXX.fastq.gz,Experiment date released: 2018-08-30; UMI extracted to header,size-matched input,,eCLIP,NNNNNNNNNN,GSM5378619,ENCODE,Gene Yeo,,SMInput,,,,,,Gene Yeo,,Illumina HiSeq 4000,,K562,,,,,,
164066902982405709,RBP ENCODE Control,769102182518907502,EIF3H_Control_HepG2_1,false,CLIP,"{'id': 'Hs', 'name': 'Human'}",,ENCFF901JEH.fastq.gz,Experiment date released: 2017-08-15; UMI extracted to header,size-matched input,,eCLIP,NNNNNNNNNN,GSM5378598,ENCODE,Gene Yeo,,SMInput,,,,,,Gene Yeo,,Illumina HiSeq 4000,,HepG2,,,,,,
164066902982405709,RBP ENCODE Control,834724387308949753,ZNF800_Control_K562_1,false,CLIP,"{'id': 'Hs', 'name': 'Human'}",,ENCFF034ROO.fastq.gz,Experiment date released: 2018-08-30; UMI extracted to header,size-matched input,,eCLIP,NNNNNNNNNN,GSM5375419,ENCODE,Gene Yeo,,SMInput,,,,,,Gene Yeo,,Illumina HiSeq 4000,,K562,,,,,,
164066902982405709,RBP ENCODE Control,245966473766271424,NOLC1_Control_HepG2_1,false,CLIP,"{'id': 'Hs', 'name': 'Human'}",,ENCFF134DMB.fastq.gz,Experiment date released: 2017-11-19; UMI extracted to header,size-matched input,,eCLIP,NNNNNNNNNN,GSM5370457,ENCODE,Gene Yeo,,SMInput,,,,,,Gene Yeo,,Illumina HiSeq 4000,,HepG2,,,,,,
164066902982405709,RBP ENCODE Control,757109301207036853,ZC3H11A_Control_K562_1,false,CLIP,"{'id': 'Hs', 'name': 'Human'}",,ENCFF721JZR.fastq.gz,Experiment date released: 2017-12-03; UMI extracted to header,size-matched input,,eCLIP,NNNNNNNNNN,GSM5374081,ENCODE,Gene Yeo,,SMInput,,,,,,Gene Yeo,,Illumina HiSeq 4000,,K562,,,,,,
164066902982405709,RBP ENCODE Control,443354441121145799,PCBP1_Control_K562_1,false,CLIP,"{'id': 'Hs', 'name': 'Human'}",,ENCFF747VRT.fastq.gz,Experiment date released: 2018-08-30; UMI extracted to header,size-matched input,,eCLIP,NNNNNNNNNN,GSM5374084,ENCODE,Gene Yeo,,SMInput,,,,,,Gene Yeo,,Illumina HiSeq 4000,,K562,,,,,,
164066902982405709,RBP ENCODE Control,491249549595275048,NIP7_Control_HepG2_1,false,CLIP,"{'id': 'Hs', 'name': 'Human'}",,ENCFF023VWU.fastq.gz,Experiment date released: 2018-08-30; UMI extracted to header,size-matched input,,eCLIP,NNNNNNNNNN,GSM5370010,ENCODE,Gene Yeo,,SMInput,,,,,,Gene Yeo,,Illumina HiSeq 4000,,HepG2,,,,,,
164066902982405709,RBP ENCODE Control,228496723741213464,U2AF1_Control_HepG2_1,false,CLIP,"{'id': 'Hs', 'name': 'Human'}",,ENCFF189CPD.fastq.gz,Experiment date released: 2015-07-15; UMI extracted to header,size-matched input,,eCLIP,NNNNN,GSM2424178,ENCODE,Gene Yeo,,SMInput,,,,,,Gene Yeo,,Illumina HiSeq 2000,,HepG2,,,,,,
164066902982405709,RBP ENCODE Control,554296587327025189,PRPF8_Control_HepG2_1,false,CLIP,"{'id': 'Hs', 'name': 'Human'}",,ENCFF025IVF.fastq.gz,Experiment date released: 2015-11-09; UMI extracted to header,size-matched input,,eCLIP,NNNNN,GSM2423679,ENCODE,Gene Yeo,,SMInput,,,,,,Gene Yeo,,Illumina HiSeq 2000,,HepG2,,,,,,
164066902982405709,RBP ENCODE Control,193383060325499052,TNRC6A_Control_HepG2_1,false,CLIP,"{'id': 'Hs', 'name': 'Human'}",,ENCFF410LTZ.fastq.gz,Experiment date released: 2017-11-28; UMI extracted to header,size-matched input,,eCLIP,NNNNNNNNNN,GSM8693812,ENCODE,Gene Yeo,,SMInput,,,,,,Gene Yeo,,Illumina HiSeq 2000,,HepG2,,,,,,
164066902982405709,RBP ENCODE Control,686958915022392375,HNRNPU_Control_HepG2_1,false,CLIP,"{'id': 'Hs', 'name': 'Human'}",,ENCFF149QMI.fastq.gz,Experiment date released: 2015-07-15; UMI extracted to header,size-matched input,,eCLIP,NNNNN,GSM2423741,ENCODE,Gene Yeo,,SMInput,,,,,,Gene Yeo,,Illumina HiSeq 2000,,HepG2,,,,,,
164066902982405709,RBP ENCODE Control,149934639621412957,SAFB_Control_HepG2_1,false,CLIP,"{'id': 'Hs', 'name': 'Human'}",,ENCFF184MJQ.fastq.gz,Experiment date released: 2018-08-30; UMI extracted to header,size-matched input,,eCLIP,NNNNNNNNNN,GSM5374447,ENCODE,Gene Yeo,,SMInput,,,,,,Gene Yeo,,Illumina HiSeq 4000,,HepG2,,,,,,
164066902982405709,RBP ENCODE Control,855035461993321997,GNL3_Control_K562_1,false,CLIP,"{'id': 'Hs', 'name': 'Human'}",,ENCFF892UQR.fastq.gz,Experiment date released: 2015-11-09; UMI extracted to header,size-matched input,,eCLIP,NNNNNNNNNN,GSM2424218,ENCODE,Gene Yeo,,SMInput,,,,,,Gene Yeo,,Illumina HiSeq 2000,,K562,,,,,,
164066902982405709,RBP ENCODE Control,926405040253180338,RPS10_Control_K562_2,false,CLIP,"{'id': 'Hs', 'name': 'Human'}",,ENCFF614IWF.fastq.gz,Experiment date released: 2022-07-19,size-matched input,,seCLIP,NNNNNNNNNN,GSM8693822,ENCODE,Gene Yeo,,SMInput,,,,,,Gene Yeo,,Illumina HiSeq 4000,,K562,,,,,,
164066902982405709,RBP ENCODE Control,634040915553242599,GTF2F1_Control_HepG2_1,false,CLIP,"{'id': 'Hs', 'name': 'Human'}",,ENCFF251NBU.fastq.gz,Experiment date released: 2015-11-09; UMI extracted to header,size-matched input,,eCLIP,NNNNNNNNNN,GSM2423500,ENCODE,Gene Yeo,,SMInput,,,,,,Gene Yeo,,Illumina HiSeq 2000,,HepG2,,,,,,
164066902982405709,RBP ENCODE Control,378335646585639680,DDX3X_Control_K562_1,false,CLIP,"{'id': 'Hs', 'name': 'Human'}",,ENCFF768GAB.fastq.gz,Experiment date released: 2015-11-09; UMI extracted to header,size-matched input,,eCLIP,NNNNNNNNNN,GSM2422910,ENCODE,Gene Yeo,,SMInput,,,,,,Gene Yeo,,Illumina HiSeq 2000,,K562,,,,,,
164066902982405709,RBP ENCODE Control,652303354738488410,RPS24_Control_K562_1,false,CLIP,"{'id': 'Hs', 'name': 'Human'}",,ENCFF399CUY.fastq.gz,Experiment date released: 2017-11-28; UMI extracted to header,size-matched input,,eCLIP,NNNNNNNNNN,GSM8693959,ENCODE,Gene Yeo,,SMInput,,,,,,Gene Yeo,,Illumina HiSeq 4000,,K562,,,,,,
164066902982405709,RBP ENCODE Control,326384438904463229,UTP18_Control_K562_1,false,CLIP,"{'id': 'Hs', 'name': 'Human'}",,ENCFF315ECX.fastq.gz,Experiment date released: 2018-08-30; UMI extracted to header,size-matched input,,eCLIP,NNNNNNNNNN,GSM5370307,ENCODE,Gene Yeo,,SMInput,,,,,,Gene Yeo,,Illumina HiSeq 4000,,K562,,,,,,
164066902982405709,RBP ENCODE Control,384850388907567831,DDX42_Control_K562_1,false,CLIP,"{'id': 'Hs', 'name': 'Human'}",,ENCFF037AIE.fastq.gz,Experiment date released: 2015-07-15; UMI extracted to header,size-matched input,,eCLIP,NNNNN,GSM2423154,ENCODE,Gene Yeo,,SMInput,,,,,,Gene Yeo,,Illumina HiSeq 2000,,K562,,,,,,
164066902982405709,RBP ENCODE Control,650437601400186654,XRCC6_Control_HepG2_1,false,CLIP,"{'id': 'Hs', 'name': 'Human'}",,ENCFF574XRV.fastq.gz,Experiment date released: 2016-09-21; UMI extracted to header,size-matched input,,eCLIP,NNNNN,GSM2422927,ENCODE,Gene Yeo,,SMInput,,,,,,Gene Yeo,,Illumina HiSeq 2000,,HepG2,,,,,,
164066902982405709,RBP ENCODE Control,917123564409632484,NOL12_Control_HepG2_1,false,CLIP,"{'id': 'Hs', 'name': 'Human'}",,ENCFF635VEP.fastq.gz,Experiment date released: 2016-04-26; UMI extracted to header,size-matched input,,eCLIP,NNNNNNNNNN,GSM2423879,ENCODE,Gene Yeo,,SMInput,,,,,,Gene Yeo,,Illumina HiSeq 4000,,HepG2,,,,,,
164066902982405709,RBP ENCODE Control,482883833345145870,EXOSC5_Control_K562_1,false,CLIP,"{'id': 'Hs', 'name': 'Human'}",,ENCFF577TAB.fastq.gz,Experiment date released: 2017-11-19; UMI extracted to header,size-matched input,,eCLIP,NNNNNNNNNN,GSM5374040,ENCODE,Gene Yeo,,SMInput,,,,,,Gene Yeo,,Illumina HiSeq 4000,,K562,,,,,,
164066902982405709,RBP ENCODE Control,433322824277906889,NKRF_Control_HepG2_1,false,CLIP,"{'id': 'Hs', 'name': 'Human'}",,ENCFF837GYT.fastq.gz,Experiment date released: 2016-04-26; UMI extracted to header,size-matched input,,eCLIP,NNNNNNNNNN,GSM2423538,ENCODE,Gene Yeo,,SMInput,,,,,,Gene Yeo,,Illumina HiSeq 4000,,HepG2,,,,,,
164066902982405709,RBP ENCODE Control,724326150895118347,NCBP2_Control_HepG2_1,false,CLIP,"{'id': 'Hs', 'name': 'Human'}",,ENCFF016MTU.fastq.gz,Experiment date released: 2016-04-26; UMI extracted to header,size-matched input,,eCLIP,NNNNNNNNNN,GSM2423221,ENCODE,Gene Yeo,,SMInput,,,,,,Gene Yeo,,Illumina HiSeq 4000,,HepG2,,,,,,
164066902982405709,RBP ENCODE Control,328965589680748228,FUS_Control_HepG2_1,false,CLIP,"{'id': 'Hs', 'name': 'Human'}",,ENCFF609YLK.fastq.gz,Experiment date released: 2018-08-30; UMI extracted to header,size-matched input,,eCLIP,NNNNNNNNNN,GSM5379488,ENCODE,Gene Yeo,,SMInput,,,,,,Gene Yeo,,Illumina HiSeq 4000,,HepG2,,,,,,
164066902982405709,RBP ENCODE Control,330020910797835158,DDX24_Control_K562_1,false,CLIP,"{'id': 'Hs', 'name': 'Human'}",,ENCFF739MOT.fastq.gz,Experiment date released: 2016-04-26; UMI extracted to header,size-matched input,,eCLIP,NNNNNNNNNN,GSM2423136,ENCODE,Gene Yeo,,SMInput,,,,,,Gene Yeo,,Illumina HiSeq 4000,,K562,,,,,,
164066902982405709,RBP ENCODE Control,311877273494239507,WDR3_Control_K562_1,false,CLIP,"{'id': 'Hs', 'name': 'Human'}",,ENCFF505OPV.fastq.gz,Experiment date released: 2018-08-30; UMI extracted to header,size-matched input,,eCLIP,NNNNNNNNNN,GSM5369896,ENCODE,Gene Yeo,,SMInput,,,,,,Gene Yeo,,Illumina HiSeq 4000,,K562,,,,,,
164066902982405709,RBP ENCODE Control,646775605798124342,NONO_Control_K562_1,false,CLIP,"{'id': 'Hs', 'name': 'Human'}",,ENCFF608XVX.fastq.gz,Experiment date released: 2015-11-09; UMI extracted to header,size-matched input,,eCLIP,NNNNNNNNNN,GSM2423559,ENCODE,Gene Yeo,,SMInput,,,,,,Gene Yeo,,Illumina HiSeq 2000,,K562,,,,,,
164066902982405709,RBP ENCODE Control,353112376077936141,UPF1_Control_HepG2_1,false,CLIP,"{'id': 'Hs', 'name': 'Human'}",,ENCFF257MNA.fastq.gz,Experiment date released: 2018-08-30; UMI extracted to header,size-matched input,,eCLIP,NNNNNNNNNN,GSM5369979,ENCODE,Gene Yeo,,SMInput,,,,,,Gene Yeo,,Illumina HiSeq 4000,,HepG2,,,,,,
164066902982405709,RBP ENCODE Control,131504073904212038,ZC3H11A_Control_HepG2_1,false,CLIP,"{'id': 'Hs', 'name': 'Human'}",,ENCFF854LFS.fastq.gz,Experiment date released: 2017-11-28; UMI extracted to header,size-matched input,,eCLIP,NNNNNNNNNN,GSM5370538,ENCODE,Gene Yeo,,SMInput,,,,,,Gene Yeo,,Illumina HiSeq 4000,,HepG2,,,,,,
164066902982405709,RBP ENCODE Control,431675939846644762,LSM11_Control_K562_1,false,CLIP,"{'id': 'Hs', 'name': 'Human'}",,ENCFF308SPS.fastq.gz,Experiment date released: 2015-12-16; UMI extracted to header,size-matched input,,eCLIP,NNNNNNNNNN,GSM2424190,ENCODE,Gene Yeo,,SMInput,,,,,,Gene Yeo,,Illumina HiSeq 2500,,K562,,,,,,
164066902982405709,RBP ENCODE Control,978291720987124985,METAP2_Control_K562_1,false,CLIP,"{'id': 'Hs', 'name': 'Human'}",,ENCFF591UZM.fastq.gz,Experiment date released: 2016-04-26; UMI extracted to header,size-matched input,,eCLIP,NNNNNNNNNN,GSM2423915,ENCODE,Gene Yeo,,SMInput,,,,,,Gene Yeo,,Illumina HiSeq 4000,,K562,,,,,,
164066902982405709,RBP ENCODE Control,201526443848443020,PABPN1_Control_HepG2_1,false,CLIP,"{'id': 'Hs', 'name': 'Human'}",,ENCFF204AJE.fastq.gz,Experiment date released: 2018-08-30; UMI extracted to header,size-matched input,,eCLIP,NNNNNNNNNN,GSM5374045,ENCODE,Gene Yeo,,SMInput,,,,,,Gene Yeo,,Illumina HiSeq 4000,,HepG2,,,,,,
164066902982405709,RBP ENCODE Control,690314761684443507,DDX47_Control_K562_2,false,CLIP,"{'id': 'Hs', 'name': 'Human'}",,ENCFF313UGS.fastq.gz,Experiment date released: 2022-07-19,size-matched input,,seCLIP,NNNNNNNNNN,GSM8693579,ENCODE,Gene Yeo,,SMInput,,,,,,Gene Yeo,,Illumina HiSeq 4000,,K562,,,,,,
164066902982405709,RBP ENCODE Control,305767965010266837,HNRNPU_Control_K562_1,false,CLIP,"{'id': 'Hs', 'name': 'Human'}",,ENCFF300GEY.fastq.gz,Experiment date released: 2015-07-15; UMI extracted to header,size-matched input,,eCLIP,NNNNN,GSM2424029,ENCODE,Gene Yeo,,SMInput,,,,,,Gene Yeo,,Illumina HiSeq 2000,,K562,,,,,,
164066902982405709,RBP ENCODE Control,381168468821480240,ZC3H8_Control_K562_1,false,CLIP,"{'id': 'Hs', 'name': 'Human'}",,ENCFF903ROZ.fastq.gz,Experiment date released: 2018-08-30; UMI extracted to header,size-matched input,,eCLIP,NNNNNNNNNN,GSM5375217,ENCODE,Gene Yeo,,SMInput,,,,,,Gene Yeo,,Illumina HiSeq 4000,,K562,,,,,,
164066902982405709,RBP ENCODE Control,847117627028890565,DROSHA_Control_HepG2_1,false,CLIP,"{'id': 'Hs', 'name': 'Human'}",,ENCFF064NLH.fastq.gz,Experiment date released: 2017-12-03; UMI extracted to header,size-matched input,,eCLIP,NNNNNNNNNN,GSM5378747,ENCODE,Gene Yeo,,SMInput,,,,,,Gene Yeo,,Illumina HiSeq 4000,,HepG2,,,,,,
164066902982405709,RBP ENCODE Control,332752576503573277,RBM15_Control_HepG2_1,false,CLIP,"{'id': 'Hs', 'name': 'Human'}",,ENCFF882PYI.fastq.gz,Experiment date released: 2016-04-26; UMI extracted to header,size-matched input,,eCLIP,NNNNNNNNNN,GSM2423308,ENCODE,Gene Yeo,,SMInput,,,,,,Gene Yeo,,Illumina HiSeq 4000,,HepG2,,,,,,
164066902982405709,RBP ENCODE Control,953090820241346270,HNRNPM_Control_HepG2_1,false,CLIP,"{'id': 'Hs', 'name': 'Human'}",,ENCFF302HGT.fastq.gz,Experiment date released: 2015-07-15; UMI extracted to header,size-matched input,,eCLIP,NNNNN,GSM2423513,ENCODE,Gene Yeo,,SMInput,,,,,,Gene Yeo,,Illumina HiSeq 2000,,HepG2,,,,,,
164066902982405709,RBP ENCODE Control,355921293753043891,FTO_Control_HepG2_1,false,CLIP,"{'id': 'Hs', 'name': 'Human'}",,ENCFF028JUM.fastq.gz,Experiment date released: 2018-08-30; UMI extracted to header,size-matched input,,eCLIP,NNNNNNNNNN,GSM5374279,ENCODE,Gene Yeo,,SMInput,,,,,,Gene Yeo,,Illumina HiSeq 4000,,HepG2,,,,,,
164066902982405709,RBP ENCODE Control,236836912915464810,PRPF4_Control_HepG2_1,false,CLIP,"{'id': 'Hs', 'name': 'Human'}",,ENCFF343WLN.fastq.gz,Experiment date released: 2018-08-30; UMI extracted to header,size-matched input,,eCLIP,NNNNNNNNNN,GSM5374439,ENCODE,Gene Yeo,,SMInput,,,,,,Gene Yeo,,Illumina HiSeq 4000,,HepG2,,,,,,
164066902982405709,RBP ENCODE Control,364869519235220839,TRA2A_Control_HepG2_1,false,CLIP,"{'id': 'Hs', 'name': 'Human'}",,ENCFF411KJR.fastq.gz,Experiment date released: 2015-07-15; UMI extracted to header,size-matched input,,eCLIP,NNNNN,GSM2423644,ENCODE,Gene Yeo,,SMInput,,,,,,Gene Yeo,,Illumina HiSeq 2000,,HepG2,,,,,,
164066902982405709,RBP ENCODE Control,277932066458636792,SND1_Control_HepG2_1,false,CLIP,"{'id': 'Hs', 'name': 'Human'}",,ENCFF431GGI.fastq.gz,Experiment date released: 2015-11-09; UMI extracted to header,size-matched input,,eCLIP,NNNNN,GSM2423116,ENCODE,Gene Yeo,,SMInput,,,,,,Gene Yeo,,Illumina HiSeq 2000,,HepG2,,,,,,
164066902982405709,RBP ENCODE Control,691899022147905919,DDX20_Control_HepG2_1,false,CLIP,"{'id': 'Hs', 'name': 'Human'}",,ENCFF908RVH.fastq.gz,Experiment date released: 2017-11-28; UMI extracted to header,size-matched input,,eCLIP,NNNNNNNNNN,GSM8693849,ENCODE,Gene Yeo,,SMInput,,,,,,Gene Yeo,,Illumina HiSeq 4000,,HepG2,,,,,,
164066902982405709,RBP ENCODE Control,918973255400238381,SBDS_Control_K562_1,false,CLIP,"{'id': 'Hs', 'name': 'Human'}",,ENCFF270EUA.fastq.gz,Experiment date released: 2015-11-09; UMI extracted to header,size-matched input,,eCLIP,NNNNNNNNNN,GSM2422920,ENCODE,Gene Yeo,,SMInput,,,,,,Gene Yeo,,Illumina HiSeq 2000,,K562,,,,,,
164066902982405709,RBP ENCODE Control,821521535542320317,APOBEC3C_Control_K562_1,false,CLIP,"{'id': 'Hs', 'name': 'Human'}",,ENCFF417GHU.fastq.gz,Experiment date released: 2018-08-30; UMI extracted to header,size-matched input,,eCLIP,NNNNNNNNNN,GSM5374696,ENCODE,Gene Yeo,,SMInput,,,,,,Gene Yeo,,Illumina HiSeq 4000,,K562,,,,,,
164066902982405709,RBP ENCODE Control,842326559689162994,FXR2_Control_K562_3,false,CLIP,"{'id': 'Hs', 'name': 'Human'}",,ENCFF508IIT.fastq.gz,Experiment date released: 2015-11-09; UMI extracted to header,size-matched input,,eCLIP,NNNNN,GSM2423445,ENCODE,Gene Yeo,,SMInput,,,,,,Gene Yeo,,Illumina HiSeq 2000,,K562,,,,,,
164066902982405709,RBP ENCODE Control,152332173206945490,CPSF6_Control_K562_1,false,CLIP,"{'id': 'Hs', 'name': 'Human'}",,ENCFF523STK.fastq.gz,Experiment date released: 2015-07-15; UMI extracted to header,size-matched input,,eCLIP,NNNNN,GSM2423219,ENCODE,Gene Yeo,,SMInput,,,,,,Gene Yeo,,Illumina HiSeq 2000,,K562,,,,,,
164066902982405709,RBP ENCODE Control,716145395703804122,HNRNPK_Control_HepG2_1,false,CLIP,"{'id': 'Hs', 'name': 'Human'}",,ENCFF555OUH.fastq.gz,Experiment date released: 2015-11-09; UMI extracted to header,size-matched input,,eCLIP,NNNNN,GSM2423366,ENCODE,Gene Yeo,,SMInput,,,,,,Gene Yeo,,Illumina HiSeq 2000,,HepG2,,,,,,
164066902982405709,RBP ENCODE Control,514102792649957650,CSTF2_Control_HepG2_1,false,CLIP,"{'id': 'Hs', 'name': 'Human'}",,ENCFF900NQN.fastq.gz,Experiment date released: 2016-08-19; UMI extracted to header,size-matched input,,eCLIP,NNNNNNNNNN,GSM2423299,ENCODE,Gene Yeo,,SMInput,,,,,,Gene Yeo,,Illumina HiSeq 4000,,HepG2,,,,,,
164066902982405709,RBP ENCODE Control,735030999145799774,SRSF7_Control_HepG2_1,false,CLIP,"{'id': 'Hs', 'name': 'Human'}",,ENCFF043KVQ.fastq.gz,Experiment date released: 2015-11-09; UMI extracted to header,size-matched input,,eCLIP,NNNNN,GSM2423765,ENCODE,Gene Yeo,,SMInput,,,,,,Gene Yeo,,Illumina HiSeq 2000,,HepG2,,,,,,
164066902982405709,RBP ENCODE Control,738779221318598406,BCCIP_Control_HepG2_1,false,CLIP,"{'id': 'Hs', 'name': 'Human'}",,ENCFF371GVL.fastq.gz,Experiment date released: 2015-07-15; UMI extracted to header,size-matched input,,eCLIP,NNNNN,GSM2423808,ENCODE,Gene Yeo,,SMInput,,,,,,Gene Yeo,,Illumina HiSeq 2000,,HepG2,,,,,,
164066902982405709,RBP ENCODE Control,792240819702722618,TIA1_Control_HepG2_1,false,CLIP,"{'id': 'Hs', 'name': 'Human'}",,ENCFF805EWQ.fastq.gz,Experiment date released: 2015-07-15; UMI extracted to header,size-matched input,,eCLIP,NNNNN,GSM2423329,ENCODE,Gene Yeo,,SMInput,,,,,,Gene Yeo,,Illumina HiSeq 2000,,HepG2,,,,,,
164066902982405709,RBP ENCODE Control,607122473772771902,SRSF9_Control_HepG2_1,false,CLIP,"{'id': 'Hs', 'name': 'Human'}",,ENCFF463PBP.fastq.gz,Experiment date released: 2015-07-15; UMI extracted to header,size-matched input,,eCLIP,NNNNN,GSM2422939,ENCODE,Gene Yeo,,SMInput,,,,,,Gene Yeo,,Illumina HiSeq 2000,,HepG2,,,,,,
164066902982405709,RBP ENCODE Control,476443411737954530,TNRC6A_Control_K562_1,false,CLIP,"{'id': 'Hs', 'name': 'Human'}",,ENCFF589AOK.fastq.gz,Experiment date released: 2015-11-09; UMI extracted to header,size-matched input,,eCLIP,NNNNNNNNNN,GSM2423987,ENCODE,Gene Yeo,,SMInput,,,,,,Gene Yeo,,Illumina HiSeq 2000,,K562,,,,,,
164066902982405709,RBP ENCODE Control,290986278649245916,PPIL4_Control_K562_1,false,CLIP,"{'id': 'Hs', 'name': 'Human'}",,ENCFF932XAN.fastq.gz,Experiment date released: 2016-04-26; UMI extracted to header,size-matched input,,eCLIP,NNNNNNNNNN,GSM2423349,ENCODE,Gene Yeo,,SMInput,,,,,,Gene Yeo,,Illumina HiSeq 4000,,K562,,,,,,
270411415587402528,The interaction of PRC2 with RNA or chromatin is mutually antagonistic,136694988994855712,Suz12_Ezh2_d_d_2,false,CLIP,"{'id': 'Mm', 'name': 'Mouse'}",27197219,SRR1914040.fastq.gz,m ESC Ezh2 fl/fl,KO Plus Tamoxifen,,,NNNGGTT,GSM1632836,UCL Cancer Institute,Richard G Jenner,Suz12 Cell signalling #3737,Suz12,,,,,,Manuel Beltran,,Illumina HiSeq 2500,,mESC,,,,,,
164066902982405709,RBP ENCODE Control,146996251947629300,TIAL1_Control_HepG2_1,false,CLIP,"{'id': 'Hs', 'name': 'Human'}",,ENCFF095YOS.fastq.gz,Experiment date released: 2018-08-30; UMI extracted to header,size-matched input,,eCLIP,NNNNNNNNNN,GSM5374837,ENCODE,Gene Yeo,,SMInput,,,,,,Gene Yeo,,Illumina HiSeq 4000,,HepG2,,,,,,
147781373708583495,An improved iCLIP protocol,419639483898358200,iiclip_nd2,false,CLIP,"{'id': 'Hs', 'name': 'Human'}",,ERR6544651_spaceRemoved.fastq.gz,,,ERR6544651,iiCLIP,NNNNNNN,,The Babraham Institute,Martin Turner,"anti-PTBP1 antibody (sc-56701, santacruz)",Ptbp1,,,,,,Elisa Monzón-Casanova,,Illumina HiSeq 4000,,HEK293,,,,,,NNNNNNN
147781373708583495,An improved iCLIP protocol,827038144578581941,iiclip_nd1,false,CLIP,"{'id': 'Hs', 'name': 'Human'}",,ERR6544650_spaceRemoved.fastq.gz,,,ERR6544650,iiCLIP,NNNNNNN,,The Babraham Institute,Martin Turner,"anti-PTBP1 antibody (sc-56701, santacruz)",Ptbp1,,,,,,Elisa Monzón-Casanova,,Illumina HiSeq 4000,,HEK293,,,,,,NNNNNNN
270411415587402528,The interaction of PRC2 with RNA or chromatin is mutually antagonistic,484955299460502808,Suz12_Ezh2_fl_fl_5,false,CLIP,"{'id': 'Mm', 'name': 'Mouse'}",27197219,SRR2097510.fastq.gz,m ESC Ezh2 fl/fl,wild type No Tamoxifen,,,NNNGGTT,GSM1820095,UCL Cancer Institute,Richard G Jenner,Suz12 Cell signalling #3737,Suz12,,,,,,Manuel Beltran,,Illumina HiSeq 2500,,mESC,,,,,,
270411415587402528,The interaction of PRC2 with RNA or chromatin is mutually antagonistic,708115774115871203,hnRNPC,false,CLIP,"{'id': 'Mm', 'name': 'Mouse'}",27197219,SRR1914044.fastq.gz,m ESC Ezh2 fl/fl,wild type No Tamoxifen,,,NNNTTGT,GSM1632840,UCL Cancer Institute,Richard G Jenner,hnRNPC Santa Cruz #32308,hnRNPC,,,,,,Manuel Beltran,,Illumina HiSeq 2500,,mESC,,,,,,
270411415587402528,The interaction of PRC2 with RNA or chromatin is mutually antagonistic,992606117604192046,Fus,false,CLIP,"{'id': 'Mm', 'name': 'Mouse'}",27197219,SRR1914043.fastq.gz,m ESC Ezh2 fl/fl,wild type No Tamoxifen,,,NNNGGTT,GSM1632839,UCL Cancer Institute,Richard G Jenner,Fus Novus Biologicals #100-565,Fus,,,,,,Manuel Beltran,,Illumina HiSeq 2500,,mESC,,,,,,
270411415587402528,The interaction of PRC2 with RNA or chromatin is mutually antagonistic,655757839042583195,Suz12_Jarid2_WT,false,CLIP,"{'id': 'Mm', 'name': 'Mouse'}",27197219,SRR2982377.fastq.gz,Jm8-E8,WT Plus Tamoxifen,,,NNNGGTT,GSM1968313,UCL Cancer Institute,Richard G Jenner,Suz12 Cell signalling #3737,Suz12,,,,,,Manuel Beltran,,Illumina HiSeq 2500,,mESC,,,,,,
270411415587402528,The interaction of PRC2 with RNA or chromatin is mutually antagonistic,626272413052905914,GFP,false,CLIP,"{'id': 'Mm', 'name': 'Mouse'}",27197219,SRR2097511.fastq.gz,m ESC Ezh2 fl/fl,wild type No Tamoxifen,,,NNNGGCG,GSM1820096,UCL Cancer Institute,Richard G Jenner,GFP Abcam #ab290,GFP,,,,,,Manuel Beltran,,Illumina HiSeq 2500,,mESC,,,,,,
164066902982405709,RBP ENCODE Control,535674833099231206,MATR3_Control_K562_1,false,CLIP,"{'id': 'Hs', 'name': 'Human'}",,ENCFF230VBS.fastq.gz,Experiment date released: 2018-08-30; UMI extracted to header,size-matched input,,eCLIP,NNNNNNNNNN,GSM5370316,ENCODE,Gene Yeo,,SMInput,,,,,,Gene Yeo,,Illumina HiSeq 4000,,K562,,,,,,
270411415587402528,The interaction of PRC2 with RNA or chromatin is mutually antagonistic,601737674571232235,Suz12_Jarid2_KO,false,CLIP,"{'id': 'Mm', 'name': 'Mouse'}",27197219,SRR1914045.fastq.gz,Jm8-E8,KO No Tamoxifen,,,NNNTTGT,GSM1632841,UCL Cancer Institute,Richard G Jenner,Suz12 Cell signalling #3737,Suz12,,,,,,Manuel Beltran,,Illumina HiSeq 2500,,mESC,,,,,,
270411415587402528,The interaction of PRC2 with RNA or chromatin is mutually antagonistic,392174218945526576,Suz12_Ezh2_d_d_1,false,CLIP,"{'id': 'Mm', 'name': 'Mouse'}",27197219,SRR1914039.fastq.gz,m ESC Ezh2 fl/fl,KO Plus Tamoxifen,,,NNNGGTC,GSM1632835,UCL Cancer Institute,Richard G Jenner,Suz12 Cell signalling #3737,Suz12,,,,,,Manuel Beltran,,Illumina HiSeq 2500,,mESC,,,,,,
270411415587402528,The interaction of PRC2 with RNA or chromatin is mutually antagonistic,388213662726264552,Eed,false,CLIP,"{'id': 'Mm', 'name': 'Mouse'}",27197219,SRR2982378.fastq.gz,m ESC cKO Eed 4d2,wild type No Tamoxifen,,,NNNGGTC,GSM1968314,UCL Cancer Institute,Richard G Jenner,"α-Myc Cell Signaling, #2276",Eed,nMYC,,,,,Manuel Beltran,,Illumina HiSeq 2500,,mESC,,,,,,
270411415587402528,The interaction of PRC2 with RNA or chromatin is mutually antagonistic,100491302900947544,Suz12_Ezh2_fl_fl_3,false,CLIP,"{'id': 'Mm', 'name': 'Mouse'}",27197219,SRR1914037.fastq.gz,m ESC Ezh2 fl/fl,wild type No Tamoxifen,,,NNNCAAT,GSM1632833,UCL Cancer Institute,Richard G Jenner,Suz12 Cell signalling #3737,Suz12,,,,,,Manuel Beltran,,Illumina HiSeq 2500,,mESC,,,,,,
270411415587402528,The interaction of PRC2 with RNA or chromatin is mutually antagonistic,969544273312682255,Suz12_Ezh2_fl_fl_6,false,CLIP,"{'id': 'Mm', 'name': 'Mouse'}",27197219,SRR2982379.fastq.gz,m ESC Ezh2 fl/fl,wild type No Tamoxifen,,,NNNTGGC,GSM1968315,UCL Cancer Institute,Richard G Jenner,Suz12 Cell signalling #3737,Suz12,,,,,,Manuel Beltran,,Illumina HiSeq 2500,,mESC,,,,,,
270411415587402528,The interaction of PRC2 with RNA or chromatin is mutually antagonistic,285520032077482182,Suz12_Ezh2_fl_fl_1,false,CLIP,"{'id': 'Mm', 'name': 'Mouse'}",27197219,SRR1914035.fastq.gz,m ESC Ezh2 fl/fl,wild type No Tamoxifen,,,NNNTGGC,GSM1632831,UCL Cancer Institute,Richard G Jenner,Suz12 Cell signalling #3737,Suz12,,,,,,Manuel Beltran,,Illumina HiSeq 2500,,mESC,,,,,,
270411415587402528,The interaction of PRC2 with RNA or chromatin is mutually antagonistic,812178377537508619,Suz12_Ezh2_fl_fl_4,false,CLIP,"{'id': 'Mm', 'name': 'Mouse'}",27197219,SRR2097509.fastq.gz,m ESC Ezh2 fl/fl,wild type No Tamoxifen,,,NNNTGGC,GSM1820094,UCL Cancer Institute,Richard G Jenner,Suz12 Cell signalling #3737,Suz12,,,,,,Manuel Beltran,,Illumina HiSeq 2500,,mESC,,,,,,
270411415587402528,The interaction of PRC2 with RNA or chromatin is mutually antagonistic,764370473630677280,Suz12_Suz12KO_2,false,CLIP,"{'id': 'Mm', 'name': 'Mouse'}",27197219,SRR2982376.fastq.gz,m ESC Suz12 -/- (from Pasini lab),KO Plus Tamoxifen,,,NNNGGCG,GSM1968312,UCL Cancer Institute,Richard G Jenner,Suz12 Cell signalling #3737,Suz12,,,,,,Manuel Beltran,,Illumina HiSeq 2500,,mESC,,,,,,
147781373708583495,An improved iCLIP protocol,207811493513209394,iclip2_d1,false,CLIP,"{'id': 'Hs', 'name': 'Human'}",,ERR6544647_spaceRemoved.fastq.gz,,,ERR6544647,iCLIP2,NNNNNNNNN,,Institute of Molecular Biology (IMB) Mainz,Julian König,"anti-PTBP1 antibody (sc-56701, santacruz)",Ptbp1,,,,,,Heike Hänel,,Illumina MiSeq,,HEK293,,,,,,NNNNNNNNN
270411415587402528,The interaction of PRC2 with RNA or chromatin is mutually antagonistic,829060104724473695,Suz12_Ezh2_fl_fl_2,false,CLIP,"{'id': 'Mm', 'name': 'Mouse'}",27197219,SRR1914036.fastq.gz,m ESC Ezh2 fl/fl,wild type No Tamoxifen,,,NNNGGCG,GSM1632832,UCL Cancer Institute,Richard G Jenner,Suz12 Cell signalling #3737,Suz12,,,,,,Manuel Beltran,,Illumina HiSeq 2500,,mESC,,,,,,
270411415587402528,The interaction of PRC2 with RNA or chromatin is mutually antagonistic,836955094512125244,IgG,false,CLIP,"{'id': 'Mm', 'name': 'Mouse'}",27197219,SRR1914042.fastq.gz,m ESC Ezh2 fl/fl,wild type No Tamoxifen,,,NNNTTGT,GSM1632838,UCL Cancer Institute,Richard G Jenner,IgG Santa Cruz #2027,IgG,Sizematched,,,,,Manuel Beltran,,Illumina HiSeq 2500,,mESC,,,,,,
270411415587402528,The interaction of PRC2 with RNA or chromatin is mutually antagonistic,911975990965679737,Suz12_Ezh2_d_d_3,false,CLIP,"{'id': 'Mm', 'name': 'Mouse'}",27197219,SRR1914041.fastq.gz,m ESC Ezh2 fl/fl,KO Plus Tamoxifen,,,NNNTTGT,GSM1632837,UCL Cancer Institute,Richard G Jenner,Suz12 Cell signalling #3737,Suz12,,,,,,Manuel Beltran,,Illumina HiSeq 2500,,mESC,,,,,,
147781373708583495,An improved iCLIP protocol,581365167892753903,iiclip_d1,false,CLIP,"{'id': 'Hs', 'name': 'Human'}",,ERR6544648_spaceRemoved.fastq.gz,,,ERR6544648,iiCLIP,NNNNNNNNNN,,Francis Crick Institute,Jernej Ule,"anti-PTBP1 antibody (sc-56701, santacruz)",Ptbp1,,,,,,Flora Lee,,Illumina HiSeq 4000,,HEK293,,,,,,NNNNNNNNNN
270411415587402528,The interaction of PRC2 with RNA or chromatin is mutually antagonistic,398350267239521976,Suz12_Suz12KO_1,false,CLIP,"{'id': 'Mm', 'name': 'Mouse'}",27197219,SRR2982375.fastq.gz,m ESC Suz12 -/- (from Pasini lab),KO Plus Tamoxifen,,,NNNCAAT,GSM1968311,UCL Cancer Institute,Richard G Jenner,Suz12 Cell signalling #3737,Suz12,,,,,,Manuel Beltran,,Illumina HiSeq 2500,,mESC,,,,,,
900609762012692905,The molecular dissection of TRIM25’s RNA-binding mechanism provides key insights into its antiviral activity,398184184947596336,TRIM25_WT_Mockinfected_rep3,false,CLIP,"{'id': 'Hs', 'name': 'Human'}",39353916,SRR30558056.fastq.gz,,Mock infection,,iCLIP2,NNNNNCCTAA,GSM8499039,University of Glasgow,Alfredo Castello,"ANTI-FLAG M2 Magnetic Beads (Millipore, #M8823)",TRIM25,nHA-FLAG,,,,,Lucía Álvarez,,NextSeq 550,,HEK293,,,,,,
900609762012692905,The molecular dissection of TRIM25’s RNA-binding mechanism provides key insights into its antiviral activity,292414798202602884,TRIM25_WT_Mockinfected_rep2,false,CLIP,"{'id': 'Hs', 'name': 'Human'}",39353916,SRR30558055.fastq.gz,,Mock infection,,iCLIP2,NNNNNCATCG,GSM8499038,University of Glasgow,Alfredo Castello,"ANTI-FLAG M2 Magnetic Beads (Millipore, #M8823)",TRIM25,nHA-FLAG,,,,,Lucía Álvarez,,NextSeq 550,,HEK293,,,,,,
176623532810418544,TDP-43 condensation properties QuantSeq,601941709040427779,TDP43_batch1_delUCR_pos_siTDP_2,false,RNA-Seq,"{'id': 'Hs', 'name': 'Human'}",34380047,ERR4390263.fastq.gz,"siRNA knockdown of endogenous TDP-43 and rescue, rescue of TDP-43 knockdown with inducible variant: True",TDP-43:  316del346,ERR4390263,QuantSeq,,,ASF at the Francis Crick Institute,Jernej Ule,,,,,,polya,,Martina Hallegger,,HiSeq 4000,,HEK293,,forward,,,,
900609762012692905,The molecular dissection of TRIM25’s RNA-binding mechanism provides key insights into its antiviral activity,425929572130667543,TRIM25_WT_Mockinfected_rep1,false,CLIP,"{'id': 'Hs', 'name': 'Human'}",39353916,SRR30558054.fastq.gz,,Mock infection,,iCLIP2,NNNNNGTGAT,GSM8499037,University of Glasgow,Alfredo Castello,"ANTI-FLAG M2 Magnetic Beads (Millipore, #M8823)",TRIM25,nHA-FLAG,,,,,Lucía Álvarez,,NextSeq 550,,HEK293,,,,,,
525666204435855783,Dynamic methylome of internal mRNA N7-methylguanosine and its regulatory role in translation,567369473361933548,miCLIP_HeLa_total_RNA_UV12,false,CLIP,"{'id': 'Hs', 'name': 'Human'}",31520064,CRR041702_f1.fq.gz,,,,miCLIP,NNNNN,,Chinese Academy of Medical Sciences,Yun-Gui Yang,"anti-m7G antibody (MBL, RN017M)",m7G,,,,,,Yusheng Chen,,HiSeq X Ten,,cervical carcinoma,,,,,,
900609762012692905,The molecular dissection of TRIM25’s RNA-binding mechanism provides key insights into its antiviral activity,324526739950712372,TRIM25_M9-RBDMutant_Mockinfected_rep1,false,CLIP,"{'id': 'Hs', 'name': 'Human'}",39353916,SRR30558051.fastq.gz,,Mock infection,,iCLIP2,NNNNNAGCTA,GSM8499046,University of Glasgow,Alfredo Castello,"ANTI-FLAG M2 Magnetic Beads (Millipore, #M8823)",TRIM25,m9RBDmut:nHA-FLAG,,,,,Lucía Álvarez,,NextSeq 550,,HEK293,,,,,,
525666204435855783,Dynamic methylome of internal mRNA N7-methylguanosine and its regulatory role in translation,458107539201209803,miCLIP_MouseBrain_mRNA_rep1,false,CLIP,"{'id': 'Mm', 'name': 'Mouse'}",31520064,CRR041713_f1.fq.gz,,,,miCLIP,NNNNN,,Chinese Academy of Medical Sciences,Yun-Gui Yang,"anti-m7G antibody (MBL, RN017M)",m7G,,,,,,Yusheng Chen,,HiSeq X Ten,,cervical carcinoma,,,,,,
900609762012692905,The molecular dissection of TRIM25’s RNA-binding mechanism provides key insights into its antiviral activity,486096260868801689,TRIM25_M9-RBDMutant_Mockinfected_rep2,false,CLIP,"{'id': 'Hs', 'name': 'Human'}",39353916,SRR30558052.fastq.gz,,Mock infection,,iCLIP2,NNNNNCTCAT,GSM8499047,University of Glasgow,Alfredo Castello,"ANTI-FLAG M2 Magnetic Beads (Millipore, #M8823)",TRIM25,m9RBDmut:nHA-FLAG,,,,,Lucía Álvarez,,NextSeq 550,,HEK293,,,,,,
900609762012692905,The molecular dissection of TRIM25’s RNA-binding mechanism provides key insights into its antiviral activity,286704131774525579,Size_matched_input_Mockinfected_rep2,false,CLIP,"{'id': 'Hs', 'name': 'Human'}",39353916,SRR30558035.fastq.gz,,Mock infection,,iCLIP2,NNNNNGACGG,GSM8499052,University of Glasgow,Alfredo Castello,"ANTI-FLAG M2 Magnetic Beads (Millipore, #M8823)",SMInput,,,,,,Lucía Álvarez,,NextSeq 550,,HEK293,,,,,,
525666204435855783,Dynamic methylome of internal mRNA N7-methylguanosine and its regulatory role in translation,166526501237484878,miCLIP_HeLa_total_RNA_UV2,false,CLIP,"{'id': 'Hs', 'name': 'Human'}",31520064,CRR070912_f1.fq.gz,,,,miCLIP,NNNNN,,Chinese Academy of Medical Sciences,Yun-Gui Yang,"anti-m7G antibody (MBL, RN017M)",m7G,,,,,,Yusheng Chen,,HiSeq X Ten,,cervical carcinoma,,,,,,
525666204435855783,Dynamic methylome of internal mRNA N7-methylguanosine and its regulatory role in translation,755058451216953525,miCLIP_MouseBrain_mRNA_rep2,false,CLIP,"{'id': 'Mm', 'name': 'Mouse'}",31520064,CRR041714_f1.fq.gz,,,,miCLIP,NNNNN,,Chinese Academy of Medical Sciences,Yun-Gui Yang,"anti-m7G antibody (MBL, RN017M)",m7G,,,,,,Yusheng Chen,,HiSeq X Ten,,cervical carcinoma,,,,,,
176623532810418544,TDP-43 condensation properties QuantSeq,861060655144365707,TDP43_batch1_G335A_neg_siTDP_2,false,RNA-Seq,"{'id': 'Hs', 'name': 'Human'}",34380047,ERR4390272.fastq.gz,"siRNA knockdown of endogenous TDP-43, rescue of TDP-43 knockdown with inducible variant: False",TDP-43:  G335A,ERR4390272,QuantSeq,,,ASF at the Francis Crick Institute,Jernej Ule,,,,,,polya,,Martina Hallegger,,HiSeq 4000,,HEK293,,forward,,,,
525666204435855783,Dynamic methylome of internal mRNA N7-methylguanosine and its regulatory role in translation,694261049068398213,miCLIP_HeLa_total_RNA_UV11,false,CLIP,"{'id': 'Hs', 'name': 'Human'}",31520064,CRR041701_f1.fq.gz,,,,miCLIP,NNNNN,,Chinese Academy of Medical Sciences,Yun-Gui Yang,"anti-m7G antibody (MBL, RN017M)",m7G,,,,,,Yusheng Chen,,HiSeq X Ten,,cervical carcinoma,,,,,,
525666204435855783,Dynamic methylome of internal mRNA N7-methylguanosine and its regulatory role in translation,800140984637844779,miCLIP_HeLa_mRNA_rep1,false,CLIP,"{'id': 'Hs', 'name': 'Human'}",31520064,CRR041707_f1.fq.gz,,,,miCLIP,NNNNN,,Chinese Academy of Medical Sciences,Yun-Gui Yang,"anti-m7G antibody (MBL, RN017M)",m7G,,,,,,Yusheng Chen,,HiSeq X Ten,,cervical carcinoma,,,,,,
900609762012692905,The molecular dissection of TRIM25’s RNA-binding mechanism provides key insights into its antiviral activity,941130915637820314,Size_matched_input_Mockinfected_rep1,false,CLIP,"{'id': 'Hs', 'name': 'Human'}",39353916,SRR30558043.fastq.gz,,Mock infection,,iCLIP2,NNNNNGACAT,GSM8499051,University of Glasgow,Alfredo Castello,"ANTI-FLAG M2 Magnetic Beads (Millipore, #M8823)",SMInput,,,,,,Lucía Álvarez,,NextSeq 550,,HEK293,,,,,,
176623532810418544,TDP-43 condensation properties QuantSeq,488031285784287076,TDP43_batch1_WT_pos_siTDP_1,false,RNA-Seq,"{'id': 'Hs', 'name': 'Human'}",34380047,ERR4390292.fastq.gz,"siRNA knockdown of endogenous TDP-43 and rescue, rescue of TDP-43 knockdown with inducible variant: True",TDP-43:  Wild-type,ERR4390292,QuantSeq,,,ASF at the Francis Crick Institute,Jernej Ule,,,,,,polya,,Martina Hallegger,,HiSeq 4000,,HEK293,,forward,,,,
525666204435855783,Dynamic methylome of internal mRNA N7-methylguanosine and its regulatory role in translation,152092618295350067,miCLIP_HeLa_mRNA_rep2,false,CLIP,"{'id': 'Hs', 'name': 'Human'}",31520064,CRR041708_f1.fq.gz,,,,miCLIP,NNNNN,,Chinese Academy of Medical Sciences,Yun-Gui Yang,"anti-m7G antibody (MBL, RN017M)",m7G,,,,,,Yusheng Chen,,HiSeq X Ten,,cervical carcinoma,,,,,,
176623532810418544,TDP-43 condensation properties QuantSeq,550708598324361859,TDP43_batch1_M337P_neg_siTDP_2,false,RNA-Seq,"{'id': 'Hs', 'name': 'Human'}",34380047,ERR4390278.fastq.gz,"siRNA knockdown of endogenous TDP-43, rescue of TDP-43 knockdown with inducible variant: False",TDP-43:  M337P,ERR4390278,QuantSeq,,,ASF at the Francis Crick Institute,Jernej Ule,,,,,,polya,,Martina Hallegger,,HiSeq 4000,,HEK293,,forward,,,,
900609762012692905,The molecular dissection of TRIM25’s RNA-binding mechanism provides key insights into its antiviral activity,382591588462632117,Size_matched_input_Mockinfected_rep3,false,CLIP,"{'id': 'Hs', 'name': 'Human'}",39353916,SRR30558034.fastq.gz,,Mock infection,,iCLIP2,NNNNNAGTTG,GSM8499053,University of Glasgow,Alfredo Castello,"ANTI-FLAG M2 Magnetic Beads (Millipore, #M8823)",SMInput,,,,,,Lucía Álvarez,,NextSeq 550,,HEK293,,,,,,
176623532810418544,TDP-43 condensation properties QuantSeq,806605687429871762,TDP43_batch1_G335A_pos_siTDP_1,false,RNA-Seq,"{'id': 'Hs', 'name': 'Human'}",34380047,ERR4390274.fastq.gz,"siRNA knockdown of endogenous TDP-43 and rescue, rescue of TDP-43 knockdown with inducible variant: True",TDP-43:  G335A,ERR4390274,QuantSeq,,,ASF at the Francis Crick Institute,Jernej Ule,,,,,,polya,,Martina Hallegger,,HiSeq 4000,,HEK293,,forward,,,,
176623532810418544,TDP-43 condensation properties QuantSeq,819525835516142933,TDP43_batch1_G294A_neg_siTDP_3,false,RNA-Seq,"{'id': 'Hs', 'name': 'Human'}",34380047,ERR4390267.fastq.gz,"siRNA knockdown of endogenous TDP-43, rescue of TDP-43 knockdown with inducible variant: False",TDP-43:  G294A,ERR4390267,QuantSeq,,,ASF at the Francis Crick Institute,Jernej Ule,,,,,,polya,,Martina Hallegger,,HiSeq 4000,,HEK293,,forward,,,,
176623532810418544,TDP-43 condensation properties QuantSeq,189287887138502571,TDP43_batch1_WT_pos_siTDP_3,false,RNA-Seq,"{'id': 'Hs', 'name': 'Human'}",34380047,ERR4390294.fastq.gz,"siRNA knockdown of endogenous TDP-43 and rescue, rescue of TDP-43 knockdown with inducible variant: True",TDP-43:  Wild-type,ERR4390294,QuantSeq,,,ASF at the Francis Crick Institute,Jernej Ule,,,,,,polya,,Martina Hallegger,,HiSeq 4000,,HEK293,,forward,,,,
176623532810418544,TDP-43 condensation properties QuantSeq,616341369802396234,TDP43_batch2_WT_pos_siTDP_2,false,RNA-Seq,"{'id': 'Hs', 'name': 'Human'}",34380047,ERR5714343.fastq.gz,"siRNA knockdown of endogenous TDP-43, rescue of TDP-43 knockdown with inducible variant: True",TDP-43:  Wild-type,ERR5714343,QuantSeq,,,ASF at the Francis Crick Institute,Jernej Ule,,,,,,polya,,Martina Hallegger,,HiSeq 4000,,HEK293,,forward,,,,
176623532810418544,TDP-43 condensation properties QuantSeq,818561082442554991,TDP43_batch1_WT_neg_siTDP_3,false,RNA-Seq,"{'id': 'Hs', 'name': 'Human'}",34380047,ERR4390291.fastq.gz,"siRNA knockdown of endogenous TDP-43, rescue of TDP-43 knockdown with inducible variant: False",TDP-43:  Wild-type,ERR4390291,QuantSeq,,,ASF at the Francis Crick Institute,Jernej Ule,,,,,,polya,,Martina Hallegger,,HiSeq 4000,,HEK293,,forward,,,,
525666204435855783,Dynamic methylome of internal mRNA N7-methylguanosine and its regulatory role in translation,499404808684686173,miCLIP_HeLa_total_RNA_UV1,false,CLIP,"{'id': 'Hs', 'name': 'Human'}",31520064,CRR070911_f1.fq.gz,,,,miCLIP,NNNNN,,Chinese Academy of Medical Sciences,Yun-Gui Yang,"anti-m7G antibody (MBL, RN017M)",m7G,,,,,,Yusheng Chen,,HiSeq X Ten,,cervical carcinoma,,,,,,
176623532810418544,TDP-43 condensation properties QuantSeq,325453815459108852,TDP43_batch1_G335A_pos_siTDP_2,false,RNA-Seq,"{'id': 'Hs', 'name': 'Human'}",34380047,ERR4390275.fastq.gz,"siRNA knockdown of endogenous TDP-43 and rescue, rescue of TDP-43 knockdown with inducible variant: True",TDP-43:  G335A,ERR4390275,QuantSeq,,,ASF at the Francis Crick Institute,Jernej Ule,,,,,,polya,,Martina Hallegger,,HiSeq 4000,,HEK293,,forward,,,,
176623532810418544,TDP-43 condensation properties QuantSeq,228760197431686514,TDP43_batch1_delUCR_neg_siTDP_2,false,RNA-Seq,"{'id': 'Hs', 'name': 'Human'}",34380047,ERR4390260.fastq.gz,"siRNA knockdown of endogenous TDP-43, rescue of TDP-43 knockdown with inducible variant: False",TDP-43:  316del346,ERR4390260,QuantSeq,,,ASF at the Francis Crick Institute,Jernej Ule,,,,,,polya,,Martina Hallegger,,HiSeq 4000,,HEK293,,forward,,,,
176623532810418544,TDP-43 condensation properties QuantSeq,186505069672173904,TDP43_batch1_A326P_pos_siTDP_1,false,RNA-Seq,"{'id': 'Hs', 'name': 'Human'}",34380047,ERR4390256.fastq.gz,"siRNA knockdown of endogenous TDP-43 and rescue, rescue of TDP-43 knockdown with inducible variant: True",TDP-43:  A326P,ERR4390256,QuantSeq,,,ASF at the Francis Crick Institute,Jernej Ule,,,,,,polya,,Martina Hallegger,,HiSeq 4000,,HEK293,,forward,,,,
176623532810418544,TDP-43 condensation properties QuantSeq,122961177860343285,TDP43_batch1_G294A_pos_siTDP_3,false,RNA-Seq,"{'id': 'Hs', 'name': 'Human'}",34380047,ERR4390270.fastq.gz,"siRNA knockdown of endogenous TDP-43 and rescue, rescue of TDP-43 knockdown with inducible variant: True",TDP-43:  G294A,ERR4390270,QuantSeq,,,ASF at the Francis Crick Institute,Jernej Ule,,,,,,polya,,Martina Hallegger,,HiSeq 4000,,HEK293,,forward,,,,
176623532810418544,TDP-43 condensation properties QuantSeq,883946597672975115,TDP43_batch1_G335A_pos_siTDP_3,false,RNA-Seq,"{'id': 'Hs', 'name': 'Human'}",34380047,ERR4390276.fastq.gz,"siRNA knockdown of endogenous TDP-43 and rescue, rescue of TDP-43 knockdown with inducible variant: True",TDP-43:  G335A,ERR4390276,QuantSeq,,,ASF at the Francis Crick Institute,Jernej Ule,,,,,,polya,,Martina Hallegger,,HiSeq 4000,,HEK293,,forward,,,,
176623532810418544,TDP-43 condensation properties QuantSeq,597355999162284637,TDP43_batch1_A326P_pos_siTDP_2,false,RNA-Seq,"{'id': 'Hs', 'name': 'Human'}",34380047,ERR4390257.fastq.gz,"siRNA knockdown of endogenous TDP-43 and rescue, rescue of TDP-43 knockdown with inducible variant: True",TDP-43:  A326P,ERR4390257,QuantSeq,,,ASF at the Francis Crick Institute,Jernej Ule,,,,,,polya,,Martina Hallegger,,HiSeq 4000,,HEK293,,forward,,,,
176623532810418544,TDP-43 condensation properties QuantSeq,827851746494008030,TDP43_batch1_delUCR_pos_siTDP_3,false,RNA-Seq,"{'id': 'Hs', 'name': 'Human'}",34380047,ERR4390264.fastq.gz,"siRNA knockdown of endogenous TDP-43 and rescue, rescue of TDP-43 knockdown with inducible variant: True",TDP-43:  316del346,ERR4390264,QuantSeq,,,ASF at the Francis Crick Institute,Jernej Ule,,,,,,polya,,Martina Hallegger,,HiSeq 4000,,HEK293,,forward,,,,
176623532810418544,TDP-43 condensation properties QuantSeq,613800920612724078,TDP43_batch1_G294A_neg_siTDP_2,false,RNA-Seq,"{'id': 'Hs', 'name': 'Human'}",34380047,ERR4390266.fastq.gz,"siRNA knockdown of endogenous TDP-43, rescue of TDP-43 knockdown with inducible variant: False",TDP-43:  G294A,ERR4390266,QuantSeq,,,ASF at the Francis Crick Institute,Jernej Ule,,,,,,polya,,Martina Hallegger,,HiSeq 4000,,HEK293,,forward,,,,
176623532810418544,TDP-43 condensation properties QuantSeq,772445329471189823,TDP43_batch1_M337P_neg_siTDP_1,false,RNA-Seq,"{'id': 'Hs', 'name': 'Human'}",34380047,ERR4390277.fastq.gz,"siRNA knockdown of endogenous TDP-43, rescue of TDP-43 knockdown with inducible variant: False",TDP-43:  M337P,ERR4390277,QuantSeq,,,ASF at the Francis Crick Institute,Jernej Ule,,,,,,polya,,Martina Hallegger,,HiSeq 4000,,HEK293,,forward,,,,
176623532810418544,TDP-43 condensation properties QuantSeq,572144230660658698,TDP43_batch1_A326P_pos_siTDP_3,false,RNA-Seq,"{'id': 'Hs', 'name': 'Human'}",34380047,ERR4390258.fastq.gz,"siRNA knockdown of endogenous TDP-43 and rescue, rescue of TDP-43 knockdown with inducible variant: True",TDP-43:  A326P,ERR4390258,QuantSeq,,,ASF at the Francis Crick Institute,Jernej Ule,,,,,,polya,,Martina Hallegger,,HiSeq 4000,,HEK293,,forward,,,,
176623532810418544,TDP-43 condensation properties QuantSeq,697600338033972482,TDP43_batch2_G335A_pos_siTDP_2,false,RNA-Seq,"{'id': 'Hs', 'name': 'Human'}",34380047,ERR5714319.fastq.gz,"siRNA knockdown of endogenous TDP-43, rescue of TDP-43 knockdown with inducible variant: True",TDP-43:  G335A,ERR5714319,QuantSeq,,,ASF at the Francis Crick Institute,Jernej Ule,,,,,,polya,,Martina Hallegger,,HiSeq 4000,,HEK293,,forward,,,,
176623532810418544,TDP-43 condensation properties QuantSeq,687591771497415432,TDP43_batch1_Q331K_pos_siTDP_1,false,RNA-Seq,"{'id': 'Hs', 'name': 'Human'}",34380047,ERR4390286.fastq.gz,"siRNA knockdown of endogenous TDP-43 and rescue, rescue of TDP-43 knockdown with inducible variant: True",TDP-43:  Q331K,ERR4390286,QuantSeq,,,ASF at the Francis Crick Institute,Jernej Ule,,,,,,polya,,Martina Hallegger,,HiSeq 4000,,HEK293,,forward,,,,
176623532810418544,TDP-43 condensation properties QuantSeq,117898610508525006,TDP43_batch2_delUCR_pos_siTDP_3,false,RNA-Seq,"{'id': 'Hs', 'name': 'Human'}",34380047,ERR5714308.fastq.gz,"siRNA knockdown of endogenous TDP-43, rescue of TDP-43 knockdown with inducible variant: True",TDP-43:  316del346,ERR5714308,QuantSeq,,,ASF at the Francis Crick Institute,Jernej Ule,,,,,,polya,,Martina Hallegger,,HiSeq 4000,,HEK293,,forward,,,,
176623532810418544,TDP-43 condensation properties QuantSeq,797678836689176831,TDP43_batch2_G335A_neg_siTDP_6,false,RNA-Seq,"{'id': 'Hs', 'name': 'Human'}",34380047,ERR5714317.fastq.gz,"siRNA knockdown of endogenous TDP-43, rescue of TDP-43 knockdown with inducible variant: False",TDP-43:  G335A,ERR5714317,QuantSeq,,,ASF at the Francis Crick Institute,Jernej Ule,,,,,,polya,,Martina Hallegger,,HiSeq 4000,,HEK293,,forward,,,,
176623532810418544,TDP-43 condensation properties QuantSeq,589913198287218372,TDP43_batch1_G335A_neg_siTDP_3,false,RNA-Seq,"{'id': 'Hs', 'name': 'Human'}",34380047,ERR4390273.fastq.gz,"siRNA knockdown of endogenous TDP-43, rescue of TDP-43 knockdown with inducible variant: False",TDP-43:  G335A,ERR4390273,QuantSeq,,,ASF at the Francis Crick Institute,Jernej Ule,,,,,,polya,,Martina Hallegger,,HiSeq 4000,,HEK293,,forward,,,,
176623532810418544,TDP-43 condensation properties QuantSeq,705493071315241982,TDP43_batch2_WT_pos_siTDP_4,false,RNA-Seq,"{'id': 'Hs', 'name': 'Human'}",34380047,ERR5714345.fastq.gz,"siRNA knockdown of endogenous TDP-43, rescue of TDP-43 knockdown with inducible variant: True",TDP-43:  Wild-type,ERR5714345,QuantSeq,,,ASF at the Francis Crick Institute,Jernej Ule,,,,,,polya,,Martina Hallegger,,HiSeq 4000,,HEK293,,forward,,,,
176623532810418544,TDP-43 condensation properties QuantSeq,303129921720137185,TDP43_batch1_G294A_neg_siTDP_1,false,RNA-Seq,"{'id': 'Hs', 'name': 'Human'}",34380047,ERR4390265.fastq.gz,"siRNA knockdown of endogenous TDP-43, rescue of TDP-43 knockdown with inducible variant: False",TDP-43:  G294A,ERR4390265,QuantSeq,,,ASF at the Francis Crick Institute,Jernej Ule,,,,,,polya,,Martina Hallegger,,HiSeq 4000,,HEK293,,forward,,,,
176623532810418544,TDP-43 condensation properties QuantSeq,945813884547489883,TDP43_batch1_G294A_pos_siTDP_2,false,RNA-Seq,"{'id': 'Hs', 'name': 'Human'}",34380047,ERR4390269.fastq.gz,"siRNA knockdown of endogenous TDP-43 and rescue, rescue of TDP-43 knockdown with inducible variant: True",TDP-43:  G294A,ERR4390269,QuantSeq,,,ASF at the Francis Crick Institute,Jernej Ule,,,,,,polya,,Martina Hallegger,,HiSeq 4000,,HEK293,,forward,,,,
176623532810418544,TDP-43 condensation properties QuantSeq,965893451816660316,TDP43_batch1_delUCR_neg_siTDP_1,false,RNA-Seq,"{'id': 'Hs', 'name': 'Human'}",34380047,ERR4390259.fastq.gz,"siRNA knockdown of endogenous TDP-43, rescue of TDP-43 knockdown with inducible variant: False",TDP-43:  316del346,ERR4390259,QuantSeq,,,ASF at the Francis Crick Institute,Jernej Ule,,,,,,polya,,Martina Hallegger,,HiSeq 4000,,HEK293,,forward,,,,
176623532810418544,TDP-43 condensation properties QuantSeq,846038215659180753,TDP43_batch2_WT_neg_siTDP_2,false,RNA-Seq,"{'id': 'Hs', 'name': 'Human'}",34380047,ERR5714337.fastq.gz,"siRNA knockdown of endogenous TDP-43, rescue of TDP-43 knockdown with inducible variant: False",TDP-43:  Wild-type,ERR5714337,QuantSeq,,,ASF at the Francis Crick Institute,Jernej Ule,,,,,,polya,,Martina Hallegger,,HiSeq 4000,,HEK293,,forward,,,,
176623532810418544,TDP-43 condensation properties QuantSeq,486185405908910528,TDP43_batch1_Q331K_pos_siTDP_3,false,RNA-Seq,"{'id': 'Hs', 'name': 'Human'}",34380047,ERR4390288.fastq.gz,"siRNA knockdown of endogenous TDP-43 and rescue, rescue of TDP-43 knockdown with inducible variant: True",TDP-43:  Q331K,ERR4390288,QuantSeq,,,ASF at the Francis Crick Institute,Jernej Ule,,,,,,polya,,Martina Hallegger,,HiSeq 4000,,HEK293,,forward,,,,
176623532810418544,TDP-43 condensation properties QuantSeq,462888701660104105,TDP43_batch1_WT_neg_siTDP_1,false,RNA-Seq,"{'id': 'Hs', 'name': 'Human'}",34380047,ERR4390289.fastq.gz,"siRNA knockdown of endogenous TDP-43, rescue of TDP-43 knockdown with inducible variant: False",TDP-43:  Wild-type,ERR4390289,QuantSeq,,,ASF at the Francis Crick Institute,Jernej Ule,,,,,,polya,,Martina Hallegger,,HiSeq 4000,,HEK293,,forward,,,,
176623532810418544,TDP-43 condensation properties QuantSeq,908343030428361380,TDP43_batch2_WT_pos_siTDP_6,false,RNA-Seq,"{'id': 'Hs', 'name': 'Human'}",34380047,ERR5714347.fastq.gz,"siRNA knockdown of endogenous TDP-43, rescue of TDP-43 knockdown with inducible variant: True",TDP-43:  Wild-type,ERR5714347,QuantSeq,,,ASF at the Francis Crick Institute,Jernej Ule,,,,,,polya,,Martina Hallegger,,HiSeq 4000,,HEK293,,forward,,,,
176623532810418544,TDP-43 condensation properties QuantSeq,422744526169936948,TDP43_batch2_WT_neg_siTDP_6,false,RNA-Seq,"{'id': 'Hs', 'name': 'Human'}",34380047,ERR5714341.fastq.gz,"siRNA knockdown of endogenous TDP-43, rescue of TDP-43 knockdown with inducible variant: False",TDP-43:  Wild-type,ERR5714341,QuantSeq,,,ASF at the Francis Crick Institute,Jernej Ule,,,,,,polya,,Martina Hallegger,,HiSeq 4000,,HEK293,,forward,,,,
176623532810418544,TDP-43 condensation properties QuantSeq,788836781838800094,TDP43_batch2_WT_neg_siTDP_4,false,RNA-Seq,"{'id': 'Hs', 'name': 'Human'}",34380047,ERR5714339.fastq.gz,"siRNA knockdown of endogenous TDP-43, rescue of TDP-43 knockdown with inducible variant: False",TDP-43:  Wild-type,ERR5714339,QuantSeq,,,ASF at the Francis Crick Institute,Jernej Ule,,,,,,polya,,Martina Hallegger,,HiSeq 4000,,HEK293,,forward,,,,
176623532810418544,TDP-43 condensation properties QuantSeq,964703706921040082,TDP43_batch2_G335A_pos_siTDP_6,false,RNA-Seq,"{'id': 'Hs', 'name': 'Human'}",34380047,ERR5714323.fastq.gz,"siRNA knockdown of endogenous TDP-43, rescue of TDP-43 knockdown with inducible variant: True",TDP-43:  G335A,ERR5714323,QuantSeq,,,ASF at the Francis Crick Institute,Jernej Ule,,,,,,polya,,Martina Hallegger,,HiSeq 4000,,HEK293,,forward,,,,
176623532810418544,TDP-43 condensation properties QuantSeq,756161470270798634,TDP43_batch1_Q331K_neg_siTDP_2,false,RNA-Seq,"{'id': 'Hs', 'name': 'Human'}",34380047,ERR4390284.fastq.gz,"siRNA knockdown of endogenous TDP-43, rescue of TDP-43 knockdown with inducible variant: False",TDP-43:  Q331K,ERR4390284,QuantSeq,,,ASF at the Francis Crick Institute,Jernej Ule,,,,,,polya,,Martina Hallegger,,HiSeq 4000,,HEK293,,forward,,,,
176623532810418544,TDP-43 condensation properties QuantSeq,376239608457276924,TDP43_batch2_WT_pos_siTDP_5,false,RNA-Seq,"{'id': 'Hs', 'name': 'Human'}",34380047,ERR5714346.fastq.gz,"siRNA knockdown of endogenous TDP-43, rescue of TDP-43 knockdown with inducible variant: True",TDP-43:  Wild-type,ERR5714346,QuantSeq,,,ASF at the Francis Crick Institute,Jernej Ule,,,,,,polya,,Martina Hallegger,,HiSeq 4000,,HEK293,,forward,,,,
176623532810418544,TDP-43 condensation properties QuantSeq,282541780575912209,TDP43_batch1_Q331K_pos_siTDP_2,false,RNA-Seq,"{'id': 'Hs', 'name': 'Human'}",34380047,ERR4390287.fastq.gz,"siRNA knockdown of endogenous TDP-43 and rescue, rescue of TDP-43 knockdown with inducible variant: True",TDP-43:  Q331K,ERR4390287,QuantSeq,,,ASF at the Francis Crick Institute,Jernej Ule,,,,,,polya,,Martina Hallegger,,HiSeq 4000,,HEK293,,forward,,,,
176623532810418544,TDP-43 condensation properties QuantSeq,953100068893460484,TDP43_batch2_WT_pos_siTDP_1,false,RNA-Seq,"{'id': 'Hs', 'name': 'Human'}",34380047,ERR5714342.fastq.gz,"siRNA knockdown of endogenous TDP-43, rescue of TDP-43 knockdown with inducible variant: True",TDP-43:  Wild-type,ERR5714342,QuantSeq,,,ASF at the Francis Crick Institute,Jernej Ule,,,,,,polya,,Martina Hallegger,,HiSeq 4000,,HEK293,,forward,,,,
176623532810418544,TDP-43 condensation properties QuantSeq,748780714580881967,TDP43_batch2_WT_neg_siTDP_5,false,RNA-Seq,"{'id': 'Hs', 'name': 'Human'}",34380047,ERR5714340.fastq.gz,"siRNA knockdown of endogenous TDP-43, rescue of TDP-43 knockdown with inducible variant: False",TDP-43:  Wild-type,ERR5714340,QuantSeq,,,ASF at the Francis Crick Institute,Jernej Ule,,,,,,polya,,Martina Hallegger,,HiSeq 4000,,HEK293,,forward,,,,
176623532810418544,TDP-43 condensation properties QuantSeq,817458119744813225,TDP43_batch2_M337P_pos_siTDP_2,false,RNA-Seq,"{'id': 'Hs', 'name': 'Human'}",34380047,ERR5714331.fastq.gz,"siRNA knockdown of endogenous TDP-43, rescue of TDP-43 knockdown with inducible variant: True",TDP-43:  M337P,ERR5714331,QuantSeq,,,ASF at the Francis Crick Institute,Jernej Ule,,,,,,polya,,Martina Hallegger,,HiSeq 4000,,HEK293,,forward,,,,
176623532810418544,TDP-43 condensation properties QuantSeq,124797379937965078,TDP43_batch2_WT_pos_siTDP_3,false,RNA-Seq,"{'id': 'Hs', 'name': 'Human'}",34380047,ERR5714344.fastq.gz,"siRNA knockdown of endogenous TDP-43, rescue of TDP-43 knockdown with inducible variant: True",TDP-43:  Wild-type,ERR5714344,QuantSeq,,,ASF at the Francis Crick Institute,Jernej Ule,,,,,,polya,,Martina Hallegger,,HiSeq 4000,,HEK293,,forward,,,,
176623532810418544,TDP-43 condensation properties QuantSeq,331424668783612725,TDP43_batch1_M337P_pos_siTDP_3,false,RNA-Seq,"{'id': 'Hs', 'name': 'Human'}",34380047,ERR4390282.fastq.gz,"siRNA knockdown of endogenous TDP-43 and rescue, rescue of TDP-43 knockdown with inducible variant: True",TDP-43:  M337P,ERR4390282,QuantSeq,,,ASF at the Francis Crick Institute,Jernej Ule,,,,,,polya,,Martina Hallegger,,HiSeq 4000,,HEK293,,forward,,,,
147781373708583495,An improved iCLIP protocol,637598394479912663,iiclip_d_input,false,CLIP,"{'id': 'Hs', 'name': 'Human'}",,ERR6544649_spaceRemoved.fastq.gz,,,ERR6544649,iiCLIP,NNNNNNNNNN,,Francis Crick Institute,Jernej Ule,SP3 beads,Global iCLIP,,,,,,Flora Lee,,Illumina HiSeq 4000,,HEK293,,,,,,NNNNNNNNNN
176623532810418544,TDP-43 condensation properties QuantSeq,268944453606670591,TDP43_batch2_delUCR_neg_siTDP_6,false,RNA-Seq,"{'id': 'Hs', 'name': 'Human'}",34380047,ERR5714305.fastq.gz,"siRNA knockdown of endogenous TDP-43, rescue of TDP-43 knockdown with inducible variant: False",TDP-43:  316del346,ERR5714305,QuantSeq,,,ASF at the Francis Crick Institute,Jernej Ule,,,,,,polya,,Martina Hallegger,,HiSeq 4000,,HEK293,,forward,,,,
176623532810418544,TDP-43 condensation properties QuantSeq,797586986581220595,TDP43_batch2_M337P_pos_siTDP_4,false,RNA-Seq,"{'id': 'Hs', 'name': 'Human'}",34380047,ERR5714333.fastq.gz,"siRNA knockdown of endogenous TDP-43, rescue of TDP-43 knockdown with inducible variant: True",TDP-43:  M337P,ERR5714333,QuantSeq,,,ASF at the Francis Crick Institute,Jernej Ule,,,,,,polya,,Martina Hallegger,,HiSeq 4000,,HEK293,,forward,,,,
176623532810418544,TDP-43 condensation properties QuantSeq,626812002320831682,TDP43_batch2_delUCR_neg_siTDP_1,false,RNA-Seq,"{'id': 'Hs', 'name': 'Human'}",34380047,ERR5714300.fastq.gz,"siRNA knockdown of endogenous TDP-43, rescue of TDP-43 knockdown with inducible variant: False",TDP-43:  316del346,ERR5714300,QuantSeq,,,ASF at the Francis Crick Institute,Jernej Ule,,,,,,polya,,Martina Hallegger,,HiSeq 4000,,HEK293,,forward,,,,
176623532810418544,TDP-43 condensation properties QuantSeq,477563258124756600,TDP43_batch1_A326P_neg_siTDP_3,false,RNA-Seq,"{'id': 'Hs', 'name': 'Human'}",34380047,ERR4390255.fastq.gz,"siRNA knockdown of endogenous TDP-43, rescue of TDP-43 knockdown with inducible variant: False",TDP-43:  A326P,ERR4390255,QuantSeq,,,ASF at the Francis Crick Institute,Jernej Ule,,,,,,polya,,Martina Hallegger,,HiSeq 4000,,HEK293,,forward,,,,
176623532810418544,TDP-43 condensation properties QuantSeq,616347040972314883,TDP43_batch1_M337P_pos_siTDP_1,false,RNA-Seq,"{'id': 'Hs', 'name': 'Human'}",34380047,ERR4390280.fastq.gz,"siRNA knockdown of endogenous TDP-43 and rescue, rescue of TDP-43 knockdown with inducible variant: True",TDP-43:  M337P,ERR4390280,QuantSeq,,,ASF at the Francis Crick Institute,Jernej Ule,,,,,,polya,,Martina Hallegger,,HiSeq 4000,,HEK293,,forward,,,,
176623532810418544,TDP-43 condensation properties QuantSeq,705514598269215990,TDP43_batch2_G335A_neg_siTDP_1,false,RNA-Seq,"{'id': 'Hs', 'name': 'Human'}",34380047,ERR5714312.fastq.gz,"siRNA knockdown of endogenous TDP-43, rescue of TDP-43 knockdown with inducible variant: False",TDP-43:  G335A,ERR5714312,QuantSeq,,,ASF at the Francis Crick Institute,Jernej Ule,,,,,,polya,,Martina Hallegger,,HiSeq 4000,,HEK293,,forward,,,,
176623532810418544,TDP-43 condensation properties QuantSeq,646726739824783253,TDP43_batch1_delUCR_neg_siTDP_3,false,RNA-Seq,"{'id': 'Hs', 'name': 'Human'}",34380047,ERR4390261.fastq.gz,"siRNA knockdown of endogenous TDP-43, rescue of TDP-43 knockdown with inducible variant: False",TDP-43:  316del346,ERR4390261,QuantSeq,,,ASF at the Francis Crick Institute,Jernej Ule,,,,,,polya,,Martina Hallegger,,HiSeq 4000,,HEK293,,forward,,,,
176623532810418544,TDP-43 condensation properties QuantSeq,609748537195149650,TDP43_batch1_M337P_neg_siTDP_3,false,RNA-Seq,"{'id': 'Hs', 'name': 'Human'}",34380047,ERR4390279.fastq.gz,"siRNA knockdown of endogenous TDP-43, rescue of TDP-43 knockdown with inducible variant: False",TDP-43:  M337P,ERR4390279,QuantSeq,,,ASF at the Francis Crick Institute,Jernej Ule,,,,,,polya,,Martina Hallegger,,HiSeq 4000,,HEK293,,forward,,,,
176623532810418544,TDP-43 condensation properties QuantSeq,988656526258610666,TDP43_batch2_G335A_neg_siTDP_4,false,RNA-Seq,"{'id': 'Hs', 'name': 'Human'}",34380047,ERR5714315.fastq.gz,"siRNA knockdown of endogenous TDP-43, rescue of TDP-43 knockdown with inducible variant: False",TDP-43:  G335A,ERR5714315,QuantSeq,,,ASF at the Francis Crick Institute,Jernej Ule,,,,,,polya,,Martina Hallegger,,HiSeq 4000,,HEK293,,forward,,,,
176623532810418544,TDP-43 condensation properties QuantSeq,767804465029145354,TDP43_batch1_WT_pos_siTDP_2,false,RNA-Seq,"{'id': 'Hs', 'name': 'Human'}",34380047,ERR4390293.fastq.gz,"siRNA knockdown of endogenous TDP-43 and rescue, rescue of TDP-43 knockdown with inducible variant: True",TDP-43:  Wild-type,ERR4390293,QuantSeq,,,ASF at the Francis Crick Institute,Jernej Ule,,,,,,polya,,Martina Hallegger,,HiSeq 4000,,HEK293,,forward,,,,
176623532810418544,TDP-43 condensation properties QuantSeq,283710150644665914,TDP43_batch2_delUCR_pos_siTDP_6,false,RNA-Seq,"{'id': 'Hs', 'name': 'Human'}",34380047,ERR5714311.fastq.gz,"siRNA knockdown of endogenous TDP-43, rescue of TDP-43 knockdown with inducible variant: True",TDP-43:  316del346,ERR5714311,QuantSeq,,,ASF at the Francis Crick Institute,Jernej Ule,,,,,,polya,,Martina Hallegger,,HiSeq 4000,,HEK293,,forward,,,,
176623532810418544,TDP-43 condensation properties QuantSeq,887407041449147534,TDP43_batch2_G335A_pos_siTDP_3,false,RNA-Seq,"{'id': 'Hs', 'name': 'Human'}",34380047,ERR5714320.fastq.gz,"siRNA knockdown of endogenous TDP-43, rescue of TDP-43 knockdown with inducible variant: True",TDP-43:  G335A,ERR5714320,QuantSeq,,,ASF at the Francis Crick Institute,Jernej Ule,,,,,,polya,,Martina Hallegger,,HiSeq 4000,,HEK293,,forward,,,,
176623532810418544,TDP-43 condensation properties QuantSeq,872418850046476683,TDP43_batch2_G335A_neg_siTDP_5,false,RNA-Seq,"{'id': 'Hs', 'name': 'Human'}",34380047,ERR5714316.fastq.gz,"siRNA knockdown of endogenous TDP-43, rescue of TDP-43 knockdown with inducible variant: False",TDP-43:  G335A,ERR5714316,QuantSeq,,,ASF at the Francis Crick Institute,Jernej Ule,,,,,,polya,,Martina Hallegger,,HiSeq 4000,,HEK293,,forward,,,,
176623532810418544,TDP-43 condensation properties QuantSeq,637443776457479966,TDP43_batch2_delUCR_neg_siTDP_2,false,RNA-Seq,"{'id': 'Hs', 'name': 'Human'}",34380047,ERR5714301.fastq.gz,"siRNA knockdown of endogenous TDP-43, rescue of TDP-43 knockdown with inducible variant: False",TDP-43:  316del346,ERR5714301,QuantSeq,,,ASF at the Francis Crick Institute,Jernej Ule,,,,,,polya,,Martina Hallegger,,HiSeq 4000,,HEK293,,forward,,,,
176623532810418544,TDP-43 condensation properties QuantSeq,625654368658992425,TDP43_batch1_G335A_neg_siTDP_1,false,RNA-Seq,"{'id': 'Hs', 'name': 'Human'}",34380047,ERR4390271.fastq.gz,"siRNA knockdown of endogenous TDP-43, rescue of TDP-43 knockdown with inducible variant: False",TDP-43:  G335A,ERR4390271,QuantSeq,,,ASF at the Francis Crick Institute,Jernej Ule,,,,,,polya,,Martina Hallegger,,HiSeq 4000,,HEK293,,forward,,,,
176623532810418544,TDP-43 condensation properties QuantSeq,559946041221598143,TDP43_batch1_Q331K_neg_siTDP_3,false,RNA-Seq,"{'id': 'Hs', 'name': 'Human'}",34380047,ERR4390285.fastq.gz,"siRNA knockdown of endogenous TDP-43, rescue of TDP-43 knockdown with inducible variant: False",TDP-43:  Q331K,ERR4390285,QuantSeq,,,ASF at the Francis Crick Institute,Jernej Ule,,,,,,polya,,Martina Hallegger,,HiSeq 4000,,HEK293,,forward,,,,
176623532810418544,TDP-43 condensation properties QuantSeq,985030687124106783,TDP43_batch2_G335A_pos_siTDP_4,false,RNA-Seq,"{'id': 'Hs', 'name': 'Human'}",34380047,ERR5714321.fastq.gz,"siRNA knockdown of endogenous TDP-43, rescue of TDP-43 knockdown with inducible variant: True",TDP-43:  G335A,ERR5714321,QuantSeq,,,ASF at the Francis Crick Institute,Jernej Ule,,,,,,polya,,Martina Hallegger,,HiSeq 4000,,HEK293,,forward,,,,
176623532810418544,TDP-43 condensation properties QuantSeq,739960113643186328,TDP43_batch1_G294A_pos_siTDP_1,false,RNA-Seq,"{'id': 'Hs', 'name': 'Human'}",34380047,ERR4390268.fastq.gz,"siRNA knockdown of endogenous TDP-43 and rescue, rescue of TDP-43 knockdown with inducible variant: True",TDP-43:  G294A,ERR4390268,QuantSeq,,,ASF at the Francis Crick Institute,Jernej Ule,,,,,,polya,,Martina Hallegger,,HiSeq 4000,,HEK293,,forward,,,,
176623532810418544,TDP-43 condensation properties QuantSeq,410677161204081632,TDP43_batch2_G335A_neg_siTDP_2,false,RNA-Seq,"{'id': 'Hs', 'name': 'Human'}",34380047,ERR5714313.fastq.gz,"siRNA knockdown of endogenous TDP-43, rescue of TDP-43 knockdown with inducible variant: False",TDP-43:  G335A,ERR5714313,QuantSeq,,,ASF at the Francis Crick Institute,Jernej Ule,,,,,,polya,,Martina Hallegger,,HiSeq 4000,,HEK293,,forward,,,,
176623532810418544,TDP-43 condensation properties QuantSeq,930508724750214798,TDP43_batch2_G335A_pos_siTDP_1,false,RNA-Seq,"{'id': 'Hs', 'name': 'Human'}",34380047,ERR5714318.fastq.gz,"siRNA knockdown of endogenous TDP-43, rescue of TDP-43 knockdown with inducible variant: True",TDP-43:  G335A,ERR5714318,QuantSeq,,,ASF at the Francis Crick Institute,Jernej Ule,,,,,,polya,,Martina Hallegger,,HiSeq 4000,,HEK293,,forward,,,,
176623532810418544,TDP-43 condensation properties QuantSeq,347931845046946681,TDP43_batch1_Q331K_neg_siTDP_1,false,RNA-Seq,"{'id': 'Hs', 'name': 'Human'}",34380047,ERR4390283.fastq.gz,"siRNA knockdown of endogenous TDP-43, rescue of TDP-43 knockdown with inducible variant: False",TDP-43:  Q331K,ERR4390283,QuantSeq,,,ASF at the Francis Crick Institute,Jernej Ule,,,,,,polya,,Martina Hallegger,,HiSeq 4000,,HEK293,,forward,,,,
176623532810418544,TDP-43 condensation properties QuantSeq,947320338544432709,TDP43_batch1_A326P,false,RNA-Seq,"{'id': 'Hs', 'name': 'Human'}",34380047,ERR5714258.fastq.gz,"Endogenous TDP-43, rescue of TDP-43 knockdown with inducible variant: False",TDP-43:  A326P,ERR5714258,QuantSeq,,,ASF at the Francis Crick Institute,Jernej Ule,,,,,,polya,,Martina Hallegger,,HiSeq 4000,,HEK293,,forward,,,,
176623532810418544,TDP-43 condensation properties QuantSeq,555225137539999266,TDP43_batch2_A326P_neg_siTDP_6,false,RNA-Seq,"{'id': 'Hs', 'name': 'Human'}",34380047,ERR5714293.fastq.gz,"siRNA knockdown of endogenous TDP-43, rescue of TDP-43 knockdown with inducible variant: True",TDP-43:  A326P,ERR5714293,QuantSeq,,,ASF at the Francis Crick Institute,Jernej Ule,,,,,,polya,,Martina Hallegger,,HiSeq 4000,,HEK293,,forward,,,,
176623532810418544,TDP-43 condensation properties QuantSeq,605252982381178598,TDP43_batch2_delUCR_neg_siTDP_3,false,RNA-Seq,"{'id': 'Hs', 'name': 'Human'}",34380047,ERR5714302.fastq.gz,"siRNA knockdown of endogenous TDP-43, rescue of TDP-43 knockdown with inducible variant: False",TDP-43:  316del346,ERR5714302,QuantSeq,,,ASF at the Francis Crick Institute,Jernej Ule,,,,,,polya,,Martina Hallegger,,HiSeq 4000,,HEK293,,forward,,,,
176623532810418544,TDP-43 condensation properties QuantSeq,841343051276658251,TDP43_batch2_G335A_pos_siTDP_5,false,RNA-Seq,"{'id': 'Hs', 'name': 'Human'}",34380047,ERR5714322.fastq.gz,"siRNA knockdown of endogenous TDP-43, rescue of TDP-43 knockdown with inducible variant: True",TDP-43:  G335A,ERR5714322,QuantSeq,,,ASF at the Francis Crick Institute,Jernej Ule,,,,,,polya,,Martina Hallegger,,HiSeq 4000,,HEK293,,forward,,,,
176623532810418544,TDP-43 condensation properties QuantSeq,305332387785512153,TDP43_batch2_WT_neg_siTDP_1,false,RNA-Seq,"{'id': 'Hs', 'name': 'Human'}",34380047,ERR5714336.fastq.gz,"siRNA knockdown of endogenous TDP-43, rescue of TDP-43 knockdown with inducible variant: False",TDP-43:  Wild-type,ERR5714336,QuantSeq,,,ASF at the Francis Crick Institute,Jernej Ule,,,,,,polya,,Martina Hallegger,,HiSeq 4000,,HEK293,,forward,,,,
176623532810418544,TDP-43 condensation properties QuantSeq,503872765805397188,TDP43_batch2_G335A_neg_siTDP_3,false,RNA-Seq,"{'id': 'Hs', 'name': 'Human'}",34380047,ERR5714314.fastq.gz,"siRNA knockdown of endogenous TDP-43, rescue of TDP-43 knockdown with inducible variant: False",TDP-43:  G335A,ERR5714314,QuantSeq,,,ASF at the Francis Crick Institute,Jernej Ule,,,,,,polya,,Martina Hallegger,,HiSeq 4000,,HEK293,,forward,,,,
176623532810418544,TDP-43 condensation properties QuantSeq,321720756119620742,TDP43_batch2_M337P_pos_siTDP_6,false,RNA-Seq,"{'id': 'Hs', 'name': 'Human'}",34380047,ERR5714335.fastq.gz,"siRNA knockdown of endogenous TDP-43, rescue of TDP-43 knockdown with inducible variant: True",TDP-43:  M337P,ERR5714335,QuantSeq,,,ASF at the Francis Crick Institute,Jernej Ule,,,,,,polya,,Martina Hallegger,,HiSeq 4000,,HEK293,,forward,,,,
176623532810418544,TDP-43 condensation properties QuantSeq,952666812118324513,TDP43_batch2_delUCR_pos_siTDP_5,false,RNA-Seq,"{'id': 'Hs', 'name': 'Human'}",34380047,ERR5714310.fastq.gz,"siRNA knockdown of endogenous TDP-43, rescue of TDP-43 knockdown with inducible variant: True",TDP-43:  316del346,ERR5714310,QuantSeq,,,ASF at the Francis Crick Institute,Jernej Ule,,,,,,polya,,Martina Hallegger,,HiSeq 4000,,HEK293,,forward,,,,
176623532810418544,TDP-43 condensation properties QuantSeq,427409321177759039,TDP43_batch2_M337P_pos_siTDP_5,false,RNA-Seq,"{'id': 'Hs', 'name': 'Human'}",34380047,ERR5714334.fastq.gz,"siRNA knockdown of endogenous TDP-43, rescue of TDP-43 knockdown with inducible variant: True",TDP-43:  M337P,ERR5714334,QuantSeq,,,ASF at the Francis Crick Institute,Jernej Ule,,,,,,polya,,Martina Hallegger,,HiSeq 4000,,HEK293,,forward,,,,
176623532810418544,TDP-43 condensation properties QuantSeq,301965943758004650,TDP43_batch2_M337P_neg_siTDP_3,false,RNA-Seq,"{'id': 'Hs', 'name': 'Human'}",34380047,ERR5714326.fastq.gz,"siRNA knockdown of endogenous TDP-43, rescue of TDP-43 knockdown with inducible variant: False",TDP-43:  M337P,ERR5714326,QuantSeq,,,ASF at the Francis Crick Institute,Jernej Ule,,,,,,polya,,Martina Hallegger,,HiSeq 4000,,HEK293,,forward,,,,
176623532810418544,TDP-43 condensation properties QuantSeq,809633381207931789,TDP43_batch2_delUCR_pos_siTDP_4,false,RNA-Seq,"{'id': 'Hs', 'name': 'Human'}",34380047,ERR5714309.fastq.gz,"siRNA knockdown of endogenous TDP-43, rescue of TDP-43 knockdown with inducible variant: True",TDP-43:  316del346,ERR5714309,QuantSeq,,,ASF at the Francis Crick Institute,Jernej Ule,,,,,,polya,,Martina Hallegger,,HiSeq 4000,,HEK293,,forward,,,,
176623532810418544,TDP-43 condensation properties QuantSeq,322142945611551418,TDP43_batch1_WT_neg_siTDP_2,false,RNA-Seq,"{'id': 'Hs', 'name': 'Human'}",34380047,ERR4390290.fastq.gz,"siRNA knockdown of endogenous TDP-43, rescue of TDP-43 knockdown with inducible variant: False",TDP-43:  Wild-type,ERR4390290,QuantSeq,,,ASF at the Francis Crick Institute,Jernej Ule,,,,,,polya,,Martina Hallegger,,HiSeq 4000,,HEK293,,forward,,,,
176623532810418544,TDP-43 condensation properties QuantSeq,568236702624420185,TDP43_batch2_delUCR_neg_siTDP_5,false,RNA-Seq,"{'id': 'Hs', 'name': 'Human'}",34380047,ERR5714304.fastq.gz,"siRNA knockdown of endogenous TDP-43, rescue of TDP-43 knockdown with inducible variant: False",TDP-43:  316del346,ERR5714304,QuantSeq,,,ASF at the Francis Crick Institute,Jernej Ule,,,,,,polya,,Martina Hallegger,,HiSeq 4000,,HEK293,,forward,,,,
176623532810418544,TDP-43 condensation properties QuantSeq,606086225825586642,TDP43_batch2_delUCR_neg_siTDP_4,false,RNA-Seq,"{'id': 'Hs', 'name': 'Human'}",34380047,ERR5714303.fastq.gz,"siRNA knockdown of endogenous TDP-43, rescue of TDP-43 knockdown with inducible variant: False",TDP-43:  316del346,ERR5714303,QuantSeq,,,ASF at the Francis Crick Institute,Jernej Ule,,,,,,polya,,Martina Hallegger,,HiSeq 4000,,HEK293,,forward,,,,
176623532810418544,TDP-43 condensation properties QuantSeq,423326365913128499,TDP43_batch2_M337P_neg_siTDP_2,false,RNA-Seq,"{'id': 'Hs', 'name': 'Human'}",34380047,ERR5714325.fastq.gz,"siRNA knockdown of endogenous TDP-43, rescue of TDP-43 knockdown with inducible variant: False",TDP-43:  M337P,ERR5714325,QuantSeq,,,ASF at the Francis Crick Institute,Jernej Ule,,,,,,polya,,Martina Hallegger,,HiSeq 4000,,HEK293,,forward,,,,
176623532810418544,TDP-43 condensation properties QuantSeq,859700382416263486,TDP43_batch1_A326P_neg_siTDP_2,false,RNA-Seq,"{'id': 'Hs', 'name': 'Human'}",34380047,ERR4390254.fastq.gz,"siRNA knockdown of endogenous TDP-43, rescue of TDP-43 knockdown with inducible variant: False",TDP-43:  A326P,ERR4390254,QuantSeq,,,ASF at the Francis Crick Institute,Jernej Ule,,,,,,polya,,Martina Hallegger,,HiSeq 4000,,HEK293,,forward,,,,
176623532810418544,TDP-43 condensation properties QuantSeq,992565190924978038,TDP43_batch1_delUCR_pos_siTDP_1,false,RNA-Seq,"{'id': 'Hs', 'name': 'Human'}",34380047,ERR4390262.fastq.gz,"siRNA knockdown of endogenous TDP-43 and rescue, rescue of TDP-43 knockdown with inducible variant: True",TDP-43:  316del346,ERR4390262,QuantSeq,,,ASF at the Francis Crick Institute,Jernej Ule,,,,,,polya,,Martina Hallegger,,HiSeq 4000,,HEK293,,forward,,,,
176623532810418544,TDP-43 condensation properties QuantSeq,882078263135513079,TDP43_batch2_M337P_neg_siTDP_6,false,RNA-Seq,"{'id': 'Hs', 'name': 'Human'}",34380047,ERR5714329.fastq.gz,"siRNA knockdown of endogenous TDP-43, rescue of TDP-43 knockdown with inducible variant: False",TDP-43:  M337P,ERR5714329,QuantSeq,,,ASF at the Francis Crick Institute,Jernej Ule,,,,,,polya,,Martina Hallegger,,HiSeq 4000,,HEK293,,forward,,,,
176623532810418544,TDP-43 condensation properties QuantSeq,576933751678363008,TDP43_batch1_Q331K_pos_3,false,RNA-Seq,"{'id': 'Hs', 'name': 'Human'}",34380047,ERR5714281.fastq.gz,"Endogenous TDP-43, rescue of TDP-43 knockdown with inducible variant: True",TDP-43:  Q331K,ERR5714281,QuantSeq,,,ASF at the Francis Crick Institute,Jernej Ule,,,,,,polya,,Martina Hallegger,,HiSeq 4000,,HEK293,,forward,,,,
176623532810418544,TDP-43 condensation properties QuantSeq,174340749188861124,TDP43_batch2_M337P_pos_siTDP_3,false,RNA-Seq,"{'id': 'Hs', 'name': 'Human'}",34380047,ERR5714332.fastq.gz,"siRNA knockdown of endogenous TDP-43, rescue of TDP-43 knockdown with inducible variant: True",TDP-43:  M337P,ERR5714332,QuantSeq,,,ASF at the Francis Crick Institute,Jernej Ule,,,,,,polya,,Martina Hallegger,,HiSeq 4000,,HEK293,,forward,,,,
176623532810418544,TDP-43 condensation properties QuantSeq,781296673903395759,TDP43_batch2_A326P_pos_siTDP_2,false,RNA-Seq,"{'id': 'Hs', 'name': 'Human'}",34380047,ERR5714295.fastq.gz,"siRNA knockdown of endogenous TDP-43, rescue of TDP-43 knockdown with inducible variant: True",TDP-43:  A326P,ERR5714295,QuantSeq,,,ASF at the Francis Crick Institute,Jernej Ule,,,,,,polya,,Martina Hallegger,,HiSeq 4000,,HEK293,,forward,,,,
176623532810418544,TDP-43 condensation properties QuantSeq,304751850744026681,TDP43_batch2_M337P_neg_siTDP_4,false,RNA-Seq,"{'id': 'Hs', 'name': 'Human'}",34380047,ERR5714327.fastq.gz,"siRNA knockdown of endogenous TDP-43, rescue of TDP-43 knockdown with inducible variant: False",TDP-43:  M337P,ERR5714327,QuantSeq,,,ASF at the Francis Crick Institute,Jernej Ule,,,,,,polya,,Martina Hallegger,,HiSeq 4000,,HEK293,,forward,,,,
176623532810418544,TDP-43 condensation properties QuantSeq,588204771007474469,TDP43_batch2_delUCR_pos_siTDP_1,false,RNA-Seq,"{'id': 'Hs', 'name': 'Human'}",34380047,ERR5714306.fastq.gz,"siRNA knockdown of endogenous TDP-43, rescue of TDP-43 knockdown with inducible variant: True",TDP-43:  316del346,ERR5714306,QuantSeq,,,ASF at the Francis Crick Institute,Jernej Ule,,,,,,polya,,Martina Hallegger,,HiSeq 4000,,HEK293,,forward,,,,
176623532810418544,TDP-43 condensation properties QuantSeq,169417673303327650,TDP43_batch2_WT_neg_siTDP_3,false,RNA-Seq,"{'id': 'Hs', 'name': 'Human'}",34380047,ERR5714338.fastq.gz,"siRNA knockdown of endogenous TDP-43, rescue of TDP-43 knockdown with inducible variant: False",TDP-43:  Wild-type,ERR5714338,QuantSeq,,,ASF at the Francis Crick Institute,Jernej Ule,,,,,,polya,,Martina Hallegger,,HiSeq 4000,,HEK293,,forward,,,,
176623532810418544,TDP-43 condensation properties QuantSeq,822515157237820627,TDP43_batch2_M337P_neg_siTDP_1,false,RNA-Seq,"{'id': 'Hs', 'name': 'Human'}",34380047,ERR5714324.fastq.gz,"siRNA knockdown of endogenous TDP-43, rescue of TDP-43 knockdown with inducible variant: False",TDP-43:  M337P,ERR5714324,QuantSeq,,,ASF at the Francis Crick Institute,Jernej Ule,,,,,,polya,,Martina Hallegger,,HiSeq 4000,,HEK293,,forward,,,,
176623532810418544,TDP-43 condensation properties QuantSeq,849793174625745359,TDP43_batch1_G335A_pos_3,false,RNA-Seq,"{'id': 'Hs', 'name': 'Human'}",34380047,ERR5714273.fastq.gz,"Endogenous TDP-43, rescue of TDP-43 knockdown with inducible variant: True",TDP-43:  G335A,ERR5714273,QuantSeq,,,ASF at the Francis Crick Institute,Jernej Ule,,,,,,polya,,Martina Hallegger,,HiSeq 4000,,HEK293,,forward,,,,
176623532810418544,TDP-43 condensation properties QuantSeq,487597085795684702,TDP43_batch1_A326P_neg_siTDP_1,false,RNA-Seq,"{'id': 'Hs', 'name': 'Human'}",34380047,ERR4390253.fastq.gz,"siRNA knockdown of endogenous TDP-43, rescue of TDP-43 knockdown with inducible variant: False",TDP-43:  A326P,ERR4390253,QuantSeq,,,ASF at the Francis Crick Institute,Jernej Ule,,,,,,polya,,Martina Hallegger,,HiSeq 4000,,HEK293,,forward,,,,
176623532810418544,TDP-43 condensation properties QuantSeq,153869453349097886,TDP43_batch1_WT_pos_3,false,RNA-Seq,"{'id': 'Hs', 'name': 'Human'}",34380047,ERR5714287.fastq.gz,"Endogenous TDP-43, rescue of TDP-43 knockdown with inducible variant: True",TDP-43:  Wild-type,ERR5714287,QuantSeq,,,ASF at the Francis Crick Institute,Jernej Ule,,,,,,polya,,Martina Hallegger,,HiSeq 4000,,HEK293,,forward,,,,
176623532810418544,TDP-43 condensation properties QuantSeq,458404737424653351,TDP43_batch1_G335A,false,RNA-Seq,"{'id': 'Hs', 'name': 'Human'}",34380047,ERR5714270.fastq.gz,"Endogenous TDP-43, rescue of TDP-43 knockdown with inducible variant: False",TDP-43:  G335A,ERR5714270,QuantSeq,,,ASF at the Francis Crick Institute,Jernej Ule,,,,,,polya,,Martina Hallegger,,HiSeq 4000,,HEK293,,forward,,,,
176623532810418544,TDP-43 condensation properties QuantSeq,315542203421666344,TDP43_batch1_delUCR,false,RNA-Seq,"{'id': 'Hs', 'name': 'Human'}",34380047,ERR5714262.fastq.gz,"Endogenous TDP-43, rescue of TDP-43 knockdown with inducible variant: False",TDP-43:  316del346,ERR5714262,QuantSeq,,,ASF at the Francis Crick Institute,Jernej Ule,,,,,,polya,,Martina Hallegger,,HiSeq 4000,,HEK293,,forward,,,,
176623532810418544,TDP-43 condensation properties QuantSeq,515874695507447188,TDP43_batch1_delUCR_pos_3,false,RNA-Seq,"{'id': 'Hs', 'name': 'Human'}",34380047,ERR5714265.fastq.gz,"Endogenous TDP-43, rescue of TDP-43 knockdown with inducible variant: True",TDP-43:  316del346,ERR5714265,QuantSeq,,,ASF at the Francis Crick Institute,Jernej Ule,,,,,,polya,,Martina Hallegger,,HiSeq 4000,,HEK293,,forward,,,,
176623532810418544,TDP-43 condensation properties QuantSeq,709159925645913164,TDP43_batch1_G294A_pos_3,false,RNA-Seq,"{'id': 'Hs', 'name': 'Human'}",34380047,ERR5714269.fastq.gz,"Endogenous TDP-43, rescue of TDP-43 knockdown with inducible variant: True",TDP-43:  G294A,ERR5714269,QuantSeq,,,ASF at the Francis Crick Institute,Jernej Ule,,,,,,polya,,Martina Hallegger,,HiSeq 4000,,HEK293,,forward,,,,
176623532810418544,TDP-43 condensation properties QuantSeq,866567907622644627,TDP43_batch2_A326P_pos_siTDP_1,false,RNA-Seq,"{'id': 'Hs', 'name': 'Human'}",34380047,ERR5714294.fastq.gz,"siRNA knockdown of endogenous TDP-43, rescue of TDP-43 knockdown with inducible variant: True",TDP-43:  A326P,ERR5714294,QuantSeq,,,ASF at the Francis Crick Institute,Jernej Ule,,,,,,polya,,Martina Hallegger,,HiSeq 4000,,HEK293,,forward,,,,
176623532810418544,TDP-43 condensation properties QuantSeq,939330590443973652,TDP43_batch2_A326P_neg_siTDP_4,false,RNA-Seq,"{'id': 'Hs', 'name': 'Human'}",34380047,ERR5714291.fastq.gz,"siRNA knockdown of endogenous TDP-43, rescue of TDP-43 knockdown with inducible variant: False",TDP-43:  A326P,ERR5714291,QuantSeq,,,ASF at the Francis Crick Institute,Jernej Ule,,,,,,polya,,Martina Hallegger,,HiSeq 4000,,HEK293,,forward,,,,
176623532810418544,TDP-43 condensation properties QuantSeq,369621629602160467,TDP43_batch1_G294A,false,RNA-Seq,"{'id': 'Hs', 'name': 'Human'}",34380047,ERR5714266.fastq.gz,"Endogenous TDP-43, rescue of TDP-43 knockdown with inducible variant: False",TDP-43:  G294A,ERR5714266,QuantSeq,,,ASF at the Francis Crick Institute,Jernej Ule,,,,,,polya,,Martina Hallegger,,HiSeq 4000,,HEK293,,forward,,,,
176623532810418544,TDP-43 condensation properties QuantSeq,517571148506497922,TDP43_batch1_A326P_pos_3,false,RNA-Seq,"{'id': 'Hs', 'name': 'Human'}",34380047,ERR5714261.fastq.gz,"Endogenous TDP-43, rescue of TDP-43 knockdown with inducible variant: True",TDP-43:  A326P,ERR5714261,QuantSeq,,,ASF at the Francis Crick Institute,Jernej Ule,,,,,,polya,,Martina Hallegger,,HiSeq 4000,,HEK293,,forward,,,,
176623532810418544,TDP-43 condensation properties QuantSeq,518654871385218615,TDP43_batch1_M337P,false,RNA-Seq,"{'id': 'Hs', 'name': 'Human'}",34380047,ERR5714274.fastq.gz,"Endogenous TDP-43, rescue of TDP-43 knockdown with inducible variant: False",TDP-43:  M337P,ERR5714274,QuantSeq,,,ASF at the Francis Crick Institute,Jernej Ule,,,,,,polya,,Martina Hallegger,,HiSeq 4000,,HEK293,,forward,,,,
176623532810418544,TDP-43 condensation properties QuantSeq,108296958032222318,TDP43_batch1_G294A_pos_1,false,RNA-Seq,"{'id': 'Hs', 'name': 'Human'}",34380047,ERR5714267.fastq.gz,"Endogenous TDP-43, rescue of TDP-43 knockdown with inducible variant: True",TDP-43:  G294A,ERR5714267,QuantSeq,,,ASF at the Francis Crick Institute,Jernej Ule,,,,,,polya,,Martina Hallegger,,HiSeq 4000,,HEK293,,forward,,,,
176623532810418544,TDP-43 condensation properties QuantSeq,214692943507051599,TDP43_batch2_A326P_neg_siTDP_2,false,RNA-Seq,"{'id': 'Hs', 'name': 'Human'}",34380047,ERR5714289.fastq.gz,"siRNA knockdown of endogenous TDP-43, rescue of TDP-43 knockdown with inducible variant: False",TDP-43:  A326P,ERR5714289,QuantSeq,,,ASF at the Francis Crick Institute,Jernej Ule,,,,,,polya,,Martina Hallegger,,HiSeq 4000,,HEK293,,forward,,,,
176623532810418544,TDP-43 condensation properties QuantSeq,873132668830696506,TDP43_batch1_G294A_pos_2,false,RNA-Seq,"{'id': 'Hs', 'name': 'Human'}",34380047,ERR5714268.fastq.gz,"Endogenous TDP-43, rescue of TDP-43 knockdown with inducible variant: True",TDP-43:  G294A,ERR5714268,QuantSeq,,,ASF at the Francis Crick Institute,Jernej Ule,,,,,,polya,,Martina Hallegger,,HiSeq 4000,,HEK293,,forward,,,,
176623532810418544,TDP-43 condensation properties QuantSeq,858912888662240354,TDP43_batch1_M337P_pos_3,false,RNA-Seq,"{'id': 'Hs', 'name': 'Human'}",34380047,ERR5714277.fastq.gz,"Endogenous TDP-43, rescue of TDP-43 knockdown with inducible variant: True",TDP-43:  M337P,ERR5714277,QuantSeq,,,ASF at the Francis Crick Institute,Jernej Ule,,,,,,polya,,Martina Hallegger,,HiSeq 4000,,HEK293,,forward,,,,
176623532810418544,TDP-43 condensation properties QuantSeq,999298877998975494,TDP43_batch1_M337P_pos_1,false,RNA-Seq,"{'id': 'Hs', 'name': 'Human'}",34380047,ERR5714275.fastq.gz,"Endogenous TDP-43, rescue of TDP-43 knockdown with inducible variant: True",TDP-43:  M337P,ERR5714275,QuantSeq,,,ASF at the Francis Crick Institute,Jernej Ule,,,,,,polya,,Martina Hallegger,,HiSeq 4000,,HEK293,,forward,,,,
176623532810418544,TDP-43 condensation properties QuantSeq,784658858772101702,TDP43_batch1_WT_2,false,RNA-Seq,"{'id': 'Hs', 'name': 'Human'}",34380047,ERR5714283.fastq.gz,"Endogenous TDP-43, rescue of TDP-43 knockdown with inducible variant: False",TDP-43:  Wild-type,ERR5714283,QuantSeq,,,ASF at the Francis Crick Institute,Jernej Ule,,,,,,polya,,Martina Hallegger,,HiSeq 4000,,HEK293,,forward,,,,
176623532810418544,TDP-43 condensation properties QuantSeq,628033982281683708,TDP43_batch2_M337P_neg_siTDP_5,false,RNA-Seq,"{'id': 'Hs', 'name': 'Human'}",34380047,ERR5714328.fastq.gz,"siRNA knockdown of endogenous TDP-43, rescue of TDP-43 knockdown with inducible variant: False",TDP-43:  M337P,ERR5714328,QuantSeq,,,ASF at the Francis Crick Institute,Jernej Ule,,,,,,polya,,Martina Hallegger,,HiSeq 4000,,HEK293,,forward,,,,
176623532810418544,TDP-43 condensation properties QuantSeq,106553762472611414,TDP43_batch2_A326P_pos_siTDP_4,false,RNA-Seq,"{'id': 'Hs', 'name': 'Human'}",34380047,ERR5714297.fastq.gz,"siRNA knockdown of endogenous TDP-43, rescue of TDP-43 knockdown with inducible variant: True",TDP-43:  A326P,ERR5714297,QuantSeq,,,ASF at the Francis Crick Institute,Jernej Ule,,,,,,polya,,Martina Hallegger,,HiSeq 4000,,HEK293,,forward,,,,
176623532810418544,TDP-43 condensation properties QuantSeq,429232892643599828,TDP43_batch2_A326P_neg_siTDP_5,false,RNA-Seq,"{'id': 'Hs', 'name': 'Human'}",34380047,ERR5714292.fastq.gz,"siRNA knockdown of endogenous TDP-43, rescue of TDP-43 knockdown with inducible variant: False",TDP-43:  A326P,ERR5714292,QuantSeq,,,ASF at the Francis Crick Institute,Jernej Ule,,,,,,polya,,Martina Hallegger,,HiSeq 4000,,HEK293,,forward,,,,
176623532810418544,TDP-43 condensation properties QuantSeq,605473862401229020,TDP43_batch1_WT_pos_1,false,RNA-Seq,"{'id': 'Hs', 'name': 'Human'}",34380047,ERR5714285.fastq.gz,"Endogenous TDP-43, rescue of TDP-43 knockdown with inducible variant: True",TDP-43:  Wild-type,ERR5714285,QuantSeq,,,ASF at the Francis Crick Institute,Jernej Ule,,,,,,polya,,Martina Hallegger,,HiSeq 4000,,HEK293,,forward,,,,
176623532810418544,TDP-43 condensation properties QuantSeq,894755900039310199,TDP43_batch2_M337P_pos_siTDP_1,false,RNA-Seq,"{'id': 'Hs', 'name': 'Human'}",34380047,ERR5714330.fastq.gz,"siRNA knockdown of endogenous TDP-43, rescue of TDP-43 knockdown with inducible variant: True",TDP-43:  M337P,ERR5714330,QuantSeq,,,ASF at the Francis Crick Institute,Jernej Ule,,,,,,polya,,Martina Hallegger,,HiSeq 4000,,HEK293,,forward,,,,
176623532810418544,TDP-43 condensation properties QuantSeq,214977923341614140,TDP43_batch1_M337P_pos_2,false,RNA-Seq,"{'id': 'Hs', 'name': 'Human'}",34380047,ERR5714276.fastq.gz,"Endogenous TDP-43, rescue of TDP-43 knockdown with inducible variant: True",TDP-43:  M337P,ERR5714276,QuantSeq,,,ASF at the Francis Crick Institute,Jernej Ule,,,,,,polya,,Martina Hallegger,,HiSeq 4000,,HEK293,,forward,,,,
176623532810418544,TDP-43 condensation properties QuantSeq,801711697478433158,TDP43_batch2_A326P_neg_siTDP_3,false,RNA-Seq,"{'id': 'Hs', 'name': 'Human'}",34380047,ERR5714290.fastq.gz,"siRNA knockdown of endogenous TDP-43, rescue of TDP-43 knockdown with inducible variant: False",TDP-43:  A326P,ERR5714290,QuantSeq,,,ASF at the Francis Crick Institute,Jernej Ule,,,,,,polya,,Martina Hallegger,,HiSeq 4000,,HEK293,,forward,,,,
176623532810418544,TDP-43 condensation properties QuantSeq,373913768895636247,TDP43_batch2_delUCR_pos_siTDP_2,false,RNA-Seq,"{'id': 'Hs', 'name': 'Human'}",34380047,ERR5714307.fastq.gz,"siRNA knockdown of endogenous TDP-43, rescue of TDP-43 knockdown with inducible variant: True",TDP-43:  316del346,ERR5714307,QuantSeq,,,ASF at the Francis Crick Institute,Jernej Ule,,,,,,polya,,Martina Hallegger,,HiSeq 4000,,HEK293,,forward,,,,
176623532810418544,TDP-43 condensation properties QuantSeq,775610369630276930,TDP43_batch1_delUCR_pos_1,false,RNA-Seq,"{'id': 'Hs', 'name': 'Human'}",34380047,ERR5714263.fastq.gz,"Endogenous TDP-43, rescue of TDP-43 knockdown with inducible variant: True",TDP-43:  316del346,ERR5714263,QuantSeq,,,ASF at the Francis Crick Institute,Jernej Ule,,,,,,polya,,Martina Hallegger,,HiSeq 4000,,HEK293,,forward,,,,
176623532810418544,TDP-43 condensation properties QuantSeq,610230364874987731,TDP43_batch1_WT_3,false,RNA-Seq,"{'id': 'Hs', 'name': 'Human'}",34380047,ERR5714284.fastq.gz,"Endogenous TDP-43, rescue of TDP-43 knockdown with inducible variant: False",TDP-43:  Wild-type,ERR5714284,QuantSeq,,,ASF at the Francis Crick Institute,Jernej Ule,,,,,,polya,,Martina Hallegger,,HiSeq 4000,,HEK293,,forward,,,,
176623532810418544,TDP-43 condensation properties QuantSeq,991456614773403128,TDP43_batch2_A326P_neg_siTDP_1,false,RNA-Seq,"{'id': 'Hs', 'name': 'Human'}",34380047,ERR5714288.fastq.gz,"siRNA knockdown of endogenous TDP-43, rescue of TDP-43 knockdown with inducible variant: False",TDP-43:  A326P,ERR5714288,QuantSeq,,,ASF at the Francis Crick Institute,Jernej Ule,,,,,,polya,,Martina Hallegger,,HiSeq 4000,,HEK293,,forward,,,,
176623532810418544,TDP-43 condensation properties QuantSeq,453730087686794225,TDP43_batch1_Q331K_pos_2,false,RNA-Seq,"{'id': 'Hs', 'name': 'Human'}",34380047,ERR5714280.fastq.gz,"Endogenous TDP-43, rescue of TDP-43 knockdown with inducible variant: True",TDP-43:  Q331K,ERR5714280,QuantSeq,,,ASF at the Francis Crick Institute,Jernej Ule,,,,,,polya,,Martina Hallegger,,HiSeq 4000,,HEK293,,forward,,,,
176623532810418544,TDP-43 condensation properties QuantSeq,378126473585854161,TDP43_batch1_WT_1,false,RNA-Seq,"{'id': 'Hs', 'name': 'Human'}",34380047,ERR5714282.fastq.gz,"Endogenous TDP-43, rescue of TDP-43 knockdown with inducible variant: False",TDP-43:  Wild-type,ERR5714282,QuantSeq,,,ASF at the Francis Crick Institute,Jernej Ule,,,,,,polya,,Martina Hallegger,,HiSeq 4000,,HEK293,,forward,,,,
176623532810418544,TDP-43 condensation properties QuantSeq,570149565571017310,TDP43_batch1_A326P_pos_1,false,RNA-Seq,"{'id': 'Hs', 'name': 'Human'}",34380047,ERR5714259.fastq.gz,"Endogenous TDP-43, rescue of TDP-43 knockdown with inducible variant: True",TDP-43:  A326P,ERR5714259,QuantSeq,,,ASF at the Francis Crick Institute,Jernej Ule,,,,,,polya,,Martina Hallegger,,HiSeq 4000,,HEK293,,forward,,,,
176623532810418544,TDP-43 condensation properties QuantSeq,380019861024609755,TDP43_batch2_A326P_pos_siTDP_5,false,RNA-Seq,"{'id': 'Hs', 'name': 'Human'}",34380047,ERR5714298.fastq.gz,"siRNA knockdown of endogenous TDP-43, rescue of TDP-43 knockdown with inducible variant: True",TDP-43:  A326P,ERR5714298,QuantSeq,,,ASF at the Francis Crick Institute,Jernej Ule,,,,,,polya,,Martina Hallegger,,HiSeq 4000,,HEK293,,forward,,,,
445690803520981384,Human iPSC-derived dopaminergic neurons +/- α-synuclein aggregation,185671075994991962,MSA_fibrils_wk2_2,false,RNA-Seq,"{'id': 'Hs', 'name': 'Human'}",34155194,"SRR14229889_1.fastq.gz,SRR14229889_2.fastq.gz",,,,,,,,Jernej Ule,,,,,,,,Llywelyn Griffith,,Novaseq 6000,,iPSC-derived dopaminergic neurons,,auto,,,,
176623532810418544,TDP-43 condensation properties QuantSeq,931479713438362258,TDP43_batch2_A326P_pos_siTDP_6,false,RNA-Seq,"{'id': 'Hs', 'name': 'Human'}",34380047,ERR5714299.fastq.gz,"siRNA knockdown of endogenous TDP-43, rescue of TDP-43 knockdown with inducible variant: True",TDP-43:  A326P,ERR5714299,QuantSeq,,,ASF at the Francis Crick Institute,Jernej Ule,,,,,,polya,,Martina Hallegger,,HiSeq 4000,,HEK293,,forward,,,,
176623532810418544,TDP-43 condensation properties QuantSeq,292909722473347817,TDP43_batch1_G335A_pos_2,false,RNA-Seq,"{'id': 'Hs', 'name': 'Human'}",34380047,ERR5714272.fastq.gz,"Endogenous TDP-43, rescue of TDP-43 knockdown with inducible variant: True",TDP-43:  G335A,ERR5714272,QuantSeq,,,ASF at the Francis Crick Institute,Jernej Ule,,,,,,polya,,Martina Hallegger,,HiSeq 4000,,HEK293,,forward,,,,
176623532810418544,TDP-43 condensation properties QuantSeq,287092834692498776,TDP43_batch1_Q331K_pos_1,false,RNA-Seq,"{'id': 'Hs', 'name': 'Human'}",34380047,ERR5714279.fastq.gz,"Endogenous TDP-43, rescue of TDP-43 knockdown with inducible variant: True",TDP-43:  Q331K,ERR5714279,QuantSeq,,,ASF at the Francis Crick Institute,Jernej Ule,,,,,,polya,,Martina Hallegger,,HiSeq 4000,,HEK293,,forward,,,,
176623532810418544,TDP-43 condensation properties QuantSeq,156191750842208665,TDP43_batch1_WT_pos_2,false,RNA-Seq,"{'id': 'Hs', 'name': 'Human'}",34380047,ERR5714286.fastq.gz,"Endogenous TDP-43, rescue of TDP-43 knockdown with inducible variant: True",TDP-43:  Wild-type,ERR5714286,QuantSeq,,,ASF at the Francis Crick Institute,Jernej Ule,,,,,,polya,,Martina Hallegger,,HiSeq 4000,,HEK293,,forward,,,,
176623532810418544,TDP-43 condensation properties QuantSeq,928826813316068927,TDP43_batch1_Q331K,false,RNA-Seq,"{'id': 'Hs', 'name': 'Human'}",34380047,ERR5714278.fastq.gz,"Endogenous TDP-43, rescue of TDP-43 knockdown with inducible variant: False",TDP-43:  Q331K,ERR5714278,QuantSeq,,,ASF at the Francis Crick Institute,Jernej Ule,,,,,,polya,,Martina Hallegger,,HiSeq 4000,,HEK293,,forward,,,,
445690803520981384,Human iPSC-derived dopaminergic neurons +/- α-synuclein aggregation,809206691461300263,MSA_fibrils_wk2_1,false,RNA-Seq,"{'id': 'Hs', 'name': 'Human'}",34155194,"SRR14229888_1.fastq.gz,SRR14229888_2.fastq.gz",,,,,,,,Jernej Ule,,,,,,,,Llywelyn Griffith,,Novaseq 6000,,iPSC-derived dopaminergic neurons,,auto,,,,
445690803520981384,Human iPSC-derived dopaminergic neurons +/- α-synuclein aggregation,655273879959092407,MSA_fibrils_wk2_3,false,RNA-Seq,"{'id': 'Hs', 'name': 'Human'}",34155194,"SRR14229890_1.fastq.gz,SRR14229890_2.fastq.gz",,,,,,,,Jernej Ule,,,,,,,,Llywelyn Griffith,,Novaseq 6000,,iPSC-derived dopaminergic neurons,,auto,,,,
176623532810418544,TDP-43 condensation properties QuantSeq,730893610110598762,TDP43_batch1_delUCR_pos_2,false,RNA-Seq,"{'id': 'Hs', 'name': 'Human'}",34380047,ERR5714264.fastq.gz,"Endogenous TDP-43, rescue of TDP-43 knockdown with inducible variant: True",TDP-43:  316del346,ERR5714264,QuantSeq,,,ASF at the Francis Crick Institute,Jernej Ule,,,,,,polya,,Martina Hallegger,,HiSeq 4000,,HEK293,,forward,,,,
176623532810418544,TDP-43 condensation properties QuantSeq,571657922231362944,TDP43_batch2_A326P_pos_siTDP_3,false,RNA-Seq,"{'id': 'Hs', 'name': 'Human'}",34380047,ERR5714296.fastq.gz,"siRNA knockdown of endogenous TDP-43, rescue of TDP-43 knockdown with inducible variant: True",TDP-43:  A326P,ERR5714296,QuantSeq,,,ASF at the Francis Crick Institute,Jernej Ule,,,,,,polya,,Martina Hallegger,,HiSeq 4000,,HEK293,,forward,,,,
445690803520981384,Human iPSC-derived dopaminergic neurons +/- α-synuclein aggregation,451978929901123912,PD_fibrils_wk2_2,false,RNA-Seq,"{'id': 'Hs', 'name': 'Human'}",34155194,"SRR14229886_1.fastq.gz,SRR14229886_2.fastq.gz",,,,,,,,Jernej Ule,,,,,,,,Llywelyn Griffith,,Novaseq 6000,,iPSC-derived dopaminergic neurons,,auto,,,,
176623532810418544,TDP-43 condensation properties QuantSeq,323349071982948491,TDP43_batch1_A326P_pos_2,false,RNA-Seq,"{'id': 'Hs', 'name': 'Human'}",34380047,ERR5714260.fastq.gz,"Endogenous TDP-43, rescue of TDP-43 knockdown with inducible variant: True",TDP-43:  A326P,ERR5714260,QuantSeq,,,ASF at the Francis Crick Institute,Jernej Ule,,,,,,polya,,Martina Hallegger,,HiSeq 4000,,HEK293,,forward,,,,
176623532810418544,TDP-43 condensation properties QuantSeq,293718419271230354,TDP43_batch1_G335A_pos_1,false,RNA-Seq,"{'id': 'Hs', 'name': 'Human'}",34380047,ERR5714271.fastq.gz,"Endogenous TDP-43, rescue of TDP-43 knockdown with inducible variant: True",TDP-43:  G335A,ERR5714271,QuantSeq,,,ASF at the Francis Crick Institute,Jernej Ule,,,,,,polya,,Martina Hallegger,,HiSeq 4000,,HEK293,,forward,,,,
445690803520981384,Human iPSC-derived dopaminergic neurons +/- α-synuclein aggregation,124874407757009012,de_novo_fibrils_wk2_3,false,RNA-Seq,"{'id': 'Hs', 'name': 'Human'}",34155194,"SRR14229884_1.fastq.gz,SRR14229884_2.fastq.gz",,,,,,,,Jernej Ule,,,,,,,,Llywelyn Griffith,,Novaseq 6000,,iPSC-derived dopaminergic neurons,,auto,,,,
445690803520981384,Human iPSC-derived dopaminergic neurons +/- α-synuclein aggregation,648234090905343483,de_novo_fibrils_wk2_1,false,RNA-Seq,"{'id': 'Hs', 'name': 'Human'}",34155194,"SRR14229882_1.fastq.gz,SRR14229882_2.fastq.gz",,,,,,,,Jernej Ule,,,,,,,,Llywelyn Griffith,,NovaSeq 6000,,iPSC-derived dopaminergic neurons,,auto,,,,
445690803520981384,Human iPSC-derived dopaminergic neurons +/- α-synuclein aggregation,594156094392765843,PD_fibrils_wk2_1,false,RNA-Seq,"{'id': 'Hs', 'name': 'Human'}",34155194,"SRR14229885_1.fastq.gz,SRR14229885_2.fastq.gz",,,,,,,,Jernej Ule,,,,,,,,Llywelyn Griffith,,Novaseq 6000,,iPSC-derived dopaminergic neurons,,auto,,,,
445690803520981384,Human iPSC-derived dopaminergic neurons +/- α-synuclein aggregation,569526043110277828,PD_fibrils_wk2_3,false,RNA-Seq,"{'id': 'Hs', 'name': 'Human'}",34155194,"SRR14229887_1.fastq.gz,SRR14229887_2.fastq.gz",,,,,,,,Jernej Ule,,,,,,,,Llywelyn Griffith,,Novaseq 6000,,iPSC-derived dopaminergic neurons,,auto,,,,
445690803520981384,Human iPSC-derived dopaminergic neurons +/- α-synuclein aggregation,197920356294752460,non_seeded_ctrl_wk2_1,false,RNA-Seq,"{'id': 'Hs', 'name': 'Human'}",34155194,"SRR14229879_1.fastq.gz,SRR14229879_2.fastq.gz",,,,,,,,Jernej Ule,,,,,,,,Llywelyn Griffith,,NovaSeq 6000,,iPSC-derived dopaminergic neurons,,auto,,,,
445690803520981384,Human iPSC-derived dopaminergic neurons +/- α-synuclein aggregation,552942996531194886,de_novo_fibrils_wk2_2,false,RNA-Seq,"{'id': 'Hs', 'name': 'Human'}",34155194,"SRR14229883_1.fastq.gz,SRR14229883_2.fastq.gz",,,,,,,,Jernej Ule,,,,,,,,Llywelyn Griffith,,Novaseq 6000,,iPSC-derived dopaminergic neurons,,auto,,,,
445690803520981384,Human iPSC-derived dopaminergic neurons +/- α-synuclein aggregation,770173695444940202,non_seeded_ctrl_wk2_2,false,RNA-Seq,"{'id': 'Hs', 'name': 'Human'}",34155194,"SRR14229880_1.fastq.gz,SRR14229880_2.fastq.gz",,,,,,,,Jernej Ule,,,,,,,,Llywelyn Griffith,,NovaSeq 6000,,iPSC-derived dopaminergic neurons,,auto,,,,
445690803520981384,Human iPSC-derived dopaminergic neurons +/- α-synuclein aggregation,428141633758185494,non_seeded_ctrl_wk2_3,false,RNA-Seq,"{'id': 'Hs', 'name': 'Human'}",34155194,"SRR14229881_1.fastq.gz,SRR14229881_2.fastq.gz",,,,,,,,Jernej Ule,,,,,,,,Llywelyn Griffith,,NovaSeq 6000,,iPSC-derived dopaminergic neurons,,auto,,,,
987969514500769798,4R WT vs 4R P301S Tau neurons +/- k18,791210970486091459,4R_WT_vehicle_3,false,RNA-Seq,"{'id': 'Hs', 'name': 'Human'}",,"SRR27985043_1.fastq.gz,SRR27985043_2.fastq.gz",,,,,,,,Jernej Ule,,,,,,,,Llywelyn Griffith,,Novaseq 6000,,iPSC-derived cortical neurons,,auto,,,,
987969514500769798,4R WT vs 4R P301S Tau neurons +/- k18,350577381967866874,4R_WT_vehicle_2,false,RNA-Seq,"{'id': 'Hs', 'name': 'Human'}",,"SRR27985042_1.fastq.gz,SRR27985042_2.fastq.gz",,,,,,,,Jernej Ule,,,,,,,,Llywelyn Griffith,,Novaseq 6000,,iPSC-derived cortical neurons,,auto,,,,
987969514500769798,4R WT vs 4R P301S Tau neurons +/- k18,609715400425401506,4R_WT_vehicle_1,false,RNA-Seq,"{'id': 'Hs', 'name': 'Human'}",,"SRR27985041_1.fastq.gz,SRR27985041_2.fastq.gz",,,,,,,,Jernej Ule,,,,,,,,Llywelyn Griffith,,Novaseq 6000,,iPSC-derived cortical neurons,,auto,,,,
987969514500769798,4R WT vs 4R P301S Tau neurons +/- k18,742211102487513442,4R_WT_vehicle_5,false,RNA-Seq,"{'id': 'Hs', 'name': 'Human'}",,"SRR27985045_1.fastq.gz,SRR27985045_2.fastq.gz",,,,,,,,Jernej Ule,,,,,,,,Llywelyn Griffith,,Novaseq 6000,,iPSC-derived cortical neurons,,auto,,,,
987969514500769798,4R WT vs 4R P301S Tau neurons +/- k18,858953997436641180,4R_WT_vehicle_4,false,RNA-Seq,"{'id': 'Hs', 'name': 'Human'}",,"SRR27985044_1.fastq.gz,SRR27985044_2.fastq.gz",,,,,,,,Jernej Ule,,,,,,,,Llywelyn Griffith,,Novaseq 6000,,iPSC-derived cortical neurons,,auto,,,,
987969514500769798,4R WT vs 4R P301S Tau neurons +/- k18,842125453364253193,4R_WT_k18_2,false,RNA-Seq,"{'id': 'Hs', 'name': 'Human'}",38582079,"SRR27985037_1.fastq.gz,SRR27985037_2.fastq.gz",,,,,,,,Jernej Ule,,,,,,,,Llywelyn Griffith,,Novaseq 6000,,iPSC-derived cortical neurons,,auto,,,,
987969514500769798,4R WT vs 4R P301S Tau neurons +/- k18,813611502005426631,4R_WT_k18_3,false,RNA-Seq,"{'id': 'Hs', 'name': 'Human'}",38582079,"SRR27985038_1.fastq.gz,SRR27985038_2.fastq.gz",,,,,,,,Jernej Ule,,,,,,,,Llywelyn Griffith,,Novaseq 6000,,iPSC-derived cortical neurons,,auto,,,,
987969514500769798,4R WT vs 4R P301S Tau neurons +/- k18,680918712856350531,4R_WT_k18_5,false,RNA-Seq,"{'id': 'Hs', 'name': 'Human'}",38582079,"SRR27985040_1.fastq.gz,SRR27985040_2.fastq.gz",,,,,,,,Jernej Ule,,,,,,,,Llywelyn Griffith,,Novaseq 6000,,iPSC-derived cortical neurons,,auto,,,,
987969514500769798,4R WT vs 4R P301S Tau neurons +/- k18,353078973748842363,4R_WT_k18_4,false,RNA-Seq,"{'id': 'Hs', 'name': 'Human'}",38582079,"SRR27985039_1.fastq.gz,SRR27985039_2.fastq.gz",,,,,,,,Jernej Ule,,,,,,,,Llywelyn Griffith,,Novaseq 6000,,iPSC-derived cortical neurons,,auto,,,,
987969514500769798,4R WT vs 4R P301S Tau neurons +/- k18,672190400504027221,4R_WT_k18_1 ,false,RNA-Seq,"{'id': 'Hs', 'name': 'Human'}",38582079,"SRR27985036_1.fastq.gz,SRR27985036_2.fastq.gz",,,,,,,,Jernej Ule,,,,,,,,Llywelyn Griffith,,Novaseq 6000,,iPSC-derived cortical neurons,,auto,,,,
987969514500769798,4R WT vs 4R P301S Tau neurons +/- k18,370030160584019447,4R_P301S_vehicle_2,false,RNA-Seq,"{'id': 'Hs', 'name': 'Human'}",38582079,"SRR27985032_1.fastq.gz,SRR27985032_2.fastq.gz",,,,,,,,Jernej Ule,,,,,,,,Llywelyn Griffith,,Novaseq 6000,,iPSC-derived cortical neurons,,auto,,,,
987969514500769798,4R WT vs 4R P301S Tau neurons +/- k18,322737501318191272,4R_WT_k18_1_wrong_label,false,RNA-Seq,"{'id': 'Hs', 'name': 'Human'}",38582079,"SRR27985035_1.fastq.gz,SRR27985035_2.fastq.gz",,,,,,,,Jernej Ule,,,,,,,,Llywelyn Griffith,,Novaseq 6000,,iPSC-derived cortical neurons,,auto,,,,
987969514500769798,4R WT vs 4R P301S Tau neurons +/- k18,624095958405841202,4R_P301S_vehicle_5,false,RNA-Seq,"{'id': 'Hs', 'name': 'Human'}",38582079,"SRR27985035_1.fastq.gz,SRR27985035_2.fastq.gz",,,,,,,,Jernej Ule,,,,,,,,Llywelyn Griffith,,Novaseq 6000,,iPSC-derived cortical neurons,,auto,,,,
987969514500769798,4R WT vs 4R P301S Tau neurons +/- k18,151094876518748323,4R_P301S_vehicle_4,false,RNA-Seq,"{'id': 'Hs', 'name': 'Human'}",38582079,"SRR27985034_1.fastq.gz,SRR27985034_2.fastq.gz",,,,,,,,Jernej Ule,,,,,,,,Llywelyn Griffith,,Novaseq 6000,,iPSC-derived cortical neurons,,auto,,,,
987969514500769798,4R WT vs 4R P301S Tau neurons +/- k18,382716704554247911,4R_P301S_vehicle_3,false,RNA-Seq,"{'id': 'Hs', 'name': 'Human'}",38582079,"SRR27985033_1.fastq.gz,SRR27985033_2.fastq.gz",,,,,,,,Jernej Ule,,,,,,,,Llywelyn Griffith,,Novaseq 6000,,iPSC-derived cortical neurons,,auto,,,,
987969514500769798,4R WT vs 4R P301S Tau neurons +/- k18,697709834909523357,4R_P301S_k18_3,false,RNA-Seq,"{'id': 'Hs', 'name': 'Human'}",38582079,"SRR27985029_1.fastq.gz,SRR27985029_2.fastq.gz",,,,,,,,Jernej Ule,,,,,,,,Llywelyn Griffith,,Novaseq 6000,,iPSC-derived cortical neurons,,auto,,,,
987969514500769798,4R WT vs 4R P301S Tau neurons +/- k18,404491018643263496,4R_P301S_k18_4,false,RNA-Seq,"{'id': 'Hs', 'name': 'Human'}",38582079,"SRR27985030_1.fastq.gz,SRR27985030_2.fastq.gz",,,,,,,,Jernej Ule,,,,,,,,Llywelyn Griffith,,Novaseq 6000,,iPSC-derived cortical neurons,,auto,,,,
987969514500769798,4R WT vs 4R P301S Tau neurons +/- k18,587721716867825130,4R_P301S_vehicle_1 ,false,RNA-Seq,"{'id': 'Hs', 'name': 'Human'}",38582079,"SRR27985031_1.fastq.gz,SRR27985031_2.fastq.gz",,,,,,,,Jernej Ule,,,,,,,,Llywelyn Griffith,,Novaseq 6000,,iPSC-derived cortical neurons,,auto,,,,
987969514500769798,4R WT vs 4R P301S Tau neurons +/- k18,381434993763130164,4R_P301S_k18_1 ,false,RNA-Seq,"{'id': 'Hs', 'name': 'Human'}",38582079,"SRR27985027_1.fastq.gz,SRR27985027_2.fastq.gz",,,,,,,,Jernej Ule,,,,,,,,Llywelyn Griffith,,NovaSeq 6000,,iPSC-derived cortical neurons,,auto,,,,
987969514500769798,4R WT vs 4R P301S Tau neurons +/- k18,990907368693304735,4R_P301S_k18_2,false,RNA-Seq,"{'id': 'Hs', 'name': 'Human'}",38582079,"SRR27985028_1.fastq.gz,SRR27985028_2.fastq.gz",,,,,,,,Jernej Ule,,,,,,,,Llywelyn Griffith,,Novaseq 6000,,iPSC-derived cortical neurons,,auto,,,,
511277460261818821,APP PSEN1 mutant neurons,880830181330788644,APP_PSEN1_double_mut_1,false,RNA-Seq,"{'id': 'Hs', 'name': 'Human'}",31416668,"SRR8732104_1.fastq.gz,SRR8732104_2.fastq.gz",,,,,,,,Jernej Ule,,,,,,,,Llywelyn Griffith,,HiSeq 2500,,iPSC-derived cortical neurons,,auto,,,,
156734491864145324,Healthy vs C9orf72 patient-derived neurons,113425861746973039,C9orf72_ctrlRNA_3,false,RNA-Seq,"{'id': 'Hs', 'name': 'Human'}",34376242,"SRR10398956_1.fastq.gz,SRR10398956_2.fastq.gz",,,,,,,,Jernej Ule,,,,,,,,Llywelyn Griffith,,HiSeq 4000,,iPSC motor neurons,,auto,,,,
511277460261818821,APP PSEN1 mutant neurons,231626292914944522,APP_PSEN1_double_mut_3,false,RNA-Seq,"{'id': 'Hs', 'name': 'Human'}",31416668,"SRR8732106_1.fastq.gz,SRR8732106_2.fastq.gz",,,,,,,,Jernej Ule,,,,,,,,Llywelyn Griffith,,HiSeq 2500,,iPSC-derived cortical neurons,,auto,,,,
156734491864145324,Healthy vs C9orf72 patient-derived neurons,784143725352648295,healthy_ctrlRNA_1,false,RNA-Seq,"{'id': 'Hs', 'name': 'Human'}",34376242,"SRR10398936_1.fastq.gz,SRR10398936_2.fastq.gz",,,,,,,,Jernej Ule,,,,,,,,Llywelyn Griffith,,HiSeq 4000,,iPSC motor neurons,,auto,,,,
156734491864145324,Healthy vs C9orf72 patient-derived neurons,327508571149243455,C9orf72_ctrlRNA_1,false,RNA-Seq,"{'id': 'Hs', 'name': 'Human'}",34376242,"SRR10398948_1.fastq.gz,SRR10398948_2.fastq.gz",,,,,,,,Jernej Ule,,,,,,,,Llywelyn Griffith,,HiSeq 4000,,iPSC motor neurons,,auto,,,,
511277460261818821,APP PSEN1 mutant neurons,856661303143272436,PSEN1_mut_2,false,RNA-Seq,"{'id': 'Hs', 'name': 'Human'}",31416668,"SRR8732102_1.fastq.gz,SRR8732102_2.fastq.gz",,,,,,,,Jernej Ule,,,,,,,,Llywelyn Griffith,,HiSeq 2500,,iPSC-derived cortical neurons,,auto,,,,
511277460261818821,APP PSEN1 mutant neurons,217835318285517948,APP_mut_3,false,RNA-Seq,"{'id': 'Hs', 'name': 'Human'}",31416668,"SRR8732100_1.fastq.gz,SRR8732100_2.fastq.gz",,,,,,,,Jernej Ule,,,,,,,,Llywelyn Griffith,,HiSeq 2500,,iPSC-derived cortical neurons,,auto,,,,
511277460261818821,APP PSEN1 mutant neurons,309278162680920189,APP_mut_1,false,RNA-Seq,"{'id': 'Hs', 'name': 'Human'}",31416668,"SRR8732098_1.fastq.gz,SRR8732098_2.fastq.gz",,,,,,,,Jernej Ule,,,,,,,,Llywelyn Griffith,,HiSeq 2500,,iPSC-derived cortical neurons,,auto,,,,
511277460261818821,APP PSEN1 mutant neurons,597599801656430162,WT_2,false,RNA-Seq,"{'id': 'Hs', 'name': 'Human'}",31416668,"SRR8732096_1.fastq.gz,SRR8732096_2.fastq.gz",,,,,,,,Jernej Ule,,,,,,,,Llywelyn Griffith,,HiSeq 2500,,iPSC-derived cortical neurons,,auto,,,,
511277460261818821,APP PSEN1 mutant neurons,498725198583818509,WT_1,false,RNA-Seq,"{'id': 'Hs', 'name': 'Human'}",31416668,"SRR8732095_1.fastq.gz,SRR8732095_2.fastq.gz",,,,,,,,Jernej Ule,,,,,,,,Llywelyn Griffith,,HiSeq 2500,,iPSC-derived cortical neurons,,auto,,,,
511277460261818821,APP PSEN1 mutant neurons,673126885669359734,PSEN1_mut_3,false,RNA-Seq,"{'id': 'Hs', 'name': 'Human'}",31416668,"SRR8732103_1.fastq.gz,SRR8732103_2.fastq.gz",,,,,,,,Jernej Ule,,,,,,,,Llywelyn Griffith,,HiSeq 2500,,iPSC-derived cortical neurons,,auto,,,,
156734491864145324,Healthy vs C9orf72 patient-derived neurons,523037916184821990,healthy_ctrlRNA_3,false,RNA-Seq,"{'id': 'Hs', 'name': 'Human'}",34376242,"SRR10398944_1.fastq.gz,SRR10398944_2.fastq.gz",,,,,,,,Jernej Ule,,,,,,,,Llywelyn Griffith,,HiSeq 4000,,iPSC motor neurons,,auto,,,,
930692781147750699,Human iPSC-derived motor neurons WT vs FUS-P525L/P525L mutant,339566353011625134,FUS_P525L_1,false,RNA-Seq,"{'id': 'Hs', 'name': 'Human'}",28988989,"SRR5256871_1.fastq.gz,SRR5256871_2.fastq.gz",,,,,,,,Jernej Ule,,,,,,,,Llywelyn Griffith,,HiSeq 2500,,iPSC motor neurons,,auto,,,,
176623532810418544,TDP-43 condensation properties QuantSeq,204941716929654480,TDP43_batch1_M337P_pos_siTDP_2,false,RNA-Seq,"{'id': 'Hs', 'name': 'Human'}",34380047,ERR4390281.fastq.gz,"siRNA knockdown of endogenous TDP-43 and rescue, rescue of TDP-43 knockdown with inducible variant: True",TDP-43:  M337P,ERR4390281,QuantSeq,,,ASF at the Francis Crick Institute,Jernej Ule,,,,,,polya,,Martina Hallegger,,HiSeq 4000,,HEK293,,forward,,,,
511277460261818821,APP PSEN1 mutant neurons,142496915023518773,PSEN1_mut_1,false,RNA-Seq,"{'id': 'Hs', 'name': 'Human'}",31416668,"SRR8732101_1.fastq.gz,SRR8732101_2.fastq.gz",,,,,,,,Jernej Ule,,,,,,,,Llywelyn Griffith,,HiSeq 2500,,iPSC-derived cortical neurons,,auto,,,,
511277460261818821,APP PSEN1 mutant neurons,288255546112151242,WT_3,false,RNA-Seq,"{'id': 'Hs', 'name': 'Human'}",31416668,"SRR8732097_1.fastq.gz,SRR8732097_2.fastq.gz",,,,,,,,Jernej Ule,,,,,,,,Llywelyn Griffith,,HiSeq 2500,,iPSC-derived cortical neurons,,auto,,,,
511277460261818821,APP PSEN1 mutant neurons,332318299535976302,APP_mut_2,false,RNA-Seq,"{'id': 'Hs', 'name': 'Human'}",31416668,"SRR8732099_1.fastq.gz,SRR8732099_2.fastq.gz",,,,,,,,Jernej Ule,,,,,,,,Llywelyn Griffith,,HiSeq 2500,,iPSC-derived cortical neurons,,auto,,,,
930692781147750699,Human iPSC-derived motor neurons WT vs FUS-P525L/P525L mutant,507868599857329259,FUS_P525L_3,false,RNA-Seq,"{'id': 'Hs', 'name': 'Human'}",28988989,"SRR5256873_1.fastq.gz,SRR5256873_2.fastq.gz",,,,,,,,Jernej Ule,,,,,,,,Llywelyn Griffith,,HiSeq 2500,,iPSC motor neurons,,auto,,,,
156734491864145324,Healthy vs C9orf72 patient-derived neurons,626099202174341213,healthy_ctrlRNA_2,false,RNA-Seq,"{'id': 'Hs', 'name': 'Human'}",34376242,"SRR10398940_1.fastq.gz,SRR10398940_2.fastq.gz",,,,,,,,Jernej Ule,,,,,,,,Llywelyn Griffith,,HiSeq 4000,,iPSC motor neurons,,auto,,,,
156734491864145324,Healthy vs C9orf72 patient-derived neurons,101385437017910735,C9orf72_ctrlRNA_2,false,RNA-Seq,"{'id': 'Hs', 'name': 'Human'}",34376242,"SRR10398952_1.fastq.gz,SRR10398952_2.fastq.gz",,,,,,,,Jernej Ule,,,,,,,,Llywelyn Griffith,,HiSeq 4000,,iPSC motor neurons,,auto,,,,
930692781147750699,Human iPSC-derived motor neurons WT vs FUS-P525L/P525L mutant,606649064610488358,WT_3,false,RNA-Seq,"{'id': 'Hs', 'name': 'Human'}",28988989,"SRR5256870_1.fastq.gz,SRR5256870_2.fastq.gz",,,,,,,,Jernej Ule,,,,,,,,Llywelyn Griffith,,HiSeq 2500,,iPSC motor neurons,,auto,,,,
930692781147750699,Human iPSC-derived motor neurons WT vs FUS-P525L/P525L mutant,180371560342365635,FUS_P525L_2,false,RNA-Seq,"{'id': 'Hs', 'name': 'Human'}",28988989,"SRR5256872_1.fastq.gz,SRR5256872_2.fastq.gz",,,,,,,,Jernej Ule,,,,,,,,Llywelyn Griffith,,HiSeq 2500,,iPSC motor neurons,,auto,,,,
923032851747533489,Poised PABP–RNA hubs implement signal-dependent mRNA decay in development,386659935903515739,M6A_WT_Mm_ESC_2iLIF_1,false,CLIP,"{'id': 'Mm', 'name': 'Mouse'}",39054355,SRR14062091.fastq.gz,naive embryonic stem cells,,,miCLIP,NNNNNNNNNN,GSM5209162,Slovenia National Institute of Chemistry,Jernej Ule,anti-m6a,m6A,,,,,,Miha Modic,,Illumina HiSeq 4000,,ESC,mESC V6.5,,,,,
930692781147750699,Human iPSC-derived motor neurons WT vs FUS-P525L/P525L mutant,107113201484490109,WT_1,false,RNA-Seq,"{'id': 'Hs', 'name': 'Human'}",28988989,"SRR5256868_1.fastq.gz,SRR5256868_2.fastq.gz",,,,,,,,Jernej Ule,,,,,,,,Llywelyn Griffith,,HiSeq 2500,,iPSC motor neurons,,auto,,,,
930692781147750699,Human iPSC-derived motor neurons WT vs FUS-P525L/P525L mutant,864324122985074460,WT_2,false,RNA-Seq,"{'id': 'Hs', 'name': 'Human'}",28988989,"SRR5256869_1.fastq.gz,SRR5256869_2.fastq.gz",,,,,,,,Jernej Ule,,,,,,,,Llywelyn Griffith,,HiSeq 2500,,iPSC motor neurons,,auto,,,,
923032851747533489,Poised PABP–RNA hubs implement signal-dependent mRNA decay in development,456823079263905433,M6A_WT_Mm_ESC_2iLIF_2,false,CLIP,"{'id': 'Mm', 'name': 'Mouse'}",39054355,SRR14062090.fastq.gz,naive embryonic stem cells,,,miCLIP,NNNNNNNNNN,GSM5209161,Slovenia National Institute of Chemistry,Jernej Ule,anti-m6a,m6A,,,,,,Miha Modic,,Illumina HiSeq 4000,,ESC,mESC V6.5,,,,,
923032851747533489,Poised PABP–RNA hubs implement signal-dependent mRNA decay in development,807176891458488939,M6A_WT_Mm_ESC_2iLIF_3,false,CLIP,"{'id': 'Mm', 'name': 'Mouse'}",39054355,SRR14062089.fastq.gz,naive embryonic stem cells,,,miCLIP,NNNNNNNNNN,GSM5209160,Slovenia National Institute of Chemistry,Jernej Ule,anti-m6a,m6A,,,,,,Miha Modic,,Illumina HiSeq 4000,,ESC,mESC V6.5,,,,,
923032851747533489,Poised PABP–RNA hubs implement signal-dependent mRNA decay in development,547814824967864508,LIN28A_GFP_Mm_nESC_Ctfusion_7,false,CLIP,"{'id': 'Mm', 'name': 'Mouse'}",39054355,SRR14062287.fastq.gz,"CRISPR fusion of GFP to C-terminus of Lin28a gene, naive embryonic stem cells",Naive group,,iCLIP,NNNNNNNNNN,GSM5209147,Slovenia National Institute of Chemistry,Jernej Ule,"anti-LIN28A polyclonal antibody, Cell Signaling, 3978",LIN28A,cGFP,,,,,Miha Modic,,Illumina HiSeq 4000,,ESC,mESC J1,,,,,
923032851747533489,Poised PABP–RNA hubs implement signal-dependent mRNA decay in development,682839028324649014,LIN28A_GFP_Mm_nESC_Ctfusion_2,false,CLIP,"{'id': 'Mm', 'name': 'Mouse'}",39054355,SRR14062282.fastq.gz,"CRISPR fusion of GFP to C-terminus of Lin28a gene, naive embryonic stem cells",Naive group,,iCLIP,NNNNNNNNNN,GSM5209142,Slovenia National Institute of Chemistry,Jernej Ule,"anti-LIN28A polyclonal antibody, Cell Signaling, 3978",LIN28A,cGFP,,,,,Miha Modic,,Illumina HiSeq 4000,,ESC,mESC J1,,,,,
923032851747533489,Poised PABP–RNA hubs implement signal-dependent mRNA decay in development,801643889976604601,LIN28A_GFPNLS_Mm_nESC_Ctfusion_3,false,CLIP,"{'id': 'Mm', 'name': 'Mouse'}",39054355,SRR14062289.fastq.gz,"CRISPR fusion of GFPNLS to C-terminus of Lin28a gene, naive embryonic stem cells",NLS group,,iCLIP,NNNNNNNNNN,GSM5209149,Slovenia National Institute of Chemistry,Jernej Ule,"anti-LIN28A polyclonal antibody, Cell Signaling, 3978",LIN28A,cGFPNLS,,,,,Miha Modic,,Illumina HiSeq 4000,,ESC,mESC J1,,,,,
923032851747533489,Poised PABP–RNA hubs implement signal-dependent mRNA decay in development,553153422571859085,LIN28A_endo_Mm_ESC_3,false,CLIP,"{'id': 'Mm', 'name': 'Mouse'}",39054355,SRR14062274.fastq.gz,"Endogenous, naive embryonic stem cells",No tag group,,iCLIP,NNNNNNNNNN,GSM5209154,Slovenia National Institute of Chemistry,Jernej Ule,"anti-LIN28A polyclonal antibody, Cell Signaling, 3978",LIN28A,,,,,,Miha Modic,,Illumina HiSeq 4000,,ESC,mESC V6.5,,,,,
923032851747533489,Poised PABP–RNA hubs implement signal-dependent mRNA decay in development,559911272062798174,LIN28A_GFP_Mm_epiblastSC_Ctfusion_6,false,CLIP,"{'id': 'Mm', 'name': 'Mouse'}",39054355,SRR14062280.fastq.gz,"CRISPR fusion of GFP to C-terminus of Lin28a gene, epiblast stem cells",Primed group,,iCLIP,NNNNNNNNNN,GSM5209140,Slovenia National Institute of Chemistry,Jernej Ule,"anti-LIN28A polyclonal antibody, Cell Signaling, 3978",LIN28A,cGFP,,,,,Miha Modic,,Illumina HiSeq 4000,,ESC,mESC J1,,,,,
923032851747533489,Poised PABP–RNA hubs implement signal-dependent mRNA decay in development,601036877480552524,LIN28A_GFP_Mm_nESC_Ctfusion_4,false,CLIP,"{'id': 'Mm', 'name': 'Mouse'}",39054355,SRR14062284.fastq.gz,"CRISPR fusion of GFP to C-terminus of Lin28a gene, naive embryonic stem cells",Naive group,,iCLIP,NNNNNNNNNN,GSM5209144,Slovenia National Institute of Chemistry,Jernej Ule,"anti-LIN28A polyclonal antibody, Cell Signaling, 3978",LIN28A,cGFP,,,,,Miha Modic,,Illumina HiSeq 4000,,ESC,mESC J1,,,,,
923032851747533489,Poised PABP–RNA hubs implement signal-dependent mRNA decay in development,220289475707920633,LIN28A_GFP_Mm_nESC_Ctfusion_8,false,CLIP,"{'id': 'Mm', 'name': 'Mouse'}",39054355,SRR14062288.fastq.gz,"CRISPR fusion of GFP to C-terminus of Lin28a gene, naive embryonic stem cells",Naive group,,iCLIP,NNNNNNNNNN,GSM5209148,Slovenia National Institute of Chemistry,Jernej Ule,"anti-LIN28A polyclonal antibody, Cell Signaling, 3978",LIN28A,cGFP,,,,,Miha Modic,,Illumina HiSeq 4000,,ESC,mESC J1,,,,,
923032851747533489,Poised PABP–RNA hubs implement signal-dependent mRNA decay in development,169416663083635144,LIN28A_GFP_Mm_epiblastSC_Ctfusion_4,false,CLIP,"{'id': 'Mm', 'name': 'Mouse'}",39054355,SRR14062278.fastq.gz,"CRISPR fusion of GFP to C-terminus of Lin28a gene, epiblast stem cells",Primed group,,iCLIP,NNNNNNNNNN,GSM5209138,Slovenia National Institute of Chemistry,Jernej Ule,"anti-LIN28A polyclonal antibody, Cell Signaling, 3978",LIN28A,cGFP,,,,,Miha Modic,,Illumina HiSeq 4000,,ESC,mESC J1,,,,,
923032851747533489,Poised PABP–RNA hubs implement signal-dependent mRNA decay in development,779754281438637433,LIN28A_endo_Mm_ESC_1,false,CLIP,"{'id': 'Mm', 'name': 'Mouse'}",39054355,SRR14062272.fastq.gz,"Endogenous, naive embryonic stem cells",No tag group,,iCLIP,NNNNNNNNNN,GSM5209152,Slovenia National Institute of Chemistry,Jernej Ule,"anti-LIN28A polyclonal antibody, Cell Signaling, 3978",LIN28A,,,,,,Miha Modic,,Illumina HiSeq 4000,,ESC,mESC V6.5,,,,,
923032851747533489,Poised PABP–RNA hubs implement signal-dependent mRNA decay in development,183311083918975782,LIN28A_GFP_Mm_epiblastSC_Ctfusion_5,false,CLIP,"{'id': 'Mm', 'name': 'Mouse'}",39054355,SRR14062279.fastq.gz,"CRISPR fusion of GFP to C-terminus of Lin28a gene, epiblast stem cells",Primed group,,iCLIP,NNNNNNNNNN,GSM5209139,Slovenia National Institute of Chemistry,Jernej Ule,"anti-LIN28A polyclonal antibody, Cell Signaling, 3978",LIN28A,cGFP,,,,,Miha Modic,,Illumina HiSeq 4000,,ESC,mESC J1,,,,,
923032851747533489,Poised PABP–RNA hubs implement signal-dependent mRNA decay in development,183733210503703801,LIN28A_GFP_Mm_epiblastSC_Ctfusion_2,false,CLIP,"{'id': 'Mm', 'name': 'Mouse'}",39054355,SRR14062276.fastq.gz,"CRISPR fusion of GFP to C-terminus of Lin28a gene, epiblast stem cells",Primed group,,iCLIP,NNNNNNNNNN,GSM5209136,Slovenia National Institute of Chemistry,Jernej Ule,"anti-LIN28A polyclonal antibody, Cell Signaling, 3978",LIN28A,cGFP,,,,,Miha Modic,,Illumina HiSeq 4000,,ESC,mESC J1,,,,,
923032851747533489,Poised PABP–RNA hubs implement signal-dependent mRNA decay in development,336966819790312874,LIN28A_GFP_Mm_epiblastSC_Ctfusion_3,false,CLIP,"{'id': 'Mm', 'name': 'Mouse'}",39054355,SRR14062277.fastq.gz,"CRISPR fusion of GFP to C-terminus of Lin28a gene, epiblast stem cells",Primed group,,iCLIP,NNNNNNNNNN,GSM5209137,Slovenia National Institute of Chemistry,Jernej Ule,"anti-LIN28A polyclonal antibody, Cell Signaling, 3978",LIN28A,cGFP,,,,,Miha Modic,,Illumina HiSeq 4000,,ESC,mESC J1,,,,,
923032851747533489,Poised PABP–RNA hubs implement signal-dependent mRNA decay in development,349696615543309503,LIN28A_GFP_Mm_epiblastSC_Ctfusion_1,false,CLIP,"{'id': 'Mm', 'name': 'Mouse'}",39054355,SRR14062275.fastq.gz,"CRISPR fusion of GFP to C-terminus of Lin28a gene, epiblast stem cells",Primed group,,iCLIP,NNNNNNNNNN,GSM5209135,Slovenia National Institute of Chemistry,Jernej Ule,"anti-LIN28A polyclonal antibody, Cell Signaling, 3978",LIN28A,cGFP,,,,,Miha Modic,,Illumina HiSeq 4000,,ESC,mESC J1,,,,,
923032851747533489,Poised PABP–RNA hubs implement signal-dependent mRNA decay in development,805356630734040464,LIN28A_GFP_Mm_nESC_Ctfusion_5,false,CLIP,"{'id': 'Mm', 'name': 'Mouse'}",39054355,SRR14062285.fastq.gz,"CRISPR fusion of GFP to C-terminus of Lin28a gene, naive embryonic stem cells",Naive group,,iCLIP,NNNNNNNNNN,GSM5209145,Slovenia National Institute of Chemistry,Jernej Ule,"anti-LIN28A polyclonal antibody, Cell Signaling, 3978",LIN28A,cGFP,,,,,Miha Modic,,Illumina HiSeq 4000,,ESC,mESC J1,,,,,
923032851747533489,Poised PABP–RNA hubs implement signal-dependent mRNA decay in development,418167266582162419,LIN28A_GFP_Mm_nESC_Ctfusion_1,false,CLIP,"{'id': 'Mm', 'name': 'Mouse'}",39054355,SRR14062281.fastq.gz,"CRISPR fusion of GFP to C-terminus of Lin28a gene, naive embryonic stem cells",,,iCLIP,NNNNNNNNNN,GSM5209141,Slovenia National Institute of Chemistry,Jernej Ule,"anti-LIN28A polyclonal antibody, Cell Signaling, 3978",LIN28A,cGFP,,,,,Miha Modic,,Illumina HiSeq 4000,,ESC,mESC J1,,,,,
923032851747533489,Poised PABP–RNA hubs implement signal-dependent mRNA decay in development,674181684924467677,LIN28A_GFPNLS_Mm_nESC_Ctfusion_2,false,CLIP,"{'id': 'Mm', 'name': 'Mouse'}",39054355,SRR14062271.fastq.gz,"CRISPR fusion of GFPNLS to C-terminus of Lin28a gene, naive embryonic stem cells",NLS group,,iCLIP,NNNNNNNNNN,GSM5209151,Slovenia National Institute of Chemistry,Jernej Ule,"anti-LIN28A polyclonal antibody, Cell Signaling, 3978",LIN28A,cGFPNLS,,,,,Miha Modic,,Illumina HiSeq 4000,,ESC,mESC J1,,,,,
923032851747533489,Poised PABP–RNA hubs implement signal-dependent mRNA decay in development,874959803605908071,LIN28A_GFP_Mm_nESC_Ctfusion_6,false,CLIP,"{'id': 'Mm', 'name': 'Mouse'}",39054355,SRR14062286.fastq.gz,"CRISPR fusion of GFP to C-terminus of Lin28a gene, naive embryonic stem cells",Naive group,,iCLIP,NNNNNNNNNN,GSM5209146,Slovenia National Institute of Chemistry,Jernej Ule,"anti-LIN28A polyclonal antibody, Cell Signaling, 3978",LIN28A,cGFP,,,,,Miha Modic,,Illumina HiSeq 4000,,ESC,mESC J1,,,,,
923032851747533489,Poised PABP–RNA hubs implement signal-dependent mRNA decay in development,151455982902182402,LIN28A_GFPNLS_Mm_nESC_Ctfusion_1,false,CLIP,"{'id': 'Mm', 'name': 'Mouse'}",39054355,SRR14062270.fastq.gz,"CRISPR fusion of GFPNLS to C-terminus of Lin28a gene, naive embryonic stem cells",NLS group,,iCLIP,NNNNNNNNNN,GSM5209150,Slovenia National Institute of Chemistry,Jernej Ule,"anti-LIN28A polyclonal antibody, Cell Signaling, 3978",LIN28A,cGFPNLS,,,,,Miha Modic,,Illumina HiSeq 4000,,ESC,mESC J1,,,,,
923032851747533489,Poised PABP–RNA hubs implement signal-dependent mRNA decay in development,424568646736622864,LIN28A_GFP_Mm_nESC_Ctfusion_3,false,CLIP,"{'id': 'Mm', 'name': 'Mouse'}",39054355,SRR14062283.fastq.gz,"CRISPR fusion of GFP to C-terminus of Lin28a gene, naive embryonic stem cells",Naive group,,iCLIP,NNNNNNNNNN,GSM5209143,Slovenia National Institute of Chemistry,Jernej Ule,"anti-LIN28A polyclonal antibody, Cell Signaling, 3978",LIN28A,cGFP,,,,,Miha Modic,,Illumina HiSeq 4000,,ESC,mESC J1,,,,,
923032851747533489,Poised PABP–RNA hubs implement signal-dependent mRNA decay in development,561044483653896797,LIN28A_endo_Mm_ESC_2,false,CLIP,"{'id': 'Mm', 'name': 'Mouse'}",39054355,SRR14062273.fastq.gz,"Endogenous, naive embryonic stem cells",No tag group,,iCLIP,NNNNNNNNNN,GSM5209153,Slovenia National Institute of Chemistry,Jernej Ule,"anti-LIN28A polyclonal antibody, Cell Signaling, 3978",LIN28A,,,,,,Miha Modic,,Illumina HiSeq 4000,,ESC,mESC V6.5,,,,,
923032851747533489,Poised PABP–RNA hubs implement signal-dependent mRNA decay in development,963662438817519345,LIN28A_WT_Mm_ESC_FCL_1,false,CLIP,"{'id': 'Mm', 'name': 'Mouse'}",39054355,ERR11219129.fastq.gz,"iCLIP of induced FLAG-tagged LIN28A-WT in the presence of FGF2, replicate 1",FGF2 + CHIR + LIF,ERR11219129,iCLIP,NNNNNNN,,Slovenia National Institute of Chemistry,Jernej Ule,"anti-LIN28A polyclonal antibody, Cell Signaling, 3978",LIN28A,,,,,,Miha Modic,,NextSeq 550,,ESC,,,,,,
923032851747533489,Poised PABP–RNA hubs implement signal-dependent mRNA decay in development,847313709835616591,LIN28A_WT_Mm_ESC_iLIF_3,false,CLIP,"{'id': 'Mm', 'name': 'Mouse'}",39054355,ERR11219133.fastq.gz,"iCLIP of induced FLAG-tagged LIN28A-WT in the presence of 2iLIF, replicate 3",MEK inhibitor + LIF,ERR11219133,iCLIP,NNNNNNN,,Slovenia National Institute of Chemistry,Jernej Ule,"anti-LIN28A polyclonal antibody, Cell Signaling, 3978",LIN28A,,,,,,Miha Modic,,NextSeq 550,,ESC,,,,,,
923032851747533489,Poised PABP–RNA hubs implement signal-dependent mRNA decay in development,739794628079746846,PABPC4_Mm_ESC_KO_1,false,CLIP,"{'id': 'Mm', 'name': 'Mouse'}",39054355,ERR11219126.fastq.gz,"iCLIP of PABPC4 in LIN28A knockout cells in the presence of FGF2, replicate 1",untreated LIN28A KO,ERR11219126,iCLIP,NNNNNNNNNN,,Slovenia National Institute of Chemistry,Jernej Ule,"anti-PABPC4, Proteintech, 14960-1-AP",PABPC4,,,,,,Miha Modic,,Illumina NovaSeq 6000,,ESC,,,,,,
923032851747533489,Poised PABP–RNA hubs implement signal-dependent mRNA decay in development,368546137353328710,PABPC1_Mm_ESC_KO_1,false,CLIP,"{'id': 'Mm', 'name': 'Mouse'}",39054355,ERR11219124.fastq.gz,"iCLIP of PABPC1 in LIN28A knockout cells in the presence of FGF2, replicate 1",untreated LIN28A KO,ERR11219124,iCLIP,NNNNNNNNNN,,Slovenia National Institute of Chemistry,Jernej Ule,"anti-PABPC1, Abcam, ab21060 and Proteintech, 10970-1-AP",PABPC1,,,,,,Miha Modic,,Illumina NovaSeq 6000,,ESC,,,,,,
923032851747533489,Poised PABP–RNA hubs implement signal-dependent mRNA decay in development,721343835219208234,PABPC1_Mm_ESC_KO_2,false,CLIP,"{'id': 'Mm', 'name': 'Mouse'}",39054355,ERR11219125.fastq.gz,"iCLIP of PABPC1 in LIN28A knockout cells in the presence of FGF2, replicate 2",untreated LIN28A KO,ERR11219125,iCLIP,NNNNNNN,,Slovenia National Institute of Chemistry,Jernej Ule,"anti-PABPC1, Abcam, ab21060 and Proteintech, 10970-1-AP",PABPC1,,,,,,Miha Modic,,Illumina NovaSeq 6000,,ESC,,,,,,
923032851747533489,Poised PABP–RNA hubs implement signal-dependent mRNA decay in development,496230250108615811,LIN28A_WT_Mm_ESC_FCL_2,false,CLIP,"{'id': 'Mm', 'name': 'Mouse'}",39054355,ERR11219130.fastq.gz,"iCLIP of induced FLAG-tagged LIN28A-WT in the presence of FGF2, replicate 2",FGF2 + CHIR + LIF,ERR11219130,iCLIP,NNNNNNN,,Slovenia National Institute of Chemistry,Jernej Ule,"anti-LIN28A polyclonal antibody, Cell Signaling, 3978",LIN28A,,,,,,Miha Modic,,NextSeq 550,,ESC,,,,,,
923032851747533489,Poised PABP–RNA hubs implement signal-dependent mRNA decay in development,521013531280744147,PABPC1_Mm_ESC_DOX_1,false,CLIP,"{'id': 'Mm', 'name': 'Mouse'}",39054355,ERR11219120.fastq.gz,"iCLIP of PABPC1 in LIN28A knockout cells with induction of LIN28A-WT in the presence of FGF2, replicate 1",Dox-induced iLIN28A,ERR11219120,iCLIP,NNNNNNNNNN,,Slovenia National Institute of Chemistry,Jernej Ule,"anti-PABPC1, Abcam, ab21060 and Proteintech, 10970-1-AP",PABPC1,,,,,,Miha Modic,,Illumina NovaSeq 6000,,ESC,,,,,,
923032851747533489,Poised PABP–RNA hubs implement signal-dependent mRNA decay in development,517763543954075462,PABPC4_Mm_ESC_KO_2,false,CLIP,"{'id': 'Mm', 'name': 'Mouse'}",39054355,ERR11219127.fastq.gz,"iCLIP of PABPC4 in LIN28A knockout cells in the presence of FGF2, replicate 2",untreated LIN28A KO,ERR11219127,iCLIP,NNNNNNNNNN,,Slovenia National Institute of Chemistry,Jernej Ule,"anti-PABPC4, Proteintech, 14960-1-AP",PABPC4,,,,,,Miha Modic,,Illumina NovaSeq 6000,,ESC,,,,,,
923032851747533489,Poised PABP–RNA hubs implement signal-dependent mRNA decay in development,468847186312848600,PABPC4_Mm_ESC_DOX_2,false,CLIP,"{'id': 'Mm', 'name': 'Mouse'}",39054355,ERR11219123.fastq.gz,"iCLIP of PABPC4 in LIN28A knockout cells with induction of LIN28A-WT in the presence of FGF2, replicate 2",Dox-induced iLIN28A,ERR11219123,iCLIP,NNNNNNNNNN,,Slovenia National Institute of Chemistry,Jernej Ule,"anti-PABPC4, Proteintech, 14960-1-AP",PABPC4,,,,,,Miha Modic,,Illumina NovaSeq 6000,,ESC,,,,,,
923032851747533489,Poised PABP–RNA hubs implement signal-dependent mRNA decay in development,540788826338882815,PABPC4_Mm_ESC_DOX_1,false,CLIP,"{'id': 'Mm', 'name': 'Mouse'}",39054355,ERR11219122.fastq.gz,"iCLIP of PABPC4 in LIN28A knockout cells with induction of LIN28A-WT in the presence of FGF2, replicate 1",Dox-induced iLIN28A,ERR11219122,iCLIP,NNNNNNNNNN,,Slovenia National Institute of Chemistry,Jernej Ule,"anti-PABPC4, Proteintech, 14960-1-AP",PABPC4,,,,,,Miha Modic,,Illumina NovaSeq 6000,,ESC,,,,,,
923032851747533489,Poised PABP–RNA hubs implement signal-dependent mRNA decay in development,479180641642059182,PABPC1_Mm_ESC_DOX_2,false,CLIP,"{'id': 'Mm', 'name': 'Mouse'}",39054355,ERR11219121.fastq.gz,"iCLIP of PABPC1 in LIN28A knockout cells with induction of LIN28A-WT in the presence of FGF2, replicate 2",Dox-induced iLIN28A,ERR11219121,iCLIP,NNNNNNNNNN,,Slovenia National Institute of Chemistry,Jernej Ule,"anti-PABPC1, Abcam, ab21060 and Proteintech, 10970-1-AP",PABPC1,,,,,,Miha Modic,,Illumina NovaSeq 6000,,ESC,,,,,,
988670738388011766,FUBP1 is a general splicing factor facilitating 3′ splice site recognition and splicing of long introns,427568179609062457,SF1_in_vivo_iCLIP_HeLa_rep2,false,CLIP,"{'id': 'Hs', 'name': 'Human'}",37506698,SRR22544148.fastq.gz,,,,iCLIP2,NNNNNGCCTAANNNN,GSM6793332,"KOENIG LAB, INSTITUTE OF MOLECULAR BIOLOGY",Julian König,Mouse anti-SF1 (Abnova H00007536-M01A),SF1,,,,,,Stefanie Ebersberger,,Illumina HiSeq 2000,,HeLa,,,,,,
923032851747533489,Poised PABP–RNA hubs implement signal-dependent mRNA decay in development,665104516534562092,LIN28A_WT_Mm_ESC_iLIF_1,false,CLIP,"{'id': 'Mm', 'name': 'Mouse'}",39054355,ERR11219131.fastq.gz,"iCLIP of induced FLAG-tagged LIN28A-WT in the presence of 2iLIF, replicate 1",MEK inhibitor + LIF,ERR11219131,iCLIP,NNNNNNN,,Slovenia National Institute of Chemistry,Jernej Ule,"anti-LIN28A polyclonal antibody, Cell Signaling, 3978",LIN28A,,,,,,Miha Modic,,NextSeq 550,,ESC,,,,,,
988670738388011766,FUBP1 is a general splicing factor facilitating 3′ splice site recognition and splicing of long introns,617987999446003426,U2AF2_in_vivo_iCLIP_HeLa_FUBP1_KD_2017_rep2,false,CLIP,"{'id': 'Hs', 'name': 'Human'}",37506698,SRR22544141.fastq.gz,,FUBP1 KD,,iCLIP,NNNTACGNN,GSM6793339,"KOENIG LAB, INSTITUTE OF MOLECULAR BIOLOGY",Julian König,Mouse anti-U2AF2 (Sigma U4758),U2AF2,,,,,,Stefanie Ebersberger,,Illumina HiSeq 2000,,HeLa,,,,,,
988670738388011766,FUBP1 is a general splicing factor facilitating 3′ splice site recognition and splicing of long introns,175247121773287422,SF3B1_in_vivo_iCLIP_HeLa_rep2,false,CLIP,"{'id': 'Hs', 'name': 'Human'}",37506698,SRR22544145.fastq.gz,,,,iCLIP2,NNNNNACATCGNNNN,GSM6793335,"KOENIG LAB, INSTITUTE OF MOLECULAR BIOLOGY",Julian König,Mouse anti-SF3B1 (MBL D221-3),SF3B1,,,,,,Stefanie Ebersberger,,Illumina HiSeq 2000,,HeLa,,,,,,
988670738388011766,FUBP1 is a general splicing factor facilitating 3′ splice site recognition and splicing of long introns,503497254791671864,SF3B1_in_vivo_iCLIP_HeLa_rep4,false,CLIP,"{'id': 'Hs', 'name': 'Human'}",37506698,SRR22544143.fastq.gz,,,,iCLIP2,NNNNNTGGTCANNNN,GSM6793337,"KOENIG LAB, INSTITUTE OF MOLECULAR BIOLOGY",Julian König,Mouse anti-SF3B1 (MBL D221-3),SF3B1,,,,,,Stefanie Ebersberger,,Illumina HiSeq 2000,,HeLa,,,,,,
988670738388011766,FUBP1 is a general splicing factor facilitating 3′ splice site recognition and splicing of long introns,938370653196038039,U2AF2_in_vivo_iCLIP_HeLa_2017_rep2,false,CLIP,"{'id': 'Hs', 'name': 'Human'}",37506698,SRR22544137.fastq.gz,,,,iCLIP,NNNCGAGNN,GSM6793343,"KOENIG LAB, INSTITUTE OF MOLECULAR BIOLOGY",Julian König,Mouse anti-U2AF2 (Sigma U4758),U2AF2,,,,,,Stefanie Ebersberger,,Illumina HiSeq 2000,,HeLa,,,,,,
988670738388011766,FUBP1 is a general splicing factor facilitating 3′ splice site recognition and splicing of long introns,115334896992959544,U2AF2_in_vivo_iCLIP_HeLa_FUBP1_KD_2017_rep4,false,CLIP,"{'id': 'Hs', 'name': 'Human'}",37506698,SRR22544139.fastq.gz,,FUBP1 KD,,iCLIP,NNNCACANN,GSM6793341,"KOENIG LAB, INSTITUTE OF MOLECULAR BIOLOGY",Julian König,Mouse anti-U2AF2 (Sigma U4758),U2AF2,,,,,,Stefanie Ebersberger,,Illumina HiSeq 2000,,HeLa,,,,,,
988670738388011766,FUBP1 is a general splicing factor facilitating 3′ splice site recognition and splicing of long introns,751844744305391202,SF1_in_vivo_iCLIP_HeLa_rep1,false,CLIP,"{'id': 'Hs', 'name': 'Human'}",37506698,SRR22544149.fastq.gz,,,,iCLIP2,NNNNNACATCGNNNN,GSM6793331,"KOENIG LAB, INSTITUTE OF MOLECULAR BIOLOGY",Julian König,Mouse anti-SF1 (Abnova H00007536-M01A),SF1,,,,,,Stefanie Ebersberger,,Illumina HiSeq 2000,,HeLa,,,,,,
988670738388011766,FUBP1 is a general splicing factor facilitating 3′ splice site recognition and splicing of long introns,609602023001349690,U2AF2_in_vivo_iCLIP_HeLa_2017_rep1,false,CLIP,"{'id': 'Hs', 'name': 'Human'}",37506698,SRR22544138.fastq.gz,,,,iCLIP,NNNATCGNN,GSM6793342,"KOENIG LAB, INSTITUTE OF MOLECULAR BIOLOGY",Julian König,Mouse anti-U2AF2 (Sigma U4758),U2AF2,,,,,,Stefanie Ebersberger,,Illumina HiSeq 2000,,HeLa,,,,,,
988670738388011766,FUBP1 is a general splicing factor facilitating 3′ splice site recognition and splicing of long introns,441737608061839604,U2AF2_in_vivo_iCLIP_HeLa_FUBP1_KD_2017_rep3,false,CLIP,"{'id': 'Hs', 'name': 'Human'}",37506698,SRR22544140.fastq.gz,,FUBP1 KD,,iCLIP,NNNGCGTNN,GSM6793340,"KOENIG LAB, INSTITUTE OF MOLECULAR BIOLOGY",Julian König,Mouse anti-U2AF2 (Sigma U4758),U2AF2,,,,,,Stefanie Ebersberger,,Illumina HiSeq 2000,,HeLa,,,,,,
923032851747533489,Poised PABP–RNA hubs implement signal-dependent mRNA decay in development,524378588777657644,LIN28A_WT_Mm_ESC_iLIF_2,false,CLIP,"{'id': 'Mm', 'name': 'Mouse'}",39054355,ERR11219132.fastq.gz,"iCLIP of induced FLAG-tagged LIN28A-WT in the presence of 2iLIF, replicate 2",MEK inhibitor + LIF,ERR11219132,iCLIP,NNNNNNN,,Slovenia National Institute of Chemistry,Jernej Ule,"anti-LIN28A polyclonal antibody, Cell Signaling, 3978",LIN28A,,,,,,Miha Modic,,NextSeq 550,,ESC,,,,,,
988670738388011766,FUBP1 is a general splicing factor facilitating 3′ splice site recognition and splicing of long introns,731930047197590221,U2AF2_in_vivo_iCLIP_HeLa_FUBP1_KD_2017_rep1,false,CLIP,"{'id': 'Hs', 'name': 'Human'}",37506698,SRR22544142.fastq.gz,,FUBP1 KD,,iCLIP,NNNTATTNN,GSM6793338,"KOENIG LAB, INSTITUTE OF MOLECULAR BIOLOGY",Julian König,Mouse anti-U2AF2 (Sigma U4758),U2AF2,,,,,,Stefanie Ebersberger,,Illumina HiSeq 2000,,HeLa,,,,,,
988670738388011766,FUBP1 is a general splicing factor facilitating 3′ splice site recognition and splicing of long introns,938063079734946921,SF3B1_in_vivo_iCLIP_HeLa_rep3,false,CLIP,"{'id': 'Hs', 'name': 'Human'}",37506698,SRR22544144.fastq.gz,,,,iCLIP2,NNNNNGCCTAANNNN,GSM6793336,"KOENIG LAB, INSTITUTE OF MOLECULAR BIOLOGY",Julian König,Mouse anti-SF3B1 (MBL D221-3),SF3B1,,,,,,Stefanie Ebersberger,,Illumina HiSeq 2000,,HeLa,,,,,,
988670738388011766,FUBP1 is a general splicing factor facilitating 3′ splice site recognition and splicing of long introns,687551486709744082,SF3B1_in_vivo_iCLIP_HeLa_rep1,false,CLIP,"{'id': 'Hs', 'name': 'Human'}",37506698,SRR22544146.fastq.gz,,,,iCLIP2,NNNNNCGTGATNNNN,GSM6793334,"KOENIG LAB, INSTITUTE OF MOLECULAR BIOLOGY",Julian König,Mouse anti-SF3B1 (MBL D221-3),SF3B1,,,,,,Stefanie Ebersberger,,Illumina HiSeq 2000,,HeLa,,,,,,
988670738388011766,FUBP1 is a general splicing factor facilitating 3′ splice site recognition and splicing of long introns,203191960983834665,SF1_in_vivo_iCLIP_HeLa_rep3,false,CLIP,"{'id': 'Hs', 'name': 'Human'}",37506698,SRR22544147.fastq.gz,,,,iCLIP2,NNNNNTGGTCANNNN,GSM6793333,"KOENIG LAB, INSTITUTE OF MOLECULAR BIOLOGY",Julian König,Mouse anti-SF1 (Abnova H00007536-M01A),SF1,,,,,,Stefanie Ebersberger,,Illumina HiSeq 2000,,HeLa,,,,,,
988670738388011766,FUBP1 is a general splicing factor facilitating 3′ splice site recognition and splicing of long introns,950144394797588288,U2AF2_in_vivo_iCLIP_HeLa_2017_rep3,false,CLIP,"{'id': 'Hs', 'name': 'Human'}",37506698,SRR22544136.fastq.gz,,,,iCLIP,NNNAGAANN,GSM6793344,"KOENIG LAB, INSTITUTE OF MOLECULAR BIOLOGY",Julian König,Mouse anti-U2AF2 (Sigma U4758),U2AF2,,,,,,Stefanie Ebersberger,,Illumina HiSeq 2000,,HeLa,,,,,,
988670738388011766,FUBP1 is a general splicing factor facilitating 3′ splice site recognition and splicing of long introns,802935309070992690,FUBP1_in_vivo_iCLIP_HeLa_rep3_Homo_sapiens_RIP-Seq,false,CLIP,"{'id': 'Hs', 'name': 'Human'}",,SRR22544152_GSM6793328_FUBP1_in_vivo_iCLIP_HeLa_rep3_Homo_sapiens_RIP-Seq.fastq.gz,,,,iCLIP2,NNNNNACATCGNNNN,GSM6793328,Institute of Molecular Biology (IMB) Mainz,Julian König,anti-FUBP1 GeneTex GTX104579,Fubp1,,,,,,Stefanie Ebersberger,,Illumina HiSeq 2000,,HeLa,,,,,,
923032851747533489,Poised PABP–RNA hubs implement signal-dependent mRNA decay in development,949838175741601888,LIN28A_S200A_Mm_ESC_FCL_1,false,CLIP,"{'id': 'Mm', 'name': 'Mouse'}",39054355,ERR11219128.fastq.gz,"iCLIP of induced FLAG-tagged LIN28A-S200A in the presence of FGF2, replicate 1",FGF2 + CHIR + LIF,ERR11219128,iCLIP,NNNNNNNNNN,,Slovenia National Institute of Chemistry,Jernej Ule,"anti-LIN28A polyclonal antibody, Cell Signaling, 3978",LIN28A,S200A,,,,,Miha Modic,,NextSeq 550,,ESC,,,,,,
988670738388011766,FUBP1 is a general splicing factor facilitating 3′ splice site recognition and splicing of long introns,890310578669721606,FUBP1_in_vivo_iCLIP_HeLa_rep2_Homo_sapiens_RIP-Seq,false,CLIP,"{'id': 'Hs', 'name': 'Human'}",,SRR22544153_GSM6793327_FUBP1_in_vivo_iCLIP_HeLa_rep2_Homo_sapiens_RIP-Seq.fastq.gz,,,,iCLIP2,NNNNNGATCTGNNNN,GSM6793327,Institute of Molecular Biology (IMB) Mainz,Julian König,anti-FUBP1 GeneTex GTX104579,Fubp1,,,,,,Stefanie Ebersberger,,Illumina HiSeq 2000,,HeLa,,,,,,
988670738388011766,FUBP1 is a general splicing factor facilitating 3′ splice site recognition and splicing of long introns,575258594478331465,FUBP1_in_vivo_iCLIP_HeLa_rep1_Homo_sapiens_RIP-Seq,false,CLIP,"{'id': 'Hs', 'name': 'Human'}",,SRR22544154_GSM6793326_FUBP1_in_vivo_iCLIP_HeLa_rep1_Homo_sapiens_RIP-Seq.fastq.gz,,,,iCLIP2,NNNNNTGGTCANNNN,GSM6793326,Institute of Molecular Biology (IMB) Mainz,Julian König,anti-FUBP1 GeneTex GTX104579,Fubp1,,,,,,Stefanie Ebersberger,,Illumina HiSeq 2000,,HeLa,,,,,,
988670738388011766,FUBP1 is a general splicing factor facilitating 3′ splice site recognition and splicing of long introns,183785948002083881,FUBP1_in_vivo_iCLIP_HeLa_rep5_Homo_sapiens_RIP-Seq,false,CLIP,"{'id': 'Hs', 'name': 'Human'}",,SRR22544150_GSM6793330_FUBP1_in_vivo_iCLIP_HeLa_rep5_Homo_sapiens_RIP-Seq.fastq.gz,,,,iCLIP2,NNNNNTCAAGTNNNN,GSM6793330,,Julian König,anti-FUBP1 GeneTex GTX104579,Fubp1,,,,,,Stefanie Ebersberger,,Illumina HiSeq 2000,,HeLa,,,,,,
988670738388011766,FUBP1 is a general splicing factor facilitating 3′ splice site recognition and splicing of long introns,556556469401137076,FUBP1_in_vivo_iCLIP_HeLa_rep4_Homo_sapiens_RIP-Seq,false,CLIP,"{'id': 'Hs', 'name': 'Human'}",,SRR22544151_GSM6793329_FUBP1_in_vivo_iCLIP_HeLa_rep4_Homo_sapiens_RIP-Seq.fastq.gz,,,,iCLIP2,NNNNNATTGGCNNNN,GSM6793329,,Julian König,anti-FUBP1 GeneTex GTX104579,Fubp1,,,,,,Stefanie Ebersberger,,Illumina HiSeq 2000,,Hela,,,,,,
988670738388011766,FUBP1 is a general splicing factor facilitating 3′ splice site recognition and splicing of long introns,920803314469554423,U2AF2_in_vivo_iCLIP_HeLa_2017_rep4,false,CLIP,"{'id': 'Hs', 'name': 'Human'}",,SRR22544135_GSM6793345_U2AF2_in_vivo_iCLIP_HeLa_2017_rep4_Homo_sapiens_RIP-Seq.fastq.gz,,,,iCLIP,NNNGAAANN,GSM6793345,,Julian König,Mouse anti-U2AF2 (Sigma U4758),U2AF2,,,,,,Stefanie Ebersberger,,Illumina HiSeq 2000,,HeLa,,,,,,
988670738388011766,FUBP1 is a general splicing factor facilitating 3′ splice site recognition and splicing of long introns,666306880233327509,U2AF2_in_vivo_iCLIP_HeLa_2019_rep1,false,CLIP,"{'id': 'Hs', 'name': 'Human'}",,SRR22544134_GSM6793346_U2AF2_in_vivo_iCLIP_HeLa_2019_rep1_Homo_sapiens_RIP-Seq.fastq.gz,,,,iCLIP2,NNNNNTCAAGTNNNN,GSM6793346,,Julian König,Mouse anti-U2AF2 (Sigma U4758),U2AF2,,,,,,Stefanie Ebersberger,,Illumina HiSeq 2000,,HeLa,,,,,,
526509037581057788,irCLIP-RNP and Re-CLIP reveal patterns of dynamic protein assemblies on RNA,913925589024082443,UPF1_siHNRNPC_Hs_A431_irCLIPv2_EGF60_R2_20240701,false,CLIP,"{'id': 'Hs', 'name': 'Human'}",40140581,SRR29661260_merged.cleaned.fastq.gz,,"60min EGF, siHNRNPC",,irCLIP,CAGTC,GSM8371232,Stanford University,Paul Khavari,anti-UPF1 CST #12040,UPF1,:siHNRNPC,,,,,Luca Ducoli,,Illumina NovaSeq 6000,,A431,,,,,,
988670738388011766,FUBP1 is a general splicing factor facilitating 3′ splice site recognition and splicing of long introns,148495377987719949,PTBP1_in_vivo_iCLIP_HeLa_rep5,false,CLIP,"{'id': 'Hs', 'name': 'Human'}",,SRR22544128_GSM6793352_PTBP1_in_vivo_iCLIP_HeLa_rep5_Homo_sapiens_RIP-Seq.fastq.gz,,,,iCLIP,NNNGGCANN,GSM6793352,,Julian König,rabbit anti-PTBP1 antibody PTB-NT,PTBP1,,,,,,Stefanie Ebersberger,,Illumina HiSeq 2000,,HeLa,,,,,,
526509037581057788,irCLIP-RNP and Re-CLIP reveal patterns of dynamic protein assemblies on RNA,665559640827681917,HNRNPC_IgG_Hs_A431_Re-CLIP_EGF30_R2_20240701,false,CLIP,"{'id': 'Hs', 'name': 'Human'}",40140581,SRR29661280_merged.cleaned.fastq.gz,,30min EGF,,Re-CLIP,AGTCA,GSM8371190,Stanford University,Paul Khavari,anti-HNRNPC Santa Cruz Biotechnology sc-32308,IgG,reCLIP_hnRNPC,,,,,Luca Ducoli,,Illumina NovaSeq 6000,,A431,,,,,,
526509037581057788,irCLIP-RNP and Re-CLIP reveal patterns of dynamic protein assemblies on RNA,154059390988013767,KHSRP_Hs_HEK293T_irCLIPv2_UVC_R1_S1_20240701,false,CLIP,"{'id': 'Hs', 'name': 'Human'}",40140581,SRR29661270_merged.cleaned.fastq.gz,60–120 kDa,UVC,,irCLIP,CAGTC,GSM8371195,Stanford University,Paul Khavari,anti-KHSRP Bethyl Laboratories A302-021A,KHSRP,,,,,,Luca Ducoli,,Illumina NovaSeq 6000,,A431,,,,,,
526509037581057788,irCLIP-RNP and Re-CLIP reveal patterns of dynamic protein assemblies on RNA,629400611705879313,KHSRP_Hs_HEK293T_irCLIPv2_noUV_R1_20240701,false,CLIP,"{'id': 'Hs', 'name': 'Human'}",40140581,SRR29661274_merged.cleaned.fastq.gz,,noUV,,irCLIP,GACTG,GSM8371193,Stanford University,Paul Khavari,anti-KHSRP Bethyl Laboratories A302-021A,KHSRP,,,,,,Luca Ducoli,,Illumina NovaSeq 6000,,A431,,,,,,
526509037581057788,irCLIP-RNP and Re-CLIP reveal patterns of dynamic protein assemblies on RNA,627374702532004543,UPF1_siHNRNPC_Hs_A431_irCLIPv2_EGF0_R2_20240701,false,CLIP,"{'id': 'Hs', 'name': 'Human'}",40140581,SRR29661264_merged.cleaned.fastq.gz,,"0min EGF, siHNRNPC",,irCLIP,CAGTC,GSM8371230,Stanford University,Paul Khavari,anti-UPF1 CST #12040,UPF1,:siHNRNPC,,,,,Luca Ducoli,,Illumina NovaSeq 6000,,A431,,,,,,
526509037581057788,irCLIP-RNP and Re-CLIP reveal patterns of dynamic protein assemblies on RNA,327258350566211403,HNRNPC_IgG_Hs_A431_Re-CLIP_EGF0_R2_20240701,false,CLIP,"{'id': 'Hs', 'name': 'Human'}",40140581,SRR29661284_merged.cleaned.fastq.gz,,0min EGF,,Re-CLIP,AGTCA,GSM8371188,Stanford University,Paul Khavari,anti-HNRNPC Santa Cruz Biotechnology sc-32308,IgG,reCLIP_hnRNPC,,,,,Luca Ducoli,,Illumina NovaSeq 6000,,A431,,,,,,
526509037581057788,irCLIP-RNP and Re-CLIP reveal patterns of dynamic protein assemblies on RNA,157488784208311703,HNRNPC_IgG_Hs_A431_Re-CLIP_EGF30_R1_20240701,false,CLIP,"{'id': 'Hs', 'name': 'Human'}",40140581,SRR29661282_merged.cleaned.fastq.gz,,30min EGF,,Re-CLIP,AGTCA,GSM8371189,Stanford University,Paul Khavari,anti-HNRNPC Santa Cruz Biotechnology sc-32308,IgG,reCLIP_hnRNPC,,,,,Luca Ducoli,,Illumina NovaSeq 6000,,A431,,,,,,
988670738388011766,FUBP1 is a general splicing factor facilitating 3′ splice site recognition and splicing of long introns,159243468032263031,PTBP1_in_vivo_iCLIP_HeLa_rep1,false,CLIP,"{'id': 'Hs', 'name': 'Human'}",,SRR22544132_GSM6793348_PTBP1_in_vivo_iCLIP_HeLa_rep1_Homo_sapiens_RIP-Seq.fastq.gz,,,,iCLIP,NNNGGTTNN,GSM6793348,,Julian König,rabbit anti-PTBP1 antibody PTB-NT,PTBP1,,,,,,Stefanie Ebersberger,,Illumina HiSeq 2000,,HeLa,,,,,,
526509037581057788,irCLIP-RNP and Re-CLIP reveal patterns of dynamic protein assemblies on RNA,985549775126697831,KHSRP_Hs_HEK293T_irCLIPv2_noUV_R2_20240701,false,CLIP,"{'id': 'Hs', 'name': 'Human'}",40140581,SRR29661272_merged.cleaned.fastq.gz,,noUV,,irCLIP,GACTG,GSM8371194,Stanford University,Paul Khavari,anti-KHSRP Bethyl Laboratories A302-021A,KHSRP,,,,,,Luca Ducoli,,Illumina NovaSeq 6000,,A431,,,,,,
988670738388011766,FUBP1 is a general splicing factor facilitating 3′ splice site recognition and splicing of long introns,771729110083816128,U2AF2_in_vivo_iCLIP_HeLa_2019_rep2,false,CLIP,"{'id': 'Hs', 'name': 'Human'}",,SRR22544133_GSM6793347_U2AF2_in_vivo_iCLIP_HeLa_2019_rep2_Homo_sapiens_RIP-Seq.fastq.gz,,,,iCLIP2,NNNNNCTGATCNNNN,GSM6793347,,Julian König,Mouse anti-U2AF2 (Sigma U4758),U2AF2,,,,,,Stefanie Ebersberger,,Illumina HiSeq 2000,,HeLa,,,,,,
511277460261818821,APP PSEN1 mutant neurons,388241976116365802,APP_PSEN1_double_mut_2,false,RNA-Seq,"{'id': 'Hs', 'name': 'Human'}",31416668,"SRR8732105_1.fastq.gz,SRR8732105_2.fastq.gz",,,,,,,,Jernej Ule,,,,,,,,Llywelyn Griffith,,HiSeq 2500,,iPSC-derived cortical neurons,,auto,,,,
526509037581057788,irCLIP-RNP and Re-CLIP reveal patterns of dynamic protein assemblies on RNA,960827399366873539,HNRNPC_ELAVL1_Hs_HEK293T_Re-CLIP_110-350UV_R2_20240701,false,CLIP,"{'id': 'Hs', 'name': 'Human'}",40140581,SRR29661288_merged.cleaned.fastq.gz,,110-350UV,,Re-CLIP,CCAGT,GSM8371186,Stanford University,Paul Khavari,anti-HNRNPC Santa Cruz Biotechnology sc-32308,ELAVL1,reCLIP_hnRNPC,,,,,Luca Ducoli,,Illumina NovaSeq 6000,,A431,,,,,,
526509037581057788,irCLIP-RNP and Re-CLIP reveal patterns of dynamic protein assemblies on RNA,129234894401456344,KHSRP_Hs_HEK293T_irCLIPv2_UVC_R1_S3_20240701,false,CLIP,"{'id': 'Hs', 'name': 'Human'}",40140581,SRR29661266_merged.cleaned.fastq.gz,225–350 kDa,UVC,,irCLIP,GTCAG,GSM8371197,Stanford University,Paul Khavari,anti-KHSRP Bethyl Laboratories A302-021A,KHSRP,,,,,,Luca Ducoli,,Illumina NovaSeq 6000,,A431,,,,,,
988670738388011766,FUBP1 is a general splicing factor facilitating 3′ splice site recognition and splicing of long introns,980808675556251843,PTBP1_in_vivo_iCLIP_HeLa_rep2,false,CLIP,"{'id': 'Hs', 'name': 'Human'}",,SRR22544131_GSM6793349_PTBP1_in_vivo_iCLIP_HeLa_rep2_Homo_sapiens_RIP-Seq.fastq.gz,,,,iCLIP,NNNTGGCNN,GSM6793349,,Julian König,rabbit anti-PTBP1 antibody PTB-NT,PTBP1,,,,,,Stefanie Ebersberger,,Illumina HiSeq 2000,,HeLa,,,,,,
526509037581057788,irCLIP-RNP and Re-CLIP reveal patterns of dynamic protein assemblies on RNA,403303900364531962,HNRNPC_ELAVL1_Hs_HEK293T_Re-CLIP_110-350UV_R1_20240701,false,CLIP,"{'id': 'Hs', 'name': 'Human'}",40140581,SRR29661290_merged.cleaned.fastq.gz,,110-350UV,,Re-CLIP,CCAGT,GSM8371185,Stanford University,Paul Khavari,anti-HNRNPC Santa Cruz Biotechnology sc-32308,ELAVL1,reCLIP_hnRNPC,,,,,Luca Ducoli,,Illumina NovaSeq 6000,,A431,,,,,,
526509037581057788,irCLIP-RNP and Re-CLIP reveal patterns of dynamic protein assemblies on RNA,449528260478697402,ELAVL1_Hs_HEK293T_irCLIPv2_UVC_R2_S3_20240701,false,CLIP,"{'id': 'Hs', 'name': 'Human'}",40140581,SRR29661292_merged.cleaned.fastq.gz,225–350 kDa,UVC,,irCLIP,GTCAG,GSM8371184,Stanford University,Paul Khavari,anti-ELAVL1 Santa Cruz Biotechnology sc-5483,ELAVL1,,,,,,Luca Ducoli,,Illumina NovaSeq 6000,,A431,,,,,,
988670738388011766,FUBP1 is a general splicing factor facilitating 3′ splice site recognition and splicing of long introns,876666811870011729,PTBP1_in_vivo_iCLIP_HeLa_rep4,false,CLIP,"{'id': 'Hs', 'name': 'Human'}",,SRR22544129_GSM6793351_PTBP1_in_vivo_iCLIP_HeLa_rep4_Homo_sapiens_RIP-Seq.fastq.gz,,,,iCLIP,NNNTTAANN,GSM6793351,,Julian König,rabbit anti-PTBP1 antibody PTB-NT,PTBP1,,,,,,Stefanie Ebersberger,,Illumina HiSeq 2000,,HeLa,,,,,,
526509037581057788,irCLIP-RNP and Re-CLIP reveal patterns of dynamic protein assemblies on RNA,731339285159129659,KHSRP_Hs_HEK293T_irCLIPv2_UVC_R1_S2_20240701,false,CLIP,"{'id': 'Hs', 'name': 'Human'}",40140581,SRR29661268_merged.cleaned.fastq.gz,120–225 kDa,UVC,,irCLIP,TCAGT,GSM8371196,Stanford University,Paul Khavari,anti-KHSRP Bethyl Laboratories A302-021A,KHSRP,,,,,,Luca Ducoli,,Illumina NovaSeq 6000,,A431,,,,,,
526509037581057788,irCLIP-RNP and Re-CLIP reveal patterns of dynamic protein assemblies on RNA,758087020408991910,UPF1_siHNRNPC_Hs_A431_irCLIPv2_EGF60_R1_20240701,false,CLIP,"{'id': 'Hs', 'name': 'Human'}",40140581,SRR29661262_merged.cleaned.fastq.gz,,"60min EGF, siHNRNPC",,irCLIP,CAGTC,GSM8371231,Stanford University,Paul Khavari,anti-UPF1 CST #12040,UPF1,:siHNRNPC,,,,,Luca Ducoli,,Illumina NovaSeq 6000,,A431,,,,,,
526509037581057788,irCLIP-RNP and Re-CLIP reveal patterns of dynamic protein assemblies on RNA,190363178743367280,HNRNPC_IgG_Hs_A431_Re-CLIP_EGF60_R2_20240701,false,CLIP,"{'id': 'Hs', 'name': 'Human'}",40140581,SRR29661276_merged.cleaned.fastq.gz,,60min EGF,,Re-CLIP,AGTCA,GSM8371192,Stanford University,Paul Khavari,anti-HNRNPC Santa Cruz Biotechnology sc-32308,IgG,reCLIP_hnRNPC,,,,,Luca Ducoli,,Illumina NovaSeq 6000,,A431,,,,,,
988670738388011766,FUBP1 is a general splicing factor facilitating 3′ splice site recognition and splicing of long introns,707859420160233358,PTBP1_in_vivo_iCLIP_HeLa_rep3,false,CLIP,"{'id': 'Hs', 'name': 'Human'}",,SRR22544130_GSM6793350_PTBP1_in_vivo_iCLIP_HeLa_rep3_Homo_sapiens_RIP-Seq.fastq.gz,,,,iCLIP,NNNCGGANN,GSM6793350,,Julian König,rabbit anti-PTBP1 antibody PTB-NT,PTBP1,,,,,,Stefanie Ebersberger,,Illumina HiSeq 2000,,HeLa,,,,,,
526509037581057788,irCLIP-RNP and Re-CLIP reveal patterns of dynamic protein assemblies on RNA,321975340388309467,HNRNPC_IgG_Hs_A431_Re-CLIP_EGF60_R1_20240701,false,CLIP,"{'id': 'Hs', 'name': 'Human'}",40140581,SRR29661278_merged.cleaned.fastq.gz,,60min EGF,,Re-CLIP,AGTCA,GSM8371191,Stanford University,Paul Khavari,anti-HNRNPC Santa Cruz Biotechnology sc-32308,IgG,reCLIP_hnRNPC,,,,,Luca Ducoli,,Illumina NovaSeq 6000,,A431,,,,,,
526509037581057788,irCLIP-RNP and Re-CLIP reveal patterns of dynamic protein assemblies on RNA,824853286726830172,ELAVL1_Hs_HEK293T_irCLIPv2_UVC_R2_S2_20240701,false,CLIP,"{'id': 'Hs', 'name': 'Human'}",40140581,SRR29661294_merged.cleaned.fastq.gz,120–225 kDa,UVC,,irCLIP,TCAGT,GSM8371183,Stanford University,Paul Khavari,anti-ELAVL1 Santa Cruz Biotechnology sc-5483,ELAVL1,,,,,,Luca Ducoli,,Illumina NovaSeq 6000,,A431,,,,,,
526509037581057788,irCLIP-RNP and Re-CLIP reveal patterns of dynamic protein assemblies on RNA,763691059819999898,ELAVL1_Hs_HEK293T_irCLIPv2_UVC_R1_S3_20240701,false,CLIP,"{'id': 'Hs', 'name': 'Human'}",40140581,SRR29661298_merged.cleaned.fastq.gz,225–350 kDa,UVC,,irCLIP,GTCAG,GSM8371181,Stanford University,Paul Khavari,anti-ELAVL1 Santa Cruz Biotechnology sc-5483,ELAVL1,,,,,,Luca Ducoli,,Illumina NovaSeq 6000,,A431,,,,,,
526509037581057788,irCLIP-RNP and Re-CLIP reveal patterns of dynamic protein assemblies on RNA,380218808918017172,HNRNPU_Hs_HEK293T_irCLIPv2_UVC_R2_S3_20240701,false,CLIP,"{'id': 'Hs', 'name': 'Human'}",40140581,SRR29661308_merged.cleaned.fastq.gz,225–350 kDa,UVC,,irCLIP,CCAGT,GSM8371176,Stanford University,Paul Khavari,anti-HNRNPU Santa Cruz Biotechnology sc-32315,HNRNPU,,,,,,Luca Ducoli,,Illumina HiSeq 2500,,HEK293T,,,,,,
526509037581057788,irCLIP-RNP and Re-CLIP reveal patterns of dynamic protein assemblies on RNA,612121904054139580,ELAVL1_Hs_HEK293T_irCLIPv2_UVC_R1_S1_20240701,false,CLIP,"{'id': 'Hs', 'name': 'Human'}",40140581,SRR29661302_merged.cleaned.fastq.gz,60–120 kDa,UVC,,irCLIP,CAGTC,GSM8371179,Stanford University,Paul Khavari,anti-ELAVL1 Santa Cruz Biotechnology sc-5483,ELAVL1,,,,,,Luca Ducoli,,Illumina HiSeq 2500,,HEK293T,,,,,,
526509037581057788,irCLIP-RNP and Re-CLIP reveal patterns of dynamic protein assemblies on RNA,984114404205138577,UPF1_siRNAcontrol_Hs_A431_irCLIPv2_EGF60_R1_20240701,false,CLIP,"{'id': 'Hs', 'name': 'Human'}",40140581,SRR29661334_merged.cleaned.fastq.gz,,"60min EGF, siRNAcontrol",,irCLIP,CAGTC,GSM8371227,Stanford University,Paul Khavari,anti-UPF1 CST #12040,UPF1,:siRNAcontrol,,,,,Luca Ducoli,,Illumina NovaSeq 6000,,A431,,,,,,
526509037581057788,irCLIP-RNP and Re-CLIP reveal patterns of dynamic protein assemblies on RNA,434674696708769167,HNRNPU_Hs_HEK293T_irCLIPv2_UVC_R2_S1_20240701,false,CLIP,"{'id': 'Hs', 'name': 'Human'}",40140581,SRR29661312_merged.cleaned.fastq.gz,60–120 kDa,UVC,,irCLIP,GACTG,GSM8371174,Stanford University,Paul Khavari,anti-HNRNPU Santa Cruz Biotechnology sc-32315,HNRNPU,,,,,,Luca Ducoli,,Illumina HiSeq 2500,,HEK293T,,,,,,
526509037581057788,irCLIP-RNP and Re-CLIP reveal patterns of dynamic protein assemblies on RNA,645866206783653114,HNRNPU_Hs_HEK293T_irCLIPv2_UVC_R1_S3_20240701,false,CLIP,"{'id': 'Hs', 'name': 'Human'}",40140581,SRR29661314_merged.cleaned.fastq.gz,225–350 kDa,UVC,,irCLIP,CCAGT,GSM8371173,Stanford University,Paul Khavari,anti-HNRNPU Santa Cruz Biotechnology sc-32315,HNRNPU,,,,,,Luca Ducoli,,Illumina HiSeq 2500,,HEK293T,,,,,,
526509037581057788,irCLIP-RNP and Re-CLIP reveal patterns of dynamic protein assemblies on RNA,681834063465339118,HNRNPM_Hs_HEK293T_irCLIPv2_UVC_R2_S3_20240701,false,CLIP,"{'id': 'Hs', 'name': 'Human'}",40140581,SRR29661328_merged.cleaned.fastq.gz,225–350 kDa,UVC,,irCLIP,TGACT,GSM8371166,Stanford University,Paul Khavari,anti-HNRNPM Santa Cruz Biotechnology sc-20001,HNRNPM,,,,,,Luca Ducoli,,Illumina HiSeq 2500,,HEK293T,,,,,,
526509037581057788,irCLIP-RNP and Re-CLIP reveal patterns of dynamic protein assemblies on RNA,189150165043146151,HNRNPU_Hs_HEK293T_irCLIPv2_UVC_R2_S2_20240701,false,CLIP,"{'id': 'Hs', 'name': 'Human'}",40140581,SRR29661310_merged.cleaned.fastq.gz,120–225 kDa,UVC,,irCLIP,AAGTC,GSM8371175,Stanford University,Paul Khavari,anti-HNRNPU Santa Cruz Biotechnology sc-32315,HNRNPU,,,,,,Luca Ducoli,,Illumina HiSeq 2500,,HEK293T,,,,,,
526509037581057788,irCLIP-RNP and Re-CLIP reveal patterns of dynamic protein assemblies on RNA,101897909188000381,HNRNPU_Hs_HEK293T_irCLIPv2_noUV_R1_20240701,false,CLIP,"{'id': 'Hs', 'name': 'Human'}",40140581,SRR29661320_merged.cleaned.fastq.gz,,noUV,,irCLIP,CTGAC,GSM8371170,Stanford University,Paul Khavari,anti-HNRNPU Santa Cruz Biotechnology sc-32315,HNRNPU,,,,,,Luca Ducoli,,Illumina HiSeq 2500,,HEK293T,,,,,,
526509037581057788,irCLIP-RNP and Re-CLIP reveal patterns of dynamic protein assemblies on RNA,668665430459396514,HNRNPU_Hs_HEK293T_irCLIPv2_noUV_R2_20240701,false,CLIP,"{'id': 'Hs', 'name': 'Human'}",40140581,SRR29661322_merged.cleaned.fastq.gz,,noUV,,irCLIP,CTGAC,GSM8371169,Stanford University,Paul Khavari,anti-HNRNPU Santa Cruz Biotechnology sc-32315,HNRNPU,,,,,,Luca Ducoli,,Illumina HiSeq 2500,,HEK293T,,,,,,
526509037581057788,irCLIP-RNP and Re-CLIP reveal patterns of dynamic protein assemblies on RNA,347312761902893280,ELAVL1_Hs_HEK293T_irCLIPv2_noUV_R2_20240701,false,CLIP,"{'id': 'Hs', 'name': 'Human'}",40140581,SRR29661304_merged.cleaned.fastq.gz,,noUV,,irCLIP,GACTG,GSM8371178,Stanford University,Paul Khavari,anti-ELAVL1 Santa Cruz Biotechnology sc-5483,ELAVL1,,,,,,Luca Ducoli,,Illumina HiSeq 2500,,HEK293T,,,,,,
526509037581057788,irCLIP-RNP and Re-CLIP reveal patterns of dynamic protein assemblies on RNA,214884621638852304,HNRNPC_HNRNPM_Hs_HEK293T_Re-CLIP_140-350UV_R1_20240701,false,CLIP,"{'id': 'Hs', 'name': 'Human'}",40140581,SRR29661326_merged.cleaned.fastq.gz,,140-350UV,,Re-CLIP,AAGTC,GSM8371167,Stanford University,Paul Khavari,"anti-HNRNPC Santa Cruz Biotechnology sc-32308, anti-HNRNPM Santa Cruz Biotechnology",HNRNPM,reCLIP_hnRNPC,,,,,Luca Ducoli,,Illumina HiSeq 2500,,HEK293T,,,,,,
526509037581057788,irCLIP-RNP and Re-CLIP reveal patterns of dynamic protein assemblies on RNA,416932290045759827,UPF1_siRNAcontrol_Hs_A431_irCLIPv2_EGF0_R2_20240701,false,CLIP,"{'id': 'Hs', 'name': 'Human'}",40140581,SRR29661336_merged.cleaned.fastq.gz,,"0min EGF, siRNAcontrol",,irCLIP,CAGTC,GSM8371226,Stanford University,Paul Khavari,anti-UPF1 CST #12040,UPF1,:siRNAcontrol,,,,,Luca Ducoli,,Illumina NovaSeq 6000,,A431,,,,,,
526509037581057788,irCLIP-RNP and Re-CLIP reveal patterns of dynamic protein assemblies on RNA,534925593226024757,UPF1_siRNAcontrol_Hs_A431_irCLIPv2_EGF60_R2_20240701,false,CLIP,"{'id': 'Hs', 'name': 'Human'}",40140581,SRR29661332_merged.cleaned.fastq.gz,,"60min EGF, siRNAcontrol",,irCLIP,CAGTC,GSM8371228,Stanford University,Paul Khavari,anti-UPF1 CST #12040,UPF1,:siRNAcontrol,,,,,Luca Ducoli,,Illumina NovaSeq 6000,,A431,,,,,,
526509037581057788,irCLIP-RNP and Re-CLIP reveal patterns of dynamic protein assemblies on RNA,415504820411034917,HNRNPU_Hs_HEK293T_irCLIPv2_UVC_R1_S2_20240701,false,CLIP,"{'id': 'Hs', 'name': 'Human'}",40140581,SRR29661316_merged.cleaned.fastq.gz,120–225 kDa,UVC,,irCLIP,AAGTC,GSM8371172,Stanford University,Paul Khavari,anti-HNRNPU Santa Cruz Biotechnology sc-32315,HNRNPU,,,,,,Luca Ducoli,,Illumina HiSeq 2500,,HEK293T,,,,,,
526509037581057788,irCLIP-RNP and Re-CLIP reveal patterns of dynamic protein assemblies on RNA,995091524086189662,HNRNPC_HNRNPM_Hs_HEK293T_Re-CLIP_140-350UV_R2_20240701,false,CLIP,"{'id': 'Hs', 'name': 'Human'}",40140581,SRR29661324_merged.cleaned.fastq.gz,,140-350UV,,Re-CLIP,AAGTC,GSM8371168,Stanford University,Paul Khavari,"anti-HNRNPC Santa Cruz Biotechnology sc-32308, anti-HNRNPM Santa Cruz Biotechnology",HNRNPM,reCLIP_hnRNPC,,,,,Luca Ducoli,,Illumina HiSeq 2500,,HEK293T,,,,,,
526509037581057788,irCLIP-RNP and Re-CLIP reveal patterns of dynamic protein assemblies on RNA,921372077358809712,ELAVL1_Hs_HEK293T_irCLIPv2_UVC_R2_S1_20240701,false,CLIP,"{'id': 'Hs', 'name': 'Human'}",40140581,SRR29661296_merged.cleaned.fastq.gz,60–120 kDa,UVC,,irCLIP,CAGTC,GSM8371182,Stanford University,Paul Khavari,anti-ELAVL1 Santa Cruz Biotechnology sc-5483,ELAVL1,,,,,,Luca Ducoli,,Illumina NovaSeq 6000,,A431,,,,,,
526509037581057788,irCLIP-RNP and Re-CLIP reveal patterns of dynamic protein assemblies on RNA,196774515124760477,HNRNPC_UPF1_Hs_A431_Re-CLIP_EGF60_HMW_R2_20240701,false,CLIP,"{'id': 'Hs', 'name': 'Human'}",40140581,SRR29661340_merged.cleaned.fastq.gz,,60min EGF,,Re-CLIP,CAGTC,GSM8371224,Stanford University,Paul Khavari,"anti-HNRNPC Santa Cruz Biotechnology sc-32308, anti-UPF1 CST #12040 Biotechnology",UPF1,reCLIP_hnRNPC,,,,,Luca Ducoli,,Illumina NovaSeq 6000,,A431,,,,,,
526509037581057788,irCLIP-RNP and Re-CLIP reveal patterns of dynamic protein assemblies on RNA,158734652475531014,UPF1_siRNAcontrol_Hs_A431_irCLIPv2_EGF0_R1_20240701,false,CLIP,"{'id': 'Hs', 'name': 'Human'}",40140581,SRR29661338_merged.cleaned.fastq.gz,,"0min EGF, siRNAcontrol",,irCLIP,CAGTC,GSM8371225,Stanford University,Paul Khavari,anti-UPF1 CST #12040,UPF1,:siRNAcontrol,,,,,Luca Ducoli,,Illumina NovaSeq 6000,,A431,,,,,,
526509037581057788,irCLIP-RNP and Re-CLIP reveal patterns of dynamic protein assemblies on RNA,792080696026911273,HNRNPU_Hs_HEK293T_irCLIPv2_UVC_R1_S1_20240701,false,CLIP,"{'id': 'Hs', 'name': 'Human'}",40140581,SRR29661318_merged.cleaned.fastq.gz,60–120 kDa,UVC,,irCLIP,GACTG,GSM8371171,Stanford University,Paul Khavari,anti-HNRNPU Santa Cruz Biotechnology sc-32315,HNRNPU,,,,,,Luca Ducoli,,Illumina HiSeq 2500,,HEK293T,,,,,,
526509037581057788,irCLIP-RNP and Re-CLIP reveal patterns of dynamic protein assemblies on RNA,715118396107418371,HNRNPC_UPF1_Hs_A431_Re-CLIP_EGF30_HMW_R2_20240701,false,CLIP,"{'id': 'Hs', 'name': 'Human'}",40140581,SRR29661344_merged.cleaned.fastq.gz,,30min EGF,,Re-CLIP,CAGTC,GSM8371222,Stanford University,Paul Khavari,"anti-HNRNPC Santa Cruz Biotechnology sc-32308, anti-UPF1 CST #12040 Biotechnology",UPF1,reCLIP_hnRNPC,,,,,Luca Ducoli,,Illumina NovaSeq 6000,,A431,,,,,,
526509037581057788,irCLIP-RNP and Re-CLIP reveal patterns of dynamic protein assemblies on RNA,501212521845249812,HNRNPC_UPF1_Hs_A431_Re-CLIP_EGF60_HMW_R1_20240701,false,CLIP,"{'id': 'Hs', 'name': 'Human'}",40140581,SRR29661342_merged.cleaned.fastq.gz,,60min EGF,,Re-CLIP,CAGTC,GSM8371223,Stanford University,Paul Khavari,"anti-HNRNPC Santa Cruz Biotechnology sc-32308, anti-UPF1 CST #12040 Biotechnology",UPF1,reCLIP_hnRNPC,,,,,Luca Ducoli,,Illumina NovaSeq 6000,,A431,,,,,,
526509037581057788,irCLIP-RNP and Re-CLIP reveal patterns of dynamic protein assemblies on RNA,949937548479166959,HNRNPC_UPF1_Hs_A431_Re-CLIP_EGF0_HMW_R2_20240701,false,CLIP,"{'id': 'Hs', 'name': 'Human'}",40140581,SRR29661348_merged.cleaned.fastq.gz,,0min EGF,,Re-CLIP,CAGTC,GSM8371220,Stanford University,Paul Khavari,"anti-HNRNPC Santa Cruz Biotechnology sc-32308, anti-UPF1 CST #12040 Biotechnology",UPF1,reCLIP_hnRNPC,,,,,Luca Ducoli,,Illumina NovaSeq 6000,,HEK293T,,,,,,
526509037581057788,irCLIP-RNP and Re-CLIP reveal patterns of dynamic protein assemblies on RNA,968522252781689100,HNRNPC_UPF1_Hs_A431_Re-CLIP_EGF30_HMW_R1_20240701,false,CLIP,"{'id': 'Hs', 'name': 'Human'}",40140581,SRR29661346_merged.cleaned.fastq.gz,,30min EGF,,Re-CLIP,CAGTC,GSM8371221,Stanford University,Paul Khavari,"anti-HNRNPC Santa Cruz Biotechnology sc-32308, anti-UPF1 CST #12040 Biotechnology",UPF1,reCLIP_hnRNPC,,,,,Luca Ducoli,,Illumina NovaSeq 6000,,A431,,,,,,
526509037581057788,irCLIP-RNP and Re-CLIP reveal patterns of dynamic protein assemblies on RNA,830316172527596505,ELAVL1_Hs_HEK293T_irCLIPv2_UVC_R1_S2_20240701,false,CLIP,"{'id': 'Hs', 'name': 'Human'}",40140581,SRR29661300_merged.cleaned.fastq.gz,120–225 kDa,UVC,,irCLIP,TCAGT,GSM8371180,Stanford University,Paul Khavari,anti-ELAVL1 Santa Cruz Biotechnology sc-5483,ELAVL1,,,,,,Luca Ducoli,,Illumina HiSeq 2500,,HEK293T,,,,,,
526509037581057788,irCLIP-RNP and Re-CLIP reveal patterns of dynamic protein assemblies on RNA,923686272826619065,ELAVL1_Hs_HEK293T_irCLIPv2_noUV_R1_20240701,false,CLIP,"{'id': 'Hs', 'name': 'Human'}",40140581,SRR29661306_merged.cleaned.fastq.gz,,noUV,,irCLIP,GACTG,GSM8371177,Stanford University,Paul Khavari,anti-ELAVL1 Santa Cruz Biotechnology sc-5483,ELAVL1,,,,,,Luca Ducoli,,Illumina HiSeq 2500,,HEK293T,,,,,,
526509037581057788,irCLIP-RNP and Re-CLIP reveal patterns of dynamic protein assemblies on RNA,533049283337496633,HNRNPC_UPF1_Hs_A431_Re-CLIP_EGF0_HMW_R1_20240701,false,CLIP,"{'id': 'Hs', 'name': 'Human'}",40140581,SRR29661350_merged.cleaned.fastq.gz,,0min EGF,,Re-CLIP,CAGTC,GSM8371219,Stanford University,Paul Khavari,"anti-HNRNPC Santa Cruz Biotechnology sc-32308, anti-UPF1 CST #12040 Biotechnology",UPF1,reCLIP_hnRNPC,,,,,Luca Ducoli,,Illumina NovaSeq 6000,,HEK293T,,,,,,
526509037581057788,irCLIP-RNP and Re-CLIP reveal patterns of dynamic protein assemblies on RNA,773152008146879986,UPF1_Hs_A431_irCLIPv2_EGF30_HMW_R2_20240701,false,CLIP,"{'id': 'Hs', 'name': 'Human'}",40140581,SRR29661356_merged.cleaned.fastq.gz,,30min EGF,,irCLIP,GGTCA,GSM8371216,Stanford University,Paul Khavari,anti-UPF1 CST #12040,UPF1,,,,,,Luca Ducoli,,Illumina NovaSeq 6000,,HEK293T,,,,,,
526509037581057788,irCLIP-RNP and Re-CLIP reveal patterns of dynamic protein assemblies on RNA,118449335747906616,UPF1_siHNRNPC_Hs_A431_irCLIPv2_EGF0_R1_20240701,false,CLIP,"{'id': 'Hs', 'name': 'Human'}",40140581,SRR29661330_merged.cleaned.fastq.gz,,"0min EGF, siHNRNPC",,irCLIP,CAGTC,GSM8371229,Stanford University,Paul Khavari,"anti-UPF1 CST #12040, anti-HNRNPC Santa Cruz Biotechnology sc-32308",UPF1,:siHNRNPC,,,,,Luca Ducoli,,Illumina NovaSeq 6000,,A431,,,,,,
526509037581057788,irCLIP-RNP and Re-CLIP reveal patterns of dynamic protein assemblies on RNA,997025456330419382,HNRNPC_siUPF1_Hs_A431_irCLIPv2_EGF0_R1_20240701,false,CLIP,"{'id': 'Hs', 'name': 'Human'}",40140581,SRR29661366_merged.cleaned.fastq.gz,,"0min EGF, siUPF1",,irCLIP,AGTCA,GSM8371147,Stanford University,Paul Khavari,anti-HNRNPC Santa Cruz Biotechnology sc-32308,HNRNPC,:siUPF1,,,,,Luca Ducoli,,Illumina HiSeq 2500,,HEK293T,,,,,,
526509037581057788,irCLIP-RNP and Re-CLIP reveal patterns of dynamic protein assemblies on RNA,901447663017652356,HNRNPC_siRNAcontrol_Hs_A431_irCLIPv2_EGF0_R2_20240701,false,CLIP,"{'id': 'Hs', 'name': 'Human'}",40140581,SRR29661372_merged.cleaned.fastq.gz,,"0min EGF, siRNAcontrol",,irCLIP,AGTCA,GSM8371144,Stanford University,Paul Khavari,anti-HNRNPC Santa Cruz Biotechnology sc-32308,HNRNPC,:siRNAcontrol,,,,,Luca Ducoli,,Illumina HiSeq 2500,,HEK293T,,,,,,
526509037581057788,irCLIP-RNP and Re-CLIP reveal patterns of dynamic protein assemblies on RNA,533053856815330489,HNRNPC_siRNAcontrol_Hs_A431_irCLIPv2_EGF0_R1_20240701,false,CLIP,"{'id': 'Hs', 'name': 'Human'}",40140581,SRR29661374_merged.cleaned.fastq.gz,,"0min EGF, siRNAcontrol",,irCLIP,AGTCA,GSM8371143,Stanford University,Paul Khavari,anti-HNRNPC Santa Cruz Biotechnology sc-32308,HNRNPC,:siRNAcontrol,,,,,Luca Ducoli,,Illumina HiSeq 2500,,HEK293T,,,,,,
526509037581057788,irCLIP-RNP and Re-CLIP reveal patterns of dynamic protein assemblies on RNA,558885281733991531,UPF1_Hs_A431_irCLIPv2_EGF60_HMW_R2_20240701,false,CLIP,"{'id': 'Hs', 'name': 'Human'}",40140581,SRR29661352_merged.cleaned.fastq.gz,,60min EGF,,irCLIP,CAGTC,GSM8371218,Stanford University,Paul Khavari,anti-UPF1 CST #12040,UPF1,,,,,,Luca Ducoli,,Illumina NovaSeq 6000,,HEK293T,,,,,,
526509037581057788,irCLIP-RNP and Re-CLIP reveal patterns of dynamic protein assemblies on RNA,407412250138885789,HNRNPC_Hs_A431_irCLIPv2_EGF15_R2_20240701,false,CLIP,"{'id': 'Hs', 'name': 'Human'}",40140581,SRR29661388_mergedv2.cleaned.fastq.gz,,15min EGF,,irCLIP,TGACTGACTG,GSM8371138,Stanford University,Paul Khavari,anti-HNRNPC Santa Cruz Biotechnology sc-32308,HNRNPC,,,,,,Luca Ducoli,,Illumina HiSeq 2500,,HEK293T,,,,,,
526509037581057788,irCLIP-RNP and Re-CLIP reveal patterns of dynamic protein assemblies on RNA,618690388609372741,UPF1_Hs_A431_irCLIPv2_EGF60_HMW_R1_20240701,false,CLIP,"{'id': 'Hs', 'name': 'Human'}",40140581,SRR29661354_merged.cleaned.fastq.gz,,60min EGF,,irCLIP,CAGTC,GSM8371217,Stanford University,Paul Khavari,anti-UPF1 CST #12040,UPF1,,,,,,Luca Ducoli,,Illumina NovaSeq 6000,,HEK293T,,,,,,
526509037581057788,irCLIP-RNP and Re-CLIP reveal patterns of dynamic protein assemblies on RNA,660090303269134036,HNRNPC_Hs_A431_irCLIPv2_EGF60_R2_20240701,false,CLIP,"{'id': 'Hs', 'name': 'Human'}",40140581,SRR29661376_mergedv2.cleaned.fastq.gz,,60min EGF,,irCLIP,TGACTGACTG,GSM8371142,Stanford University,Paul Khavari,anti-HNRNPC Santa Cruz Biotechnology sc-32308,HNRNPC,,,,,,Luca Ducoli,,Illumina HiSeq 2500,,HEK293T,,,,,,
526509037581057788,irCLIP-RNP and Re-CLIP reveal patterns of dynamic protein assemblies on RNA,737964347663958552,HNRNPC_siRNAcontrol_Hs_A431_irCLIPv2_EGF60_R2_20240701,false,CLIP,"{'id': 'Hs', 'name': 'Human'}",40140581,SRR29661368_merged.cleaned.fastq.gz,,"60min EGF, siRNAcontrol",,irCLIP,AGTCA,GSM8371146,Stanford University,Paul Khavari,anti-HNRNPC Santa Cruz Biotechnology sc-32308,HNRNPC,:siRNAcontrol,,,,,Luca Ducoli,,Illumina HiSeq 2500,,HEK293T,,,,,,
526509037581057788,irCLIP-RNP and Re-CLIP reveal patterns of dynamic protein assemblies on RNA,466963868838801352,UPF1_Hs_A431_irCLIPv2_EGF30_HMW_R1_20240701,false,CLIP,"{'id': 'Hs', 'name': 'Human'}",40140581,SRR29661358_merged.cleaned.fastq.gz,,30min EGF,,irCLIP,CCAGT,GSM8371215,Stanford University,Paul Khavari,anti-UPF1 CST #12040,UPF1,,,,,,Luca Ducoli,,Illumina NovaSeq 6000,,HEK293T,,,,,,
526509037581057788,irCLIP-RNP and Re-CLIP reveal patterns of dynamic protein assemblies on RNA,410682034579499478,HNRNPC_Hs_A431_irCLIPv2_EGF30_R2_20240701,false,CLIP,"{'id': 'Hs', 'name': 'Human'}",40140581,SRR29661384_mergedv2.cleaned.fastq.gz,,30min EGF,,irCLIP,TGACTGACTG,GSM8371140,Stanford University,Paul Khavari,anti-HNRNPC Santa Cruz Biotechnology sc-32308,HNRNPC,,,,,,Luca Ducoli,,Illumina HiSeq 2500,,HEK293T,,,,,,
526509037581057788,irCLIP-RNP and Re-CLIP reveal patterns of dynamic protein assemblies on RNA,238648193784017691,HNRNPC_siRNAcontrol_Hs_A431_irCLIPv2_EGF60_R1_20240701,false,CLIP,"{'id': 'Hs', 'name': 'Human'}",40140581,SRR29661370_merged.cleaned.fastq.gz,,"60min EGF, siRNAcontrol",,irCLIP,AGTCA,GSM8371145,Stanford University,Paul Khavari,anti-HNRNPC Santa Cruz Biotechnology sc-32308,HNRNPC,:siRNAcontrol,,,,,Luca Ducoli,,Illumina HiSeq 2500,,HEK293T,,,,,,
526509037581057788,irCLIP-RNP and Re-CLIP reveal patterns of dynamic protein assemblies on RNA,705771605619277373,HNRNPC_Hs_A431_irCLIPv2_EGF60_R1_20240701,false,CLIP,"{'id': 'Hs', 'name': 'Human'}",40140581,SRR29661380_mergedv2.cleaned.fastq.gz,,60min EGF,,irCLIP,ACTGACTGAC,GSM8371141,Stanford University,Paul Khavari,anti-HNRNPC Santa Cruz Biotechnology sc-32308,HNRNPC,,,,,,Luca Ducoli,,Illumina HiSeq 2500,,HEK293T,,,,,,
526509037581057788,irCLIP-RNP and Re-CLIP reveal patterns of dynamic protein assemblies on RNA,673352751650138907,HNRNPC_Hs_A431_irCLIPv2_EGF15_R1_20240701,false,CLIP,"{'id': 'Hs', 'name': 'Human'}",40140581,SRR29661392_mergedv2.cleaned.fastq.gz,,15min EGF,,irCLIP,ACTGACTGAC,GSM8371137,Stanford University,Paul Khavari,anti-HNRNPC Santa Cruz Biotechnology sc-32308,HNRNPC,,,,,,Luca Ducoli,,Illumina HiSeq 2500,,HEK293T,,,,,,
526509037581057788,irCLIP-RNP and Re-CLIP reveal patterns of dynamic protein assemblies on RNA,243777084795628144,HNRNPC_siUPF1_Hs_A431_irCLIPv2_EGF60_R1_20240701,false,CLIP,"{'id': 'Hs', 'name': 'Human'}",40140581,SRR29661362_merged.cleaned.fastq.gz,,"60min EGF, siUPF1",,irCLIP,AGTCA,GSM8371149,Stanford University,Paul Khavari,anti-HNRNPC Santa Cruz Biotechnology sc-32308,HNRNPC,:siUPF1,,,,,Luca Ducoli,,Illumina HiSeq 2500,,HEK293T,,,,,,
526509037581057788,irCLIP-RNP and Re-CLIP reveal patterns of dynamic protein assemblies on RNA,983215522232015183,UPF1_Hs_A431_irCLIPv2_EGF15_HMW_R2_20240701,false,CLIP,"{'id': 'Hs', 'name': 'Human'}",40140581,SRR29661360_merged.cleaned.fastq.gz,,15min EGF,,irCLIP,GGTCA,GSM8371214,Stanford University,Paul Khavari,anti-UPF1 CST #12040,UPF1,,,,,,Luca Ducoli,,Illumina NovaSeq 6000,,HEK293T,,,,,,
526509037581057788,irCLIP-RNP and Re-CLIP reveal patterns of dynamic protein assemblies on RNA,772793226458428561,HNRNPC_siUPF1_Hs_A431_irCLIPv2_EGF0_R2_20240701,false,CLIP,"{'id': 'Hs', 'name': 'Human'}",40140581,SRR29661364_merged.cleaned.fastq.gz,,"0min EGF, siUPF1",,irCLIP,AGTCA,GSM8371148,Stanford University,Paul Khavari,anti-HNRNPC Santa Cruz Biotechnology sc-32308,HNRNPC,:siUPF1,,,,,Luca Ducoli,,Illumina HiSeq 2500,,HEK293T,,,,,,
526509037581057788,irCLIP-RNP and Re-CLIP reveal patterns of dynamic protein assemblies on RNA,421233802465164873,HNRNPC_Hs_A431_irCLIPv2_EGF0_R2_20240701,false,CLIP,"{'id': 'Hs', 'name': 'Human'}",40140581,SRR29661396_merged.cleaned.fastq.gz,,0min EGF,,irCLIP,TGACTGACTG,GSM8371136,Stanford University,Paul Khavari,anti-HNRNPC Santa Cruz Biotechnology sc-32308,HNRNPC,,,,,,Luca Ducoli,,Illumina HiSeq 2500,,HEK293T,,,,,,
526509037581057788,irCLIP-RNP and Re-CLIP reveal patterns of dynamic protein assemblies on RNA,853070054621692901,HNRNPC_Hs_A431_irCLIPv2_EGF30_R1_20240701,false,CLIP,"{'id': 'Hs', 'name': 'Human'}",40140581,SRR29661382_mergedv2.cleaned.fastq.gz,,30min EGF,,irCLIP,ACTGACTGAC,GSM8371139,Stanford University,Paul Khavari,anti-HNRNPC Santa Cruz Biotechnology sc-32308,HNRNPC,,,,,,Luca Ducoli,,Illumina HiSeq 2500,,HEK293T,,,,,,
526509037581057788,irCLIP-RNP and Re-CLIP reveal patterns of dynamic protein assemblies on RNA,627076234798259679,HNRNPC_HNRNPC_Hs_HEK293T_Re-CLIP_allUV_R2_20240701,false,CLIP,"{'id': 'Hs', 'name': 'Human'}",40140581,SRR29661394_merged.cleaned.fastq.gz,,allUV,,Re-CLIP,GACTG,GSM8371134,Stanford University,Paul Khavari,anti-HNRNPC Santa Cruz Biotechnology sc-32308,HNRNPC,reCLIP_hnRNPC,,,,,Luca Ducoli,,Illumina HiSeq 2500,,HEK293T,,,,,,
526509037581057788,irCLIP-RNP and Re-CLIP reveal patterns of dynamic protein assemblies on RNA,118950627770000171,HNRNPC_Hs_A431_irCLIPv2_EGF0_R1_20240701,false,CLIP,"{'id': 'Hs', 'name': 'Human'}",40140581,SRR29661400_merged.cleaned.fastq.gz,,0min EGF,,irCLIP,ACTGACTGAC,GSM8371135,Stanford University,Paul Khavari,anti-HNRNPC Santa Cruz Biotechnology sc-32308,HNRNPC,,,,,,Luca Ducoli,,Illumina HiSeq 2500,,HEK293T,,,,,,
526509037581057788,irCLIP-RNP and Re-CLIP reveal patterns of dynamic protein assemblies on RNA,330825571572461164,UPF1_Hs_A431_irCLIPv2_EGF15_HMW_R1_20240701,false,CLIP,"{'id': 'Hs', 'name': 'Human'}",40140581,SRR29661404_merged.cleaned.fastq.gz,,15min EGF,,irCLIP,CCAGT,GSM8371213,Stanford University,Paul Khavari,anti-UPF1 CST #12040,UPF1,,,,,,Luca Ducoli,,Illumina NovaSeq 6000,,HEK293T,,,,,,
526509037581057788,irCLIP-RNP and Re-CLIP reveal patterns of dynamic protein assemblies on RNA,310872844650786630,UPF1_Hs_A431_irCLIPv2_EGF0_HMW_R1_20240701,false,CLIP,"{'id': 'Hs', 'name': 'Human'}",40140581,SRR29661408_merged.cleaned.fastq.gz,,0min EGF,,irCLIP,CCAGT,GSM8371211,Stanford University,Paul Khavari,anti-UPF1 CST #12040,UPF1,,,,,,Luca Ducoli,,Illumina NovaSeq 6000,,A431,,,,,,
526509037581057788,irCLIP-RNP and Re-CLIP reveal patterns of dynamic protein assemblies on RNA,240008248411807444,ALYREF_Hs_HEK293T_irCLIPv2_UVC_R2_S2_20240701,false,CLIP,"{'id': 'Hs', 'name': 'Human'}",40140581,SRR29661412_merged.cleaned.fastq.gz,120–225 kDa,UVC,,irCLIP,GGTCA,GSM8371209,Stanford University,Paul Khavari,anti-ALYREF Bethyl Laboratories A302-893A,ALYREF,,,,,,Luca Ducoli,,Illumina NovaSeq 6000,,A431,,,,,,
526509037581057788,irCLIP-RNP and Re-CLIP reveal patterns of dynamic protein assemblies on RNA,412467220666296376,ALYREF_Hs_HEK293T_irCLIPv2_noUV_R2_20240701,false,CLIP,"{'id': 'Hs', 'name': 'Human'}",40140581,SRR29661422_merged.cleaned.fastq.gz,,noUV,,irCLIP,TCAGT,GSM8371204,Stanford University,Paul Khavari,anti-ALYREF Bethyl Laboratories A302-893A,ALYREF,,,,,,Luca Ducoli,,Illumina NovaSeq 6000,,A431,,,,,,
526509037581057788,irCLIP-RNP and Re-CLIP reveal patterns of dynamic protein assemblies on RNA,509004474598078849,UPF1_Hs_A431_irCLIPv2_EGF0_HMW_R2_20240701,false,CLIP,"{'id': 'Hs', 'name': 'Human'}",40140581,SRR29661406_merged.cleaned.fastq.gz,,0min EGF,,irCLIP,GGTCA,GSM8371212,Stanford University,Paul Khavari,anti-UPF1 CST #12040,UPF1,,,,,,Luca Ducoli,,Illumina NovaSeq 6000,,A431,,,,,,
526509037581057788,irCLIP-RNP and Re-CLIP reveal patterns of dynamic protein assemblies on RNA,866826668464849910,ALYREF_Hs_HEK293T_irCLIPv2_noUV_R1_20240701,false,CLIP,"{'id': 'Hs', 'name': 'Human'}",40140581,SRR29661424_merged.cleaned.fastq.gz,,noUV,,irCLIP,TCAGT,GSM8371203,Stanford University,Paul Khavari,anti-ALYREF Bethyl Laboratories A302-893A,ALYREF,,,,,,Luca Ducoli,,Illumina NovaSeq 6000,,A431,,,,,,
526509037581057788,irCLIP-RNP and Re-CLIP reveal patterns of dynamic protein assemblies on RNA,718110338028687891,ALYREF_Hs_HEK293T_irCLIPv2_UVC_R2_S3_20240701,false,CLIP,"{'id': 'Hs', 'name': 'Human'}",40140581,SRR29661410_merged.cleaned.fastq.gz,225–350 kDa,UVC,,irCLIP,AGTCA,GSM8371210,Stanford University,Paul Khavari,anti-ALYREF Bethyl Laboratories A302-893A,ALYREF,,,,,,Luca Ducoli,,Illumina NovaSeq 6000,,A431,,,,,,
526509037581057788,irCLIP-RNP and Re-CLIP reveal patterns of dynamic protein assemblies on RNA,189875001992518368,ALYREF_Hs_HEK293T_irCLIPv2_UVC_R1_S3_20240701,false,CLIP,"{'id': 'Hs', 'name': 'Human'}",40140581,SRR29661416_merged.cleaned.fastq.gz,225–350 kDa,UVC,,irCLIP,AGTCA,GSM8371207,Stanford University,Paul Khavari,anti-ALYREF Bethyl Laboratories A302-893A,ALYREF,,,,,,Luca Ducoli,,Illumina NovaSeq 6000,,A431,,,,,,
526509037581057788,irCLIP-RNP and Re-CLIP reveal patterns of dynamic protein assemblies on RNA,511665103255316658,ALYREF_Hs_HEK293T_irCLIPv2_UVC_R1_S1_20240701,false,CLIP,"{'id': 'Hs', 'name': 'Human'}",40140581,SRR29661420_merged.cleaned.fastq.gz,60–120 kDa,UVC,,irCLIP,TTCAG,GSM8371205,Stanford University,Paul Khavari,anti-ALYREF Bethyl Laboratories A302-893A,ALYREF,,,,,,Luca Ducoli,,Illumina NovaSeq 6000,,A431,,,,,,
526509037581057788,irCLIP-RNP and Re-CLIP reveal patterns of dynamic protein assemblies on RNA,392075920788221083,ALYREF_Hs_HEK293T_irCLIPv2_UVC_R1_S2_20240701,false,CLIP,"{'id': 'Hs', 'name': 'Human'}",40140581,SRR29661418_merged.cleaned.fastq.gz,120–225 kDa,UVC,,irCLIP,GGTCA,GSM8371206,Stanford University,Paul Khavari,anti-ALYREF Bethyl Laboratories A302-893A,ALYREF,,,,,,Luca Ducoli,,Illumina NovaSeq 6000,,A431,,,,,,
526509037581057788,irCLIP-RNP and Re-CLIP reveal patterns of dynamic protein assemblies on RNA,364108212900266761,KHSRP_Hs_HEK293T_irCLIPv2_UVC_R2_S1_20240701,false,CLIP,"{'id': 'Hs', 'name': 'Human'}",40140581,SRR29661434_merged.cleaned.fastq.gz,60–120 kDa,UVC,,irCLIP,CAGTC,GSM8371198,Stanford University,Paul Khavari,anti-KHSRP Bethyl Laboratories A302-021A,KHSRP,,,,,,Luca Ducoli,,Illumina NovaSeq 6000,,A431,,,,,,
526509037581057788,irCLIP-RNP and Re-CLIP reveal patterns of dynamic protein assemblies on RNA,812403646722770472,HNRNPM_Hs_HEK293T_irCLIPv2_UVC_R2_S2_20240701,false,CLIP,"{'id': 'Hs', 'name': 'Human'}",40140581,SRR29661436_merged.cleaned.fastq.gz,120–225 kDa,UVC,,irCLIP,CTGAC,GSM8371165,Stanford University,Paul Khavari,anti-HNRNPM Santa Cruz Biotechnology sc-20001,HNRNPM,,,,,,Luca Ducoli,,Illumina HiSeq 2500,,HEK293T,,,,,,
526509037581057788,irCLIP-RNP and Re-CLIP reveal patterns of dynamic protein assemblies on RNA,264713024890319499,KHSRP_Hs_HEK293T_irCLIPv2_UVC_R2_S3_20240701,false,CLIP,"{'id': 'Hs', 'name': 'Human'}",40140581,SRR29661430_merged.cleaned.fastq.gz,225–350 kDa,UVC,,irCLIP,GTCAG,GSM8371200,Stanford University,Paul Khavari,anti-KHSRP Bethyl Laboratories A302-021A,KHSRP,,,,,,Luca Ducoli,,Illumina NovaSeq 6000,,A431,,,,,,
526509037581057788,irCLIP-RNP and Re-CLIP reveal patterns of dynamic protein assemblies on RNA,480587101347288485,ALYREF_Hs_HEK293T_irCLIPv2_UVC_R2_S1_20240701,false,CLIP,"{'id': 'Hs', 'name': 'Human'}",40140581,SRR29661414_merged.cleaned.fastq.gz,60–120 kDa,UVC,,irCLIP,TTCAG,GSM8371208,Stanford University,Paul Khavari,anti-ALYREF Bethyl Laboratories A302-893A,ALYREF,,,,,,Luca Ducoli,,Illumina NovaSeq 6000,,A431,,,,,,
526509037581057788,irCLIP-RNP and Re-CLIP reveal patterns of dynamic protein assemblies on RNA,759264128415946419,KHSRP_Hs_HEK293T_irCLIPv2_UVC_R2_S2_20240701,false,CLIP,"{'id': 'Hs', 'name': 'Human'}",40140581,SRR29661432_merged.cleaned.fastq.gz,120–225 kDa,UVC,,irCLIP,TCAGT,GSM8371199,Stanford University,Paul Khavari,anti-KHSRP Bethyl Laboratories A302-021A,KHSRP,,,,,,Luca Ducoli,,Illumina NovaSeq 6000,,A431,,,,,,
526509037581057788,irCLIP-RNP and Re-CLIP reveal patterns of dynamic protein assemblies on RNA,498648822017728780,HNRNPC_KHSRP_Hs_HEK293T_Re-CLIP_140-350UV_R1_20240701,false,CLIP,"{'id': 'Hs', 'name': 'Human'}",40140581,SRR29661428_merged.cleaned.fastq.gz,,140-350UV,,Re-CLIP,TTCAG,GSM8371201,Stanford University,Paul Khavari,"anti-HNRNPC Santa Cruz Biotechnology sc-32308, anti-KHSRP Bethyl Laboratories A302-021A",KHSRP,reCLIP_hnRNPC,,,,,Luca Ducoli,,Illumina NovaSeq 6000,,A431,,,,,,
526509037581057788,irCLIP-RNP and Re-CLIP reveal patterns of dynamic protein assemblies on RNA,413349267288459165,HNRNPC_KHSRP_Hs_HEK293T_Re-CLIP_140-350UV_R2_20240701,false,CLIP,"{'id': 'Hs', 'name': 'Human'}",40140581,SRR29661426_merged.cleaned.fastq.gz,,140-350UV,,Re-CLIP,TTCAG,GSM8371202,Stanford University,Paul Khavari,"anti-HNRNPC Santa Cruz Biotechnology sc-32308, anti-KHSRP Bethyl Laboratories A302-021A",KHSRP,reCLIP_hnRNPC,,,,,Luca Ducoli,,Illumina NovaSeq 6000,,A431,,,,,,
526509037581057788,irCLIP-RNP and Re-CLIP reveal patterns of dynamic protein assemblies on RNA,195631995069099071,HNRNPM_Hs_HEK293T_irCLIPv2_UVC_R2_S1_20240701,false,CLIP,"{'id': 'Hs', 'name': 'Human'}",40140581,SRR29661438_merged.cleaned.fastq.gz,60–120 kDa,UVC,,irCLIP,ACTGA,GSM8371164,Stanford University,Paul Khavari,anti-HNRNPM Santa Cruz Biotechnology sc-20001,HNRNPM,,,,,,Luca Ducoli,,Illumina HiSeq 2500,,HEK293T,,,,,,
526509037581057788,irCLIP-RNP and Re-CLIP reveal patterns of dynamic protein assemblies on RNA,304516111644609994,HNRNPM_Hs_HEK293T_irCLIPv2_UVC_R1_S1_20240701,false,CLIP,"{'id': 'Hs', 'name': 'Human'}",40140581,SRR29661444_merged.cleaned.fastq.gz,60–120 kDa,UVC,,irCLIP,ACTGA,GSM8371161,Stanford University,Paul Khavari,anti-HNRNPM Santa Cruz Biotechnology sc-20001,HNRNPM,,,,,,Luca Ducoli,,Illumina HiSeq 2500,,HEK293T,,,,,,
526509037581057788,irCLIP-RNP and Re-CLIP reveal patterns of dynamic protein assemblies on RNA,844574659941406299,HNRNPM_Hs_HEK293T_irCLIPv2_noUV_R2_20240701,false,CLIP,"{'id': 'Hs', 'name': 'Human'}",40140581,SRR29661446_merged.cleaned.fastq.gz,,noUV,,irCLIP,ACTGA,GSM8371160,Stanford University,Paul Khavari,anti-HNRNPM Santa Cruz Biotechnology sc-20001,HNRNPM,,,,,,Luca Ducoli,,Illumina HiSeq 2500,,HEK293T,,,,,,
526509037581057788,irCLIP-RNP and Re-CLIP reveal patterns of dynamic protein assemblies on RNA,781197908741431323,HNRNPM_Hs_HEK293T_irCLIPv2_UVC_R1_S2_20240701,false,CLIP,"{'id': 'Hs', 'name': 'Human'}",40140581,SRR29661442_merged.cleaned.fastq.gz,120–225 kDa,UVC,,irCLIP,CTGAC,GSM8371162,Stanford University,Paul Khavari,anti-HNRNPM Santa Cruz Biotechnology sc-20001,HNRNPM,,,,,,Luca Ducoli,,Illumina HiSeq 2500,,HEK293T,,,,,,
526509037581057788,irCLIP-RNP and Re-CLIP reveal patterns of dynamic protein assemblies on RNA,501719438185130331,HNRNPM_Hs_HEK293T_irCLIPv2_UVC_R1_S3_20240701,false,CLIP,"{'id': 'Hs', 'name': 'Human'}",40140581,SRR29661440_merged.cleaned.fastq.gz,225–350 kDa,UVC,,irCLIP,TGACT,GSM8371163,Stanford University,Paul Khavari,anti-HNRNPM Santa Cruz Biotechnology sc-20001,HNRNPM,,,,,,Luca Ducoli,,Illumina HiSeq 2500,,HEK293T,,,,,,
526509037581057788,irCLIP-RNP and Re-CLIP reveal patterns of dynamic protein assemblies on RNA,910385045217313133,HNRNPFH_Hs_HEK293T_irCLIPv2_UVC_R2_S1_20240701,false,CLIP,"{'id': 'Hs', 'name': 'Human'}",40140581,SRR29661454_merged.cleaned.fastq.gz,"60–120 kDa, HNRNP F/H family",UVC,,irCLIP,TTCAG,GSM8371156,Stanford University,Paul Khavari,anti-HNRNPF/H Santa Cruz Biotechnology sc-32310,hnRNPH/F,HNRNPF/H family,,,,,Luca Ducoli,,Illumina HiSeq 2500,,HEK293T,,,,,,
526509037581057788,irCLIP-RNP and Re-CLIP reveal patterns of dynamic protein assemblies on RNA,824555460827641151,HNRNPFH_Hs_HEK293T_irCLIPv2_UVC_R2_S3_20240701,false,CLIP,"{'id': 'Hs', 'name': 'Human'}",40140581,SRR29661450_merged.cleaned.fastq.gz,"225–350 kDa, HNRNP F/H family",UVC,,irCLIP,AGTCA,GSM8371158,Stanford University,Paul Khavari,anti-HNRNPF/H Santa Cruz Biotechnology sc-32310,hnRNPH/F,HNRNPF/H family,,,,,Luca Ducoli,,Illumina HiSeq 2500,,HEK293T,,,,,,
526509037581057788,irCLIP-RNP and Re-CLIP reveal patterns of dynamic protein assemblies on RNA,913358850997789719,HNRNPM_Hs_HEK293T_irCLIPv2_noUV_R1_20240701,false,CLIP,"{'id': 'Hs', 'name': 'Human'}",40140581,SRR29661448_merged.cleaned.fastq.gz,,noUV,,irCLIP,ACTGA,GSM8371159,Stanford University,Paul Khavari,anti-HNRNPM Santa Cruz Biotechnology sc-20001,HNRNPM,,,,,,Luca Ducoli,,Illumina HiSeq 2500,,HEK293T,,,,,,
526509037581057788,irCLIP-RNP and Re-CLIP reveal patterns of dynamic protein assemblies on RNA,662370312503299878,HNRNPFH_Hs_HEK293T_irCLIPv2_UVC_R2_S2_20240701,false,CLIP,"{'id': 'Hs', 'name': 'Human'}",40140581,SRR29661452_merged.cleaned.fastq.gz,"120–225 kDa, HNRNP F/H family",UVC,,irCLIP,GGTCA,GSM8371157,Stanford University,Paul Khavari,anti-HNRNPF/H Santa Cruz Biotechnology sc-32310,hnRNPH/F,HNRNPF/H family,,,,,Luca Ducoli,,Illumina HiSeq 2500,,HEK293T,,,,,,
526509037581057788,irCLIP-RNP and Re-CLIP reveal patterns of dynamic protein assemblies on RNA,458932599450556243,HNRNPC_HNRNPC_Hs_HEK293T_Re-CLIP_allUV_R1_20240701,false,CLIP,"{'id': 'Hs', 'name': 'Human'}",40140581,SRR29661468_merged.cleaned.fastq.gz,,allUV,,Re-CLIP,GACTG,GSM8371133,Stanford University,Paul Khavari,anti-HNRNPC Santa Cruz Biotechnology sc-32308,HNRNPC,reCLIP_hnRNPC,,,,,Luca Ducoli,,Illumina HiSeq 2500,,HEK293T,,,,,,
526509037581057788,irCLIP-RNP and Re-CLIP reveal patterns of dynamic protein assemblies on RNA,962827762124959086,HNRNPFH_Hs_HEK293T_irCLIPv2_UVC_R1_S3_20240701,false,CLIP,"{'id': 'Hs', 'name': 'Human'}",40140581,SRR29661456_merged.cleaned.fastq.gz,"225–350 kDa, HNRNP F/H family",UVC,,irCLIP,AGTCA,GSM8371155,Stanford University,Paul Khavari,anti-HNRNPF/H Santa Cruz Biotechnology sc-32310,hnRNPH/F,HNRNPF/H family,,,,,Luca Ducoli,,Illumina HiSeq 2500,,HEK293T,,,,,,
526509037581057788,irCLIP-RNP and Re-CLIP reveal patterns of dynamic protein assemblies on RNA,565233171904774847,HNRNPFH_Hs_HEK293T_irCLIPv2_noUV_R2_20240701,false,CLIP,"{'id': 'Hs', 'name': 'Human'}",40140581,SRR29661462_merged.cleaned.fastq.gz,HNRNP F/H family,noUV,,irCLIP,TTCAG,GSM8371152,Stanford University,Paul Khavari,anti-HNRNPF/H Santa Cruz Biotechnology sc-32310,hnRNPH/F,,,,,,Luca Ducoli,,Illumina HiSeq 2500,,HEK293T,,,,,,
526509037581057788,irCLIP-RNP and Re-CLIP reveal patterns of dynamic protein assemblies on RNA,673239247598635620,HNRNPC_Hs_HEK293T_irCLIPv2_UVC_R2_S2_20240701,false,CLIP,"{'id': 'Hs', 'name': 'Human'}",40140581,SRR29661472_merged.cleaned.fastq.gz,120–225 kDa,UVC,,irCLIP,CTGAC,GSM8371131,Stanford University,Paul Khavari,anti-HNRNPC Santa Cruz Biotechnology sc-32308,HNRNPC,,,,,,Luca Ducoli,,Illumina HiSeq 2500,,HEK293T,,,,,,
526509037581057788,irCLIP-RNP and Re-CLIP reveal patterns of dynamic protein assemblies on RNA,633207386718435367,HNRNPC_Hs_HEK293T_irCLIPv2_UVC_R2_S3_20240701,false,CLIP,"{'id': 'Hs', 'name': 'Human'}",40140581,SRR29661470_merged.cleaned.fastq.gz,225–350 kDa,UVC,,irCLIP,TGACT,GSM8371132,Stanford University,Paul Khavari,anti-HNRNPC Santa Cruz Biotechnology sc-32308,HNRNPC,,,,,,Luca Ducoli,,Illumina HiSeq 2500,,HEK293T,,,,,,
526509037581057788,irCLIP-RNP and Re-CLIP reveal patterns of dynamic protein assemblies on RNA,399867948661817880,HNRNPFH_Hs_HEK293T_irCLIPv2_UVC_R1_S1_20240701,false,CLIP,"{'id': 'Hs', 'name': 'Human'}",40140581,SRR29661460_merged.cleaned.fastq.gz,"60–120 kDa, HNRNP F/H family",UVC,,irCLIP,TTCAG,GSM8371153,Stanford University,Paul Khavari,anti-HNRNPF/H Santa Cruz Biotechnology sc-32310,hnRNPH/F,HNRNPF/H family,,,,,Luca Ducoli,,Illumina HiSeq 2500,,HEK293T,,,,,,
526509037581057788,irCLIP-RNP and Re-CLIP reveal patterns of dynamic protein assemblies on RNA,561011936046211325,HNRNPFH_Hs_HEK293T_irCLIPv2_noUV_R1_20240701,false,CLIP,"{'id': 'Hs', 'name': 'Human'}",40140581,SRR29661464_merged.cleaned.fastq.gz,HNRNP F/H family,noUV,,irCLIP,TTCAG,GSM8371151,Stanford University,Paul Khavari,anti-HNRNPF/H Santa Cruz Biotechnology sc-32310,hnRNPH/F,HNRNPF/H family,,,,,Luca Ducoli,,Illumina HiSeq 2500,,HEK293T,,,,,,
526509037581057788,irCLIP-RNP and Re-CLIP reveal patterns of dynamic protein assemblies on RNA,797716723049191559,HNRNPFH_Hs_HEK293T_irCLIPv2_UVC_R1_S2_20240701,false,CLIP,"{'id': 'Hs', 'name': 'Human'}",40140581,SRR29661458_merged.cleaned.fastq.gz,"120–225 kDa, HNRNP F/H family",UVC,,irCLIP,GGTCA,GSM8371154,Stanford University,Paul Khavari,anti-HNRNPF/H Santa Cruz Biotechnology sc-32310,hnRNPH/F,HNRNPF/H family,,,,,Luca Ducoli,,Illumina HiSeq 2500,,HEK293T,,,,,,
526509037581057788,irCLIP-RNP and Re-CLIP reveal patterns of dynamic protein assemblies on RNA,822557063120492700,HNRNPC_siUPF1_Hs_A431_irCLIPv2_EGF60_R2_20240701,false,CLIP,"{'id': 'Hs', 'name': 'Human'}",40140581,SRR29661466_merged.cleaned.fastq.gz,,"60min EGF, siUPF1",,irCLIP,AGTCA,GSM8371150,Stanford University,Paul Khavari,anti-HNRNPC Santa Cruz Biotechnology sc-32308,HNRNPC,:siUPF1,,,,,Luca Ducoli,,Illumina HiSeq 2500,,HEK293T,,,,,,
526509037581057788,irCLIP-RNP and Re-CLIP reveal patterns of dynamic protein assemblies on RNA,625622920645491857,HNRNPC_Hs_HEK293T_irCLIPv2_UVC_R1_S3_20240701,false,CLIP,"{'id': 'Hs', 'name': 'Human'}",40140581,SRR29661476_merged.cleaned.fastq.gz,225–350 kDa,UVC,,irCLIP,TGACT,GSM8371129,Stanford University,Paul Khavari,anti-HNRNPC Santa Cruz Biotechnology sc-32308,HNRNPC,,,,,,Luca Ducoli,,Illumina HiSeq 2500,,HEK293T,,,,,,
526509037581057788,irCLIP-RNP and Re-CLIP reveal patterns of dynamic protein assemblies on RNA,912460253656622413,HNRNPC_IgG_Hs_A431_Re-CLIP_EGF0_R1_20240701,false,CLIP,"{'id': 'Hs', 'name': 'Human'}",40140581,SRR29661286_merged.cleaned.fastq.gz,,0min EGF,,Re-CLIP,AGTCA,GSM8371187,Stanford University,Paul Khavari,anti-HNRNPC Santa Cruz Biotechnology sc-32308,IgG,reCLIP_hnRNPC,,,,,Luca Ducoli,,Illumina NovaSeq 6000,,A431,,,,,,
526509037581057788,irCLIP-RNP and Re-CLIP reveal patterns of dynamic protein assemblies on RNA,783237037398956478,FUS_Hs_HEK293T_irCLIPv2_UVC_R2_S3_20240701,false,CLIP,"{'id': 'Hs', 'name': 'Human'}",40140581,SRR29661486_merged.cleaned.fastq.gz,225–350 kDa,UVC,,irCLIP,TGACT,GSM8371124,Stanford University,Paul Khavari,anti-FUS Bethyl Laboratories A300-294A,FUS,,,,,,Luca Ducoli,,Illumina HiSeq 2500,,HEK293T,,,,,,
526509037581057788,irCLIP-RNP and Re-CLIP reveal patterns of dynamic protein assemblies on RNA,413495726913106351,HNRNPC_Hs_HEK293T_irCLIPv2_UVC_R2_S1_20240701,false,CLIP,"{'id': 'Hs', 'name': 'Human'}",40140581,SRR29661474_merged.cleaned.fastq.gz,60–120 kDa,UVC,,irCLIP,ACTGA,GSM8371130,Stanford University,Paul Khavari,anti-HNRNPC Santa Cruz Biotechnology sc-32308,HNRNPC,,,,,,Luca Ducoli,,Illumina HiSeq 2500,,HEK293T,,,,,,
526509037581057788,irCLIP-RNP and Re-CLIP reveal patterns of dynamic protein assemblies on RNA,566829228273773786,HNRNPC_Hs_HEK293T_irCLIPv2_noUV_R1_20240701,false,CLIP,"{'id': 'Hs', 'name': 'Human'}",40140581,SRR29661488_merged.cleaned.fastq.gz,,noUV,,irCLIP,CTGAC,GSM8371125,Stanford University,Paul Khavari,anti-HNRNPC Santa Cruz Biotechnology sc-32308,HNRNPC,,,,,,Luca Ducoli,,Illumina HiSeq 2500,,HEK293T,,,,,,
526509037581057788,irCLIP-RNP and Re-CLIP reveal patterns of dynamic protein assemblies on RNA,672216510659692421,FUS_Hs_HEK293T_irCLIPv2_UVC_R2_S2_20240701,false,CLIP,"{'id': 'Hs', 'name': 'Human'}",40140581,SRR29661492_merged.cleaned.fastq.gz,120–225 kDa,UVC,,irCLIP,CTGAC,GSM8371123,Stanford University,Paul Khavari,anti-FUS Bethyl Laboratories A300-294A,FUS,,,,,,Luca Ducoli,,Illumina HiSeq 2500,,HEK293T,,,,,,
526509037581057788,irCLIP-RNP and Re-CLIP reveal patterns of dynamic protein assemblies on RNA,327014625672926926,FUS_Hs_HEK293T_irCLIPv2_noUV_R1_20240701,false,CLIP,"{'id': 'Hs', 'name': 'Human'}",40140581,SRR29661505_cleaned.cleaned.fastq.gz,,noUV,,irCLIP,AAGTC,GSM8371117,Stanford University,Paul Khavari,anti-FUS Bethyl Laboratories A300-294A,FUS,,,,,,Luca Ducoli,,Illumina HiSeq 2500,,HEK293T,,,,,,
526509037581057788,irCLIP-RNP and Re-CLIP reveal patterns of dynamic protein assemblies on RNA,835582197035666086,FUS_Hs_HEK293T_irCLIPv2_UVC_R2_S1_20240701,false,CLIP,"{'id': 'Hs', 'name': 'Human'}",40140581,SRR29661496_merged.cleaned.fastq.gz,60–120 kDa,UVC,,irCLIP,ACTGA,GSM8371122,Stanford University,Paul Khavari,anti-FUS Bethyl Laboratories A300-294A,FUS,,,,,,Luca Ducoli,,Illumina HiSeq 2500,,HEK293T,,,,,,
526509037581057788,irCLIP-RNP and Re-CLIP reveal patterns of dynamic protein assemblies on RNA,471136942719391575,HNRNPC_Hs_HEK293T_irCLIPv2_noUV_R2_20240701,false,CLIP,"{'id': 'Hs', 'name': 'Human'}",40140581,SRR29661484_merged.cleaned.fastq.gz,,noUV,,irCLIP,CTGAC,GSM8371126,Stanford University,Paul Khavari,anti-HNRNPC Santa Cruz Biotechnology sc-32308,HNRNPC,,,,,,Luca Ducoli,,Illumina HiSeq 2500,,HEK293T,,,,,,
526509037581057788,irCLIP-RNP and Re-CLIP reveal patterns of dynamic protein assemblies on RNA,309805036495339753,FUS_Hs_HEK293T_irCLIPv2_UVC_R1_S3_20240701,false,CLIP,"{'id': 'Hs', 'name': 'Human'}",40140581,SRR29661498_merged.cleaned.fastq.gz,225–350 kDa,UVC,,irCLIP,TGACT,GSM8371121,Stanford University,Paul Khavari,anti-FUS Bethyl Laboratories A300-294A,FUS,,,,,,Luca Ducoli,,Illumina HiSeq 2500,,HEK293T,,,,,,
526509037581057788,irCLIP-RNP and Re-CLIP reveal patterns of dynamic protein assemblies on RNA,492312268641389966,FUS_Hs_HEK293T_irCLIPv2_UVC_R1_S2_20240701,false,CLIP,"{'id': 'Hs', 'name': 'Human'}",40140581,SRR29661500_merged.cleaned.fastq.gz,120–225 kDa,UVC,,irCLIP,CTGAC,GSM8371120,Stanford University,Paul Khavari,anti-FUS Bethyl Laboratories A300-294A,FUS,,,,,,Luca Ducoli,,Illumina HiSeq 2500,,HEK293T,,,,,,
530574622408451540,RNA-seq in hiPSC-derived neurons +/- tau aggregates,855152263308333752,ctrl_SP_3day_SBAD3_1_cort_inhib_neur_rep8,false,RNA-Seq,"{'id': 'Hs', 'name': 'Human'}",40390134,"SRR30003167_1.fastq.gz,SRR30003167_2.fastq.gz",,,,,,,,Jernej Ule,,,,,,,,Llywelyn Griffith,,Novaseq 6000,,iPSC-derived cortical neurons,,auto,,,,
530574622408451540,RNA-seq in hiPSC-derived neurons +/- tau aggregates,728397059905277084,ctrl_SP_3day_SBAD3_1_cort_inhib_neur_rep7,false,RNA-Seq,"{'id': 'Hs', 'name': 'Human'}",40390134,"SRR30003166_1.fastq.gz,SRR30003166_2.fastq.gz",,,,,,,,Jernej Ule,,,,,,,,Llywelyn Griffith,,Novaseq 6000,,iPSC-derived cortical neurons,,auto,,,,
530574622408451540,RNA-seq in hiPSC-derived neurons +/- tau aggregates,201223802706802658,ctrl_SP_3day_SBAD3_1_cort_inhib_neur_rep5,false,RNA-Seq,"{'id': 'Hs', 'name': 'Human'}",40390134,"SRR30003164_1.fastq.gz,SRR30003164_2.fastq.gz",,,,,,,,Jernej Ule,,,,,,,,Llywelyn Griffith,,Novaseq 6000,,iPSC-derived cortical neurons,,auto,,,,
530574622408451540,RNA-seq in hiPSC-derived neurons +/- tau aggregates,190383948755483294,AD_SP_3day_SBAD3_1_cort_inhib_neur_rep6,false,RNA-Seq,"{'id': 'Hs', 'name': 'Human'}",40390134,"SRR30003158_1.fastq.gz,SRR30003158_2.fastq.gz",,,,,,,,Jernej Ule,,,,,,,,Llywelyn Griffith,,Novaseq 6000,,iPSC-derived cortical neurons,,auto,,,,
530574622408451540,RNA-seq in hiPSC-derived neurons +/- tau aggregates,893328495908113106,ctrl_SP_3day_SBAD3_1_cort_inhib_neur_rep3,false,RNA-Seq,"{'id': 'Hs', 'name': 'Human'}",40390134,"SRR30003162_1.fastq.gz,SRR30003162_2.fastq.gz",,,,,,,,Jernej Ule,,,,,,,,Llywelyn Griffith,,Novaseq 6000,,iPSC-derived cortical neurons,,auto,,,,
526509037581057788,irCLIP-RNP and Re-CLIP reveal patterns of dynamic protein assemblies on RNA,232425625203616656,HNRNPC_Hs_HEK293T_irCLIPv2_UVC_R1_S1_20240701,false,CLIP,"{'id': 'Hs', 'name': 'Human'}",40140581,SRR29661480_merged.cleaned.fastq.gz,60–120 kDa,UVC,,irCLIP,ACTGA,GSM8371127,Stanford University,Paul Khavari,anti-HNRNPC Santa Cruz Biotechnology sc-32308,HNRNPC,,,,,,Luca Ducoli,,Illumina HiSeq 2500,,HEK293T,,,,,,
530574622408451540,RNA-seq in hiPSC-derived neurons +/- tau aggregates,825194037841539839,AD_SP_3day_SBAD3_1_cort_inhib_neur_rep5,false,RNA-Seq,"{'id': 'Hs', 'name': 'Human'}",40390134,"SRR30003157_1.fastq.gz,SRR30003157_2.fastq.gz",,,,,,,,Jernej Ule,,,,,,,,Llywelyn Griffith,,Novaseq 6000,,iPSC-derived cortical neurons,,auto,,,,
530574622408451540,RNA-seq in hiPSC-derived neurons +/- tau aggregates,870553170486330433,PBS_3day_SBAD3_1_cort_inhib_neur_rep7,false,RNA-Seq,"{'id': 'Hs', 'name': 'Human'}",40390134,"SRR30003032_1.fastq.gz,SRR30003032_2.fastq.gz",,,,,,,,Jernej Ule,,,,,,,,Llywelyn Griffith,,Novaseq 6000,,iPSC-derived cortical neurons,,auto,,,,
526509037581057788,irCLIP-RNP and Re-CLIP reveal patterns of dynamic protein assemblies on RNA,898007523031268042,HNRNPC_Hs_HEK293T_irCLIPv2_UVC_R1_S2_20240701,false,CLIP,"{'id': 'Hs', 'name': 'Human'}",40140581,SRR29661478_merged.cleaned.fastq.gz,120–225 kDa,UVC,,irCLIP,CTGAC,GSM8371128,Stanford University,Paul Khavari,anti-HNRNPC Santa Cruz Biotechnology sc-32308,HNRNPC,,,,,,Luca Ducoli,,Illumina HiSeq 2500,,HEK293T,,,,,,
530574622408451540,RNA-seq in hiPSC-derived neurons +/- tau aggregates,544009378905348031,AD_SP_3day_SBAD3_1_cort_inhib_neur_rep8,false,RNA-Seq,"{'id': 'Hs', 'name': 'Human'}",40390134,"SRR30003160_1.fastq.gz,SRR30003160_2.fastq.gz",,,,,,,,Jernej Ule,,,,,,,,Llywelyn Griffith,,Novaseq 6000,,iPSC-derived cortical neurons,,auto,,,,
530574622408451540,RNA-seq in hiPSC-derived neurons +/- tau aggregates,286308870559919538,AD_SP_3day_SBAD3_1_cort_inhib_neur_rep4,false,RNA-Seq,"{'id': 'Hs', 'name': 'Human'}",40390134,"SRR30003156_1.fastq.gz,SRR30003156_2.fastq.gz",,,,,,,,Jernej Ule,,,,,,,,Llywelyn Griffith,,Novaseq 6000,,iPSC-derived cortical neurons,,auto,,,,
530574622408451540,RNA-seq in hiPSC-derived neurons +/- tau aggregates,817371395438018274,AD_SP_3day_SBAD3_1_cort_inhib_neur_rep1,false,RNA-Seq,"{'id': 'Hs', 'name': 'Human'}",40390134,"SRR30003153_1.fastq.gz,SRR30003153_2.fastq.gz",,,,,,,,Jernej Ule,,,,,,,,Llywelyn Griffith,,Novaseq 6000,,iPSC-derived cortical neurons,,auto,,,,
526509037581057788,irCLIP-RNP and Re-CLIP reveal patterns of dynamic protein assemblies on RNA,634872663279207061,FUS_Hs_HEK293T_irCLIPv2_noUV_R2_20240701,false,CLIP,"{'id': 'Hs', 'name': 'Human'}",40140581,SRR29661504_cleaned.cleaned.fastq.gz,,noUV,,irCLIP,AAGTC,GSM8371118,Stanford University,Paul Khavari,anti-FUS Bethyl Laboratories A300-294A,FUS,,,,,,Luca Ducoli,,Illumina HiSeq 2500,,HEK293T,,,,,,
530574622408451540,RNA-seq in hiPSC-derived neurons +/- tau aggregates,519232143391779582,PBS_3day_SBAD3_1_cort_inhib_neur_rep8,false,RNA-Seq,"{'id': 'Hs', 'name': 'Human'}",40390134,"SRR30003034_1.fastq.gz,SRR30003034_2.fastq.gz",,,,,,,,Jernej Ule,,,,,,,,Llywelyn Griffith,,Novaseq 6000,,iPSC-derived cortical neurons,,auto,,,,
530574622408451540,RNA-seq in hiPSC-derived neurons +/- tau aggregates,201480519543058193,PBS_3day_SBAD3_1_cort_inhib_neur_rep3,false,RNA-Seq,"{'id': 'Hs', 'name': 'Human'}",40390134,"SRR30003028_1.fastq.gz,SRR30003028_2.fastq.gz",,,,,,,,Jernej Ule,,,,,,,,Llywelyn Griffith,,Novaseq 6000,,iPSC-derived cortical neurons,,auto,,,,
530574622408451540,RNA-seq in hiPSC-derived neurons +/- tau aggregates,150859391059462752,AD_SP_3day_SBAD3_1_cort_inhib_neur_rep2,false,RNA-Seq,"{'id': 'Hs', 'name': 'Human'}",40390134,"SRR30003154_1.fastq.gz,SRR30003154_2.fastq.gz",,,,,,,,Jernej Ule,,,,,,,,Llywelyn Griffith,,Novaseq 6000,,iPSC-derived cortical neurons,,auto,,,,
530574622408451540,RNA-seq in hiPSC-derived neurons +/- tau aggregates,794537543695929655,PBS_3day_SBAD3_1_cort_inhib_neur_rep6,false,RNA-Seq,"{'id': 'Hs', 'name': 'Human'}",40390134,"SRR30003031_1.fastq.gz,SRR30003031_2.fastq.gz",,,,,,,,Jernej Ule,,,,,,,,Llywelyn Griffith,,Novaseq 6000,,iPSC-derived cortical neurons,,auto,,,,
530574622408451540,RNA-seq in hiPSC-derived neurons +/- tau aggregates,503170573364316215,PBS_3day_SBAD3_1_cort_inhib_neur_rep5,false,RNA-Seq,"{'id': 'Hs', 'name': 'Human'}",40390134,"SRR30003030_1.fastq.gz,SRR30003030_2.fastq.gz",,,,,,,,Jernej Ule,,,,,,,,Llywelyn Griffith,,Novaseq 6000,,iPSC-derived cortical neurons,,auto,,,,
530574622408451540,RNA-seq in hiPSC-derived neurons +/- tau aggregates,619132259280405869,ctrl_SP_3day_SBAD3_1_cort_inhib_neur_rep4,false,RNA-Seq,"{'id': 'Hs', 'name': 'Human'}",40390134,"SRR30003163_1.fastq.gz,SRR30003163_2.fastq.gz",,,,,,,,Jernej Ule,,,,,,,,Llywelyn Griffith,,Novaseq 6000,,iPSC-derived cortical neurons,,auto,,,,
530574622408451540,RNA-seq in hiPSC-derived neurons +/- tau aggregates,931281627290779819,PBS_3day_SBAD3_1_cort_inhib_neur_rep4,false,RNA-Seq,"{'id': 'Hs', 'name': 'Human'}",40390134,"SRR30003029_1.fastq.gz,SRR30003029_2.fastq.gz",,,,,,,,Jernej Ule,,,,,,,,Llywelyn Griffith,,Novaseq 6000,,iPSC-derived cortical neurons,,auto,,,,
530574622408451540,RNA-seq in hiPSC-derived neurons +/- tau aggregates,977935079689428543,AD_SP_3day_SBAD3_1_cort_inhib_neur_rep3,false,RNA-Seq,"{'id': 'Hs', 'name': 'Human'}",40390134,"SRR30003155_1.fastq.gz,SRR30003155_2.fastq.gz",,,,,,,,Jernej Ule,,,,,,,,Llywelyn Griffith,,Novaseq 6000,,iPSC-derived cortical neurons,,auto,,,,
530574622408451540,RNA-seq in hiPSC-derived neurons +/- tau aggregates,386040518637387305,PBS_3day_SBAD3_1_cort_inhib_neur_rep2,false,RNA-Seq,"{'id': 'Hs', 'name': 'Human'}",40390134,"SRR30003027_1.fastq.gz,SRR30003027_2.fastq.gz",,,,,,,,Jernej Ule,,,,,,,,Llywelyn Griffith,,Novaseq 6000,,iPSC-derived cortical neurons,,auto,,,,
530574622408451540,RNA-seq in hiPSC-derived neurons +/- tau aggregates,271808041394466747,ctrl_SP_3day_SBAD3_1_cort_inhib_neur_rep6,false,RNA-Seq,"{'id': 'Hs', 'name': 'Human'}",40390134,"SRR30003165_1.fastq.gz,SRR30003165_2.fastq.gz",,,,,,,,Jernej Ule,,,,,,,,Llywelyn Griffith,,Novaseq 6000,,iPSC-derived cortical neurons,,auto,,,,
530574622408451540,RNA-seq in hiPSC-derived neurons +/- tau aggregates,402337347657890567,AD_SP_3day_SBAD3_1_cort_inhib_neur_rep7,false,RNA-Seq,"{'id': 'Hs', 'name': 'Human'}",40390134,"SRR30003159_1.fastq.gz,SRR30003159_2.fastq.gz",,,,,,,,Jernej Ule,,,,,,,,Llywelyn Griffith,,Novaseq 6000,,iPSC-derived cortical neurons,,auto,,,,
530574622408451540,RNA-seq in hiPSC-derived neurons +/- tau aggregates,892580289997889225,ctrl_SP_3day_SBAD3_1_cort_inhib_neur_rep2,false,RNA-Seq,"{'id': 'Hs', 'name': 'Human'}",40390134,"SRR30003025_1.fastq.gz,SRR30003025_2.fastq.gz",,,,,,,,Jernej Ule,,,,,,,,Llywelyn Griffith,,Novaseq 6000,,iPSC-derived cortical neurons,,auto,,,,
530574622408451540,RNA-seq in hiPSC-derived neurons +/- tau aggregates,270139873595657377,PBS_3day_SBAD3_1_cort_inhib_neur_rep1,false,RNA-Seq,"{'id': 'Hs', 'name': 'Human'}",40390134,"SRR30003026_1.fastq.gz,SRR30003026_2.fastq.gz",,,,,,,,Jernej Ule,,,,,,,,Llywelyn Griffith,,Novaseq 6000,,iPSC-derived cortical neurons,,auto,,,,
758524880851986441,RNA-seq in rat neurons +/- α synuclein fibrils,174766549517307865,male_a_synuclein_fibrils_rep5,false,RNA-Seq,"{'id': 'Rn', 'name': 'Rat'}",38172128,"SRR26499826_1.fastq.gz,SRR26499826_2.fastq.gz",,,,,,,,Jernej Ule,,,,,,,,Llywelyn Griffith,,Novaseq 6000,,Primary Neurons,,auto,,,,
758524880851986441,RNA-seq in rat neurons +/- α synuclein fibrils,490389615120347897,male_PBS_rep4,false,RNA-Seq,"{'id': 'Rn', 'name': 'Rat'}",38172128,"SRR26499824_1.fastq.gz,SRR26499824_2.fastq.gz",,,,,,,,Jernej Ule,,,,,,,,Llywelyn Griffith,,Novaseq 6000,,Primary Neurons,,auto,,,,
530574622408451540,RNA-seq in hiPSC-derived neurons +/- tau aggregates,257899868063532100,ctrl_SP_3day_SBAD3_1_cort_inhib_neur_rep1,false,RNA-Seq,"{'id': 'Hs', 'name': 'Human'}",40390134,"SRR30003024_1.fastq.gz,SRR30003024_2.fastq.gz",,,,,,,,Jernej Ule,,,,,,,,Llywelyn Griffith,,Novaseq 6000,,iPSC-derived cortical neurons,,auto,,,,
758524880851986441,RNA-seq in rat neurons +/- α synuclein fibrils,858028920509128112,male_a_synuclein_fibrils_rep3,false,RNA-Seq,"{'id': 'Rn', 'name': 'Rat'}",38172128,"SRR26499823_1.fastq.gz,SRR26499823_2.fastq.gz",,,,,,,,Jernej Ule,,,,,,,,Llywelyn Griffith,,Novaseq 6000,,Primary Neurons,,auto,,,,
758524880851986441,RNA-seq in rat neurons +/- α synuclein fibrils,597314171314773690,male_a_synuclein_fibrils_rep4,false,RNA-Seq,"{'id': 'Rn', 'name': 'Rat'}",38172128,"SRR26499825_1.fastq.gz,SRR26499825_2.fastq.gz",,,,,,,,Jernej Ule,,,,,,,,Llywelyn Griffith,,Novaseq 6000,,Primary Neurons,,auto,,,,
758524880851986441,RNA-seq in rat neurons +/- α synuclein fibrils,430665391254713579,male_a_synuclein_fibrils_rep1,false,RNA-Seq,"{'id': 'Rn', 'name': 'Rat'}",38172128,"SRR26499821_1.fastq.gz,SRR26499821_2.fastq.gz",,,,,,,,Jernej Ule,,,,,,,,Llywelyn Griffith,,Novaseq 6000,,Primary Neurons,,auto,,,,
758524880851986441,RNA-seq in rat neurons +/- α synuclein fibrils,131881710905447256,female_PBS_rep3,false,RNA-Seq,"{'id': 'Rn', 'name': 'Rat'}",38172128,"SRR26499819_1.fastq.gz,SRR26499819_2.fastq.gz",,,,,,,,Jernej Ule,,,,,,,,Llywelyn Griffith,,Novaseq 6000,,Primary Neurons,,auto,,,,
758524880851986441,RNA-seq in rat neurons +/- α synuclein fibrils,148333758793100541,female_PBS_rep4,false,RNA-Seq,"{'id': 'Rn', 'name': 'Rat'}",38172128,"SRR26499820_1.fastq.gz,SRR26499820_2.fastq.gz",,,,,,,,Jernej Ule,,,,,,,,Llywelyn Griffith,,Novaseq 6000,,Primary Neurons,,auto,,,,
758524880851986441,RNA-seq in rat neurons +/- α synuclein fibrils,418786291228116310,male_a_synuclein_fibrils_rep2,false,RNA-Seq,"{'id': 'Rn', 'name': 'Rat'}",38172128,"SRR26499822_1.fastq.gz,SRR26499822_2.fastq.gz",,,,,,,,Jernej Ule,,,,,,,,Llywelyn Griffith,,Novaseq 6000,,Primary Neurons,,auto,,,,
758524880851986441,RNA-seq in rat neurons +/- α synuclein fibrils,169749723123125883,female_a_synuclein_fibrils_rep4,false,RNA-Seq,"{'id': 'Rn', 'name': 'Rat'}",38172128,"SRR26499818_1.fastq.gz,SRR26499818_2.fastq.gz",,,,,,,,Jernej Ule,,,,,,,,Llywelyn Griffith,,Novaseq 6000,,Primary Neurons,,auto,,,,
758524880851986441,RNA-seq in rat neurons +/- α synuclein fibrils,389429735883264125,female_a_synuclein_fibrils_rep1,false,RNA-Seq,"{'id': 'Rn', 'name': 'Rat'}",38172128,"SRR26499814_1.fastq.gz,SRR26499814_2.fastq.gz",,,,,,,,Jernej Ule,,,,,,,,Llywelyn Griffith,,Novaseq 6000,,Primary Neurons,,auto,,,,
758524880851986441,RNA-seq in rat neurons +/- α synuclein fibrils,792060865917074355,male_PBS_rep3,false,RNA-Seq,"{'id': 'Rn', 'name': 'Rat'}",38172128,"SRR26499816_1.fastq.gz,SRR26499816_2.fastq.gz",,,,,,,,Jernej Ule,,,,,,,,Llywelyn Griffith,,Novaseq 6000,,Primary Neurons,,auto,,,,
758524880851986441,RNA-seq in rat neurons +/- α synuclein fibrils,835377963072079956,female_a_synuclein_fibrils_rep2,false,RNA-Seq,"{'id': 'Rn', 'name': 'Rat'}",38172128,"SRR26499815_1.fastq.gz,SRR26499815_2.fastq.gz",,,,,,,,Jernej Ule,,,,,,,,Llywelyn Griffith,,Novaseq 6000,,Primary Neurons,,auto,,,,
758524880851986441,RNA-seq in rat neurons +/- α synuclein fibrils,244230007804273004,female_a_synuclein_fibrils_rep3,false,RNA-Seq,"{'id': 'Rn', 'name': 'Rat'}",38172128,"SRR26499817_1.fastq.gz,SRR26499817_2.fastq.gz",,,,,,,,Jernej Ule,,,,,,,,Llywelyn Griffith,,Novaseq 6000,,Primary Neurons,,auto,,,,
884148666122480271,TDP43 KD in HTT models,690555912077819495,PBS_ctrl_mouse_striatum_rep3,false,RNA-Seq,"{'id': 'Mm', 'name': 'Mouse'}",39762660,"SRR30831798_1.fastq.gz,SRR30831798_2.fastq.gz",,,,,,,,Jernej Ule,,,,,,,,Llywelyn Griffith,,Illumina NovaSeq 6000,,Brain,,auto,,,,
758524880851986441,RNA-seq in rat neurons +/- α synuclein fibrils,811579054310327163,male_PBS_rep2,false,RNA-Seq,"{'id': 'Rn', 'name': 'Rat'}",38172128,"SRR26499813_1.fastq.gz,SRR26499813_2.fastq.gz",,,,,,,,Jernej Ule,,,,,,,,Llywelyn Griffith,,Novaseq 6000,,Primary Neurons,,auto,,,,
758524880851986441,RNA-seq in rat neurons +/- α synuclein fibrils,556195241389606120,female_PBS_rep1,false,RNA-Seq,"{'id': 'Rn', 'name': 'Rat'}",38172128,"SRR26499811_1.fastq.gz,SRR26499811_2.fastq.gz",,,,,,,,Jernej Ule,,,,,,,,Llywelyn Griffith,,NovaSeq 6000,,Primary Neurons,,auto,,,,
884148666122480271,TDP43 KD in HTT models,338791908786456713,PBS_ctrl_mouse_striatum_rep2,false,RNA-Seq,"{'id': 'Mm', 'name': 'Mouse'}",39762660,"SRR30831797_1.fastq.gz,SRR30831797_2.fastq.gz",,,,,,,,Jernej Ule,,,,,,,,Llywelyn Griffith,,Illumina NovaSeq 6000,,Brain,,auto,,,,
884148666122480271,TDP43 KD in HTT models,994309128539582119,TDP43_ASO_mouse_striatum_rep3,false,RNA-Seq,"{'id': 'Mm', 'name': 'Mouse'}",39762660,"SRR30831794_1.fastq.gz,SRR30831794_2.fastq.gz",,,,,,,,Jernej Ule,,,,,,,,Llywelyn Griffith,,Illumina NovaSeq 6000,,Brain,,auto,,,,
758524880851986441,RNA-seq in rat neurons +/- α synuclein fibrils,509724867818112443,male_PBS_rep1,false,RNA-Seq,"{'id': 'Rn', 'name': 'Rat'}",38172128,"SRR26499810_1.fastq.gz,SRR26499810_2.fastq.gz",,,,,,,,Jernej Ule,,,,,,,,Llywelyn Griffith,,Novaseq 6000,,Primary Neurons,,auto,,,,
884148666122480271,TDP43 KD in HTT models,791121087651969724,PBS_ctrl_mouse_striatum_rep4,false,RNA-Seq,"{'id': 'Mm', 'name': 'Mouse'}",39762660,"SRR30831799_1.fastq.gz,SRR30831799_2.fastq.gz",,,,,,,,Jernej Ule,,,,,,,,Llywelyn Griffith,,Illumina NovaSeq 6000,,Brain,,auto,,,,
758524880851986441,RNA-seq in rat neurons +/- α synuclein fibrils,956628448519104177,female_PBS_rep2,false,RNA-Seq,"{'id': 'Rn', 'name': 'Rat'}",38172128,"SRR26499812_1.fastq.gz,SRR26499812_2.fastq.gz",,,,,,,,Jernej Ule,,,,,,,,Llywelyn Griffith,,NovaSeq 6000,,Primary Neurons,,auto,,,,
884148666122480271,TDP43 KD in HTT models,611273766306637923,PBS_ctrl_mouse_striatum_rep1,false,RNA-Seq,"{'id': 'Mm', 'name': 'Mouse'}",39762660,"SRR30831796_1.fastq.gz,SRR30831796_2.fastq.gz",,,,,,,,Jernej Ule,,,,,,,,Llywelyn Griffith,,Illumina NovaSeq 6000,,Brain,,auto,,,,
884148666122480271,TDP43 KD in HTT models,342777635559704938,TDP43_ASO_mouse_striatum_rep4,false,RNA-Seq,"{'id': 'Mm', 'name': 'Mouse'}",39762660,"SRR30831795_1.fastq.gz,SRR30831795_2.fastq.gz",,,,,,,,Jernej Ule,,,,,,,,Llywelyn Griffith,,Illumina NovaSeq 6000,,Brain,,auto,,,,
884148666122480271,TDP43 KD in HTT models,441158402816959766,siTDP43_18Q_iPSC_rep3,false,RNA-Seq,"{'id': 'Hs', 'name': 'Human'}",39762660,"SRR30831788_1.fastq.gz,SRR30831788_2.fastq.gz",,,,,,,,Jernej Ule,,,,,,,,Llywelyn Griffith,,Illumina NovaSeq 6000,,iPSC-derived medium spiny neurons,,auto,,,,
884148666122480271,TDP43 KD in HTT models,252467300842661027,TDP43_ASO_mouse_striatum_rep1,false,RNA-Seq,"{'id': 'Mm', 'name': 'Mouse'}",39762660,"SRR30831792_1.fastq.gz,SRR30831792_2.fastq.gz",,,,,,,,Jernej Ule,,,,,,,,Llywelyn Griffith,,Illumina NovaSeq 6000,,Brain,,auto,,,,
884148666122480271,TDP43 KD in HTT models,253118570694051277,siScramble_50Q_iPSC_rep1,false,RNA-Seq,"{'id': 'Hs', 'name': 'Human'}",39762660,"SRR30831783_1.fastq.gz,SRR30831783_2.fastq.gz",,,,,,,,Jernej Ule,,,,,,,,Llywelyn Griffith,,Illumina NovaSeq 6000,,iPSC-derived medium spiny neurons,,auto,,,,
884148666122480271,TDP43 KD in HTT models,735228720719950716,siTDP43_50Q_iPSC_rep3,false,RNA-Seq,"{'id': 'Hs', 'name': 'Human'}",39762660,"SRR30831782_1.fastq.gz,SRR30831782_2.fastq.gz",,,,,,,,Jernej Ule,,,,,,,,Llywelyn Griffith,,Illumina NovaSeq 6000,,iPSC-derived medium spiny neurons,,auto,,,,
229379887183914226,Direct Competition between hnRNP C and U2AF65 Protects the Transcriptome from the Exonization of Alu Elements,218803308377064357,U2AF2_Hs_HeLa_KD2_Rep1_2012,false,CLIP,"{'id': 'Hs', 'name': 'Human'}",23374342,ERR196180_trimmed.umiOnly.cleaned.fastq.gz,,HNRNPC Knockdown 2 siRNAs HSS179305,ERR196180,iCLIP,NNNTGGC,,"Cambridge Research Institute, CRUK, Cambridge, UK",Jernej Ule,anti-U2AF65 Sigma (U4758),U2AF2,,,,,,Kathi Zarnack,,Genome Analyzer II,,Hela,,,,,,
229379887183914226,Direct Competition between hnRNP C and U2AF65 Protects the Transcriptome from the Exonization of Alu Elements,170339326349030861,U2AF2_Hs_HeLa_Ctrl_Rep2_2012,false,CLIP,"{'id': 'Hs', 'name': 'Human'}",23374342,ERR196183_trimmed.umiOnly.cleaned.fastq.gz,,mock-transfected,ERR196183,iCLIP,NNNTTAA,,"Cambridge Research Institute, CRUK, Cambridge, UK",Jernej Ule,anti-U2AF65 Sigma (U4758),U2AF2,,,,,,Kathi Zarnack,,Genome Analyzer II,,Hela,,,,,,
483019790380790549,hnRNPM protects against the dsRNA-mediated interferon response by repressing LINE-associated cryptic splicing,620693365913521179,HNRNPM_Hs_HMLE_R2,false,CLIP,"{'id': 'Hs', 'name': 'Human'}",38815579,SRR23783153.fastq.gz,,DMSO,,iCLIP,NNNNCCGG,GSE227048,"Breast Center, Baylor College of Medicine",Chonghui Cheng,Mouse anti-hnRNPM OriGene (2A6),HNRNPM,,,,,,Rong Zheng,,HiSeq 4000,,HMLE,,,,,,
884148666122480271,TDP43 KD in HTT models,795408719987488176,siScramble_18Q_iPSC_rep1,false,RNA-Seq,"{'id': 'Hs', 'name': 'Human'}",39762660,"SRR30831789_1.fastq.gz,SRR30831789_2.fastq.gz",,,,,,,,Jernej Ule,,,,,,,,Llywelyn Griffith,,Illumina NovaSeq 6000,,iPSC-derived medium spiny neurons,,auto,,,,
229379887183914226,Direct Competition between hnRNP C and U2AF65 Protects the Transcriptome from the Exonization of Alu Elements,977108108025666972,hnRNPC_Hs_HeLa_Rep2_2012,false,CLIP,"{'id': 'Hs', 'name': 'Human'}",23374342,ERR196176_cleaned.fastq.gz,,Wild Type,ERR196181,iCLIP,NNNTGGC,,"Cambridge Research Institute, CRUK, Cambridge, UK",Jernej Ule,anti-hnRNPC Santa Cruz (sc-32308),HNRNPC,,,,,,Kathi Zarnack,,Genome Analyzer II,,Hela,,,,,,
229379887183914226,Direct Competition between hnRNP C and U2AF65 Protects the Transcriptome from the Exonization of Alu Elements,273146844011600971,U2AF2_Hs_HeLa_Ctrl_Rep1_2012,false,CLIP,"{'id': 'Hs', 'name': 'Human'}",23374342,ERR196190_trimmed.umiOnly.cleaned.fastq.gz,,mock-transfected,ERR196190,iCLIP,NNNTGGC,,"Cambridge Research Institute, CRUK, Cambridge, UK",Jernej Ule,anti-U2AF65 Sigma (U4758),U2AF2,,,,,,Kathi Zarnack,,Genome Analyzer II,,Hela,,,,,,
884148666122480271,TDP43 KD in HTT models,137762078679145846,siTDP43_18Q_iPSC_rep1,false,RNA-Seq,"{'id': 'Hs', 'name': 'Human'}",39762660,"SRR30831786_1.fastq.gz,SRR30831786_2.fastq.gz",,,,,,,,Jernej Ule,,,,,,,,Llywelyn Griffith,,Illumina NovaSeq 6000,,iPSC-derived medium spiny neurons,,auto,,,,
884148666122480271,TDP43 KD in HTT models,986582671105698999,siScramble_18Q_iPSC_rep2,false,RNA-Seq,"{'id': 'Hs', 'name': 'Human'}",39762660,"SRR30831790_1.fastq.gz,SRR30831790_2.fastq.gz",,,,,,,,Jernej Ule,,,,,,,,Llywelyn Griffith,,Illumina NovaSeq 6000,,iPSC-derived medium spiny neurons,,auto,,,,
884148666122480271,TDP43 KD in HTT models,574007224352037947,siScramble_50Q_iPSC_rep3,false,RNA-Seq,"{'id': 'Hs', 'name': 'Human'}",39762660,"SRR30831785_1.fastq.gz,SRR30831785_2.fastq.gz",,,,,,,,Jernej Ule,,,,,,,,Llywelyn Griffith,,Illumina NovaSeq 6000,,iPSC-derived medium spiny neurons,,auto,,,,
229379887183914226,Direct Competition between hnRNP C and U2AF65 Protects the Transcriptome from the Exonization of Alu Elements,498543519177272280,hnRNPC_Hs_HeLa_Rep1_2012,false,CLIP,"{'id': 'Hs', 'name': 'Human'}",23374342,ERR196174_cleaned.fastq.gz,,Wild Type,ERR196175,iCLIP,NNNCAAT,,"Cambridge Research Institute, CRUK, Cambridge, UK",Jernej Ule,anti-hnRNPC Santa Cruz (sc-32308),HNRNPC,,,,,,Kathi Zarnack,,Genome Analyzer II,,Hela,,,,,,
483019790380790549,hnRNPM protects against the dsRNA-mediated interferon response by repressing LINE-associated cryptic splicing,992142159188407502,HNRNPM_Hs_HMLE_R1,false,CLIP,"{'id': 'Hs', 'name': 'Human'}",38815579,SRR23783154.fastq.gz,,DMSO,,iCLIP,NNNNGGTT,GSE227048,"Breast Center, Baylor College of Medicine",Chonghui Cheng,Mouse anti-hnRNPM OriGene (2A6),HNRNPM,,,,,,Rong Zheng,,HiSeq 4000,,HMLE,,,,,,
884148666122480271,TDP43 KD in HTT models,432573406910158565,siTDP43_50Q_iPSC_rep1,false,RNA-Seq,"{'id': 'Hs', 'name': 'Human'}",39762660,"SRR30831780_1.fastq.gz,SRR30831780_2.fastq.gz",,,,,,,,Jernej Ule,,,,,,,,Llywelyn Griffith,,Illumina NovaSeq 6000,,iPSC-derived medium spiny neurons,,auto,,,,
884148666122480271,TDP43 KD in HTT models,901680310612494184,siTDP43_18Q_iPSC_rep2,false,RNA-Seq,"{'id': 'Hs', 'name': 'Human'}",39762660,"SRR30831787_1.fastq.gz,SRR30831787_2.fastq.gz",,,,,,,,Jernej Ule,,,,,,,,Llywelyn Griffith,,Illumina NovaSeq 6000,,iPSC-derived medium spiny neurons,,auto,,,,
884148666122480271,TDP43 KD in HTT models,302366335126915256,TDP43_ASO_mouse_striatum_rep2,false,RNA-Seq,"{'id': 'Mm', 'name': 'Mouse'}",39762660,"SRR30831793_1.fastq.gz,SRR30831793_2.fastq.gz",,,,,,,,Jernej Ule,,,,,,,,Llywelyn Griffith,,Illumina NovaSeq 6000,,Brain,,auto,,,,
884148666122480271,TDP43 KD in HTT models,367958912418083320,siScramble_50Q_iPSC_rep2,false,RNA-Seq,"{'id': 'Hs', 'name': 'Human'}",39762660,"SRR30831784_1.fastq.gz,SRR30831784_2.fastq.gz",,,,,,,,Jernej Ule,,,,,,,,Llywelyn Griffith,,Illumina NovaSeq 6000,,iPSC-derived medium spiny neurons,,auto,,,,
884148666122480271,TDP43 KD in HTT models,879933064718381170,siScramble_18Q_iPSC_rep3,false,RNA-Seq,"{'id': 'Hs', 'name': 'Human'}",39762660,"SRR30831791_1.fastq.gz,SRR30831791_2.fastq.gz",,,,,,,,Jernej Ule,,,,,,,,Llywelyn Griffith,,Illumina NovaSeq 6000,,iPSC-derived medium spiny neurons,,auto,,,,
229379887183914226,Direct Competition between hnRNP C and U2AF65 Protects the Transcriptome from the Exonization of Alu Elements,521061769000238632,U2AF2_Hs_HeLa_KD1_Rep1_2012,false,CLIP,"{'id': 'Hs', 'name': 'Human'}",23374342,ERR196184_trimmed.umiOnly.cleaned.fastq.gz,,HNRNPC Knockdown 1 siRNAs HSS179304,ERR196184,iCLIP,NNNTGGC,,"Cambridge Research Institute, CRUK, Cambridge, UK",Jernej Ule,anti-U2AF65 Sigma (U4758),U2AF2,,,,,,Kathi Zarnack,,Genome Analyzer II,,Hela,,,,,,
229379887183914226,Direct Competition between hnRNP C and U2AF65 Protects the Transcriptome from the Exonization of Alu Elements,247499711308076011,U2AF2_Hs_HeLa_KD1_Rep2_2012,false,CLIP,"{'id': 'Hs', 'name': 'Human'}",23374342,ERR196173_trimmed.umiOnly.cleaned.fastq.gz,,HNRNPC Knockdown 1 siRNAs HSS179304,ERR196173,iCLIP,NNNTTAA,,"Cambridge Research Institute, CRUK, Cambridge, UK",Jernej Ule,anti-U2AF65 Sigma (U4758),U2AF2,,,,,,Kathi Zarnack,,Genome Analyzer II,,Hela,,,,,,
884148666122480271,TDP43 KD in HTT models,122798726029391749,siTDP43_50Q_iPSC_rep2,false,RNA-Seq,"{'id': 'Hs', 'name': 'Human'}",39762660,"SRR30831781_1.fastq.gz,SRR30831781_2.fastq.gz",,,,,,,,Jernej Ule,,,,,,,,Llywelyn Griffith,,Illumina NovaSeq 6000,,iPSC-derived medium spiny neurons,,auto,,,,
390476600970113613,Human iPSCs +/- Fibril-induced cytoplasmic TDP-43 inclusions,565586883841792849,fibrils_50nM_TDP43_LCD_rep1,false,RNA-Seq,"{'id': 'Hs', 'name': 'Human'}",40157356,"SRR31780493_1.fastq.gz,SRR31780493_2.fastq.gz",,,,,,,,Jernej Ule,,,,,,,,Llywelyn Griffith,,Element AVITI,,i3 neuron,,auto,,,,
390476600970113613,Human iPSCs +/- Fibril-induced cytoplasmic TDP-43 inclusions,744669461905918709,fibrils_50nM_TDP43_LCD_rep3,false,RNA-Seq,"{'id': 'Hs', 'name': 'Human'}",40157356,"SRR31780495_1.fastq.gz,SRR31780495_2.fastq.gz",,,,,,,,Jernej Ule,,,,,,,,Llywelyn Griffith,,Element AVITI,,i3 neuron,,auto,,,,
390476600970113613,Human iPSCs +/- Fibril-induced cytoplasmic TDP-43 inclusions,878462389255001917,no_fibrils_rep3,false,RNA-Seq,"{'id': 'Hs', 'name': 'Human'}",40157356,"SRR31780492_1.fastq.gz,SRR31780492_2.fastq.gz",,,,,,,,Jernej Ule,,,,,,,,Llywelyn Griffith,,Element AVITI,,i3 neuron,,auto,,,,
390476600970113613,Human iPSCs +/- Fibril-induced cytoplasmic TDP-43 inclusions,823115078943787382,fibrils_50nM_TDP43_LCD_rep2,false,RNA-Seq,"{'id': 'Hs', 'name': 'Human'}",40157356,"SRR31780494_1.fastq.gz,SRR31780494_2.fastq.gz",,,,,,,,Jernej Ule,,,,,,,,Llywelyn Griffith,,Element AVITI,,i3 neuron,,auto,,,,
710458278460049547,Collective homeostasis of condensation-prone proteins via their mRNAs,574223958681164092,DMSO_N_2,false,RNA-Seq,"{'id': 'Hs', 'name': 'Human'}",40993389,COS5760A5_S193_L004_R1_001.fastq.gz,,,,,,,,Jernej Ule,,,,,,,,Neve Costello Heaven,,NextSeq 2000,,Hela,,forward,,,,
693093072616370825,iCLIP reveals the function of hnRNP particles in splicing at individual nucleotide resolution,940185481441245322,HNRNPC_Hs_HeLa_R3_20100913,false,CLIP,"{'id': 'Hs', 'name': 'Human'}",20601959,ERR018284.fastq.gz,,,ERR018284,iCLIP,CANNN,,CRUK-CRI,Jernej Ule,hnRNP C antibody (Santa Cruz H-105),HNRNPC,,,,,TGAGATCGGAAGAGCGTCGTGGATCCTGAACCGCTC,Julian König,,Genome Analyzer II,,Hela,,,L3 ligation mix,UGAGAUCGGAAGAGCGGTTCAG,,NNN
710458278460049547,Collective homeostasis of condensation-prone proteins via their mRNAs,978131976122139703,CLKINT3_C_3,false,RNA-Seq,"{'id': 'Hs', 'name': 'Human'}",40993389,COS5760A9_S197_L004_R1_001.fastq.gz,,,,,,,,Jernej Ule,,,,,,,,Neve Costello Heaven,,NextSeq 2000,,Hela,,forward,,,,
520211985905342571,Streamlined and sensitive mono- and di-ribosome profiling in yeast and human cells,821266038407654190,hP1_Hs_HEK293T_Rep1_20230126,false,Ribo-Seq,"{'id': 'Hs', 'name': 'Human'}",37783882,SRR23242347.fastq.gz,OTTR,P1 Nuclease,,Ribo-Seq,,,UC Berkeley Department of Molecular and Cell Biology,Nicholas Ingolia,,,,snap-frozen in liquid nitrogen,Monosome,,,Lucas Ferguson,Sucrose gradient,NovaSeq 6000,standard monosome (28-30 nt),HEK293T,,,,,,
710458278460049547,Collective homeostasis of condensation-prone proteins via their mRNAs,226082306641020348,DMSO_N_3,false,RNA-Seq,"{'id': 'Hs', 'name': 'Human'}",40993389,COS5760A6_S194_L004_R1_001.fastq.gz,,,,,,,,Jernej Ule,,,,,,,,Neve Costello Heaven,,NextSeq 2000,,Hela,,forward,,,,
710458278460049547,Collective homeostasis of condensation-prone proteins via their mRNAs,832703186469461809,CLKINT3_C_1,false,RNA-Seq,"{'id': 'Hs', 'name': 'Human'}",40993389,COS5760A7_S195_L004_R1_001.fastq.gz,,,,,,,,Jernej Ule,,,,,,,,Neve Costello Heaven,,NextSeq 2000,,Hela,,forward,,,,
693093072616370825,iCLIP reveals the function of hnRNP particles in splicing at individual nucleotide resolution,565602934480761103,HNRNPC_Hs_HeLa_R2_20100913,false,CLIP,"{'id': 'Hs', 'name': 'Human'}",20601959,ERR018283.fastq.gz,,,ERR018283,iCLIP,TCNNN,,CRUK-CRI,Jernej Ule,hnRNP C antibody (Santa Cruz H-105),HNRNPC,,,,,GAAGATCGGAAGAGCGTCGTGGATCCTGAACCGC,Julian König,,Genome Analyzer II,,Hela,,,L3 ligation mix,UGAGAUCGGAAGAGCGGTTCAG,,NNN
710458278460049547,Collective homeostasis of condensation-prone proteins via their mRNAs,193119256127742793,DMSO_N_1,false,RNA-Seq,"{'id': 'Hs', 'name': 'Human'}",40993389,COS5760A4_S192_L004_R1_001.fastq.gz,,,,,,,,Jernej Ule,,,,,,,,Neve Costello Heaven,,NextSeq 2000,,Hela,,forward,,,,
710458278460049547,Collective homeostasis of condensation-prone proteins via their mRNAs,742074919005357602,CLKINT3_N_2,false,RNA-Seq,"{'id': 'Hs', 'name': 'Human'}",40993389,COS5760A11_S199_L004_R1_001.fastq.gz,,,,,,,,Jernej Ule,,,,,,,,Neve Costello Heaven,,NextSeq 2000,,Hela,,forward,,,,
390476600970113613,Human iPSCs +/- Fibril-induced cytoplasmic TDP-43 inclusions,145265710283879241,no_fibrils_rep2,false,RNA-Seq,"{'id': 'Hs', 'name': 'Human'}",40157356,"SRR31780491_1.fastq.gz,SRR31780491_2.fastq.gz",,,,,,,,Jernej Ule,,,,,,,,Llywelyn Griffith,,Element AVITI,,i3 neuron,,auto,,,,
710458278460049547,Collective homeostasis of condensation-prone proteins via their mRNAs,639836519984227730,CLKINT3_C_2,false,RNA-Seq,"{'id': 'Hs', 'name': 'Human'}",40993389,COS5760A8_S196_L004_R1_001.fastq.gz,,,,,,,,Jernej Ule,,,,,,,,Neve Costello Heaven,,NextSeq 2000,,Hela,,forward,,,,
710458278460049547,Collective homeostasis of condensation-prone proteins via their mRNAs,192355907844908873,CLKINT3_N_3,false,RNA-Seq,"{'id': 'Hs', 'name': 'Human'}",40993389,COS5760A12_S200_L004_R1_001.fastq.gz,,,,,,,,Jernej Ule,,,,,,,,Neve Costello Heaven,,NextSeq 2000,,Hela,,forward,,,,
710458278460049547,Collective homeostasis of condensation-prone proteins via their mRNAs,444410252353995199,DMSO_C_3,false,RNA-Seq,"{'id': 'Hs', 'name': 'Human'}",40993389,COS5760A3_S191_L004_R1_001.fastq.gz,,,,,,,,Jernej Ule,,,,,,,,Neve Costello Heaven,,NextSeq 2000,,Hela,,forward,,,,
710458278460049547,Collective homeostasis of condensation-prone proteins via their mRNAs,934555213782739675,CLKINT3_N_1,false,RNA-Seq,"{'id': 'Hs', 'name': 'Human'}",40993389,COS5760A10_S198_L004_R1_001.fastq.gz,,,,,,,,Jernej Ule,,,,,,,,Neve Costello Heaven,,NextSeq 2000,,Hela,,forward,,,,
710458278460049547,Collective homeostasis of condensation-prone proteins via their mRNAs,750530863700642631,DMSO_C_1,false,RNA-Seq,"{'id': 'Hs', 'name': 'Human'}",40993389,COS5760A1_S189_L004_R1_001.fastq.gz,,,,,,,,Jernej Ule,,,,,,,,Neve Costello Heaven,,NextSeq 2000,,Hela,,forward,,,,
693093072616370825,iCLIP reveals the function of hnRNP particles in splicing at individual nucleotide resolution,536943435723510574,HNRNPC_Hs_HeLa_R1_20100913,false,CLIP,"{'id': 'Hs', 'name': 'Human'}",20601959,ERR018282.fastq.gz,,,ERR018282,iCLIP,TGNNN,,CRUK-CRI,Jernej Ule,hnRNP C antibody (Santa Cruz H-105),HNRNPC,,,,,CAAGATCGGAAGAGCGTCGTGGATCCTGAACCGCTC,Julian König,,Genome Analyzer II,,Hela,,,L3 ligation mix,UGAGAUCGGAAGAGCGGTTCAG,,NNN
390476600970113613,Human iPSCs +/- Fibril-induced cytoplasmic TDP-43 inclusions,858479733563519424,no_fibrils_rep1,false,RNA-Seq,"{'id': 'Hs', 'name': 'Human'}",40157356,"SRR31780490_1.fastq.gz,SRR31780490_2.fastq.gz",,,,,,,,Jernej Ule,,,,,,,,Llywelyn Griffith,,Element AVITI,,i3 neuron,,auto,,,,
520211985905342571,Streamlined and sensitive mono- and di-ribosome profiling in yeast and human cells,259751073069607089,hP2_Hs_HEK293T_Rep2_20230126,false,Ribo-Seq,"{'id': 'Hs', 'name': 'Human'}",37783882,SRR23242346.fastq.gz,OTTR,P1 Nuclease,,Ribo-Seq,,,UC Berkeley Department of Molecular and Cell Biology,Nicholas Ingolia,,,,snap-frozen in liquid nitrogen,Monosome,,,Lucas Ferguson,Sucrose gradient,NovaSeq 6000,standard monosome (28-30 nt),HEK293T,,,,,,
710458278460049547,Collective homeostasis of condensation-prone proteins via their mRNAs,800817618563789935,DMSO_C_2,false,RNA-Seq,"{'id': 'Hs', 'name': 'Human'}",40993389,COS5760A2_S190_L004_R1_001.fastq.gz,,,,,,,,Jernej Ule,,,,,,,,Neve Costello Heaven,,NextSeq 2000,,Hela,,forward,,,,
528686693437251017,FLASH: ultra-fast protocol to identify RNA–protein interactions in cells,536449961609693379,U2AF2_Hs_HEK293_XL22_Rep1,false,CLIP,"{'id': 'Hs', 'name': 'Human'}",31802123,SRR7657687_1.umi.fastq.gz,,"RT In Sol., Phosph RNaseH, RNaseI 1:1000 wash",,FLASH,NNNNNTGTGAGNN,GSM3323986,Max Planck Institute of Immunobiology and Epigenetics,Asifa Akhtar,"Dynabead His-Tag beads (catalogue number: 10103D, Thermo Fisher Scientific) followed by Dynabeads Streptavidin C1 beads (catalogue number: 65002, Thermo Fisher Scientific)",U2AF2,c3xFLAG-HBH,,,,,Ibrahim Ilik,,NextSeq 500,,HEK293,,,,,TGTGAG,
520211985905342571,Streamlined and sensitive mono- and di-ribosome profiling in yeast and human cells,264950792140376794,hR1_Hs_HEK293T_Rep1_20230126,false,Ribo-Seq,"{'id': 'Hs', 'name': 'Human'}",37783882,SRR23242345.fastq.gz,OTTR,RNaseI,,Ribo-Seq,,,UC Berkeley Department of Molecular and Cell Biology,Nicholas Ingolia,,,,snap-frozen in liquid nitrogen,Monosome,,,Lucas Ferguson,Sucrose gradient,NovaSeq 6000,standard monosome (28-30 nt),HEK293T,,,,,,
528686693437251017,FLASH: ultra-fast protocol to identify RNA–protein interactions in cells,531206114312622431,U2AF2_Hs_HEK293_XL21_Rep2,false,CLIP,"{'id': 'Hs', 'name': 'Human'}",31802123,SRR7657686_1.umi.fastq.gz,,"RT In Sol., Phosph RNaseH, RNaseI 1:1000 wash, nuclei isolated on ice, HLB, IGEPAL CA-630",,FLASH,NNNNNTTAGCCNN,GSM3323985,Max Planck Institute of Immunobiology and Epigenetics,Asifa Akhtar,"Dynabead His-Tag beads (catalogue number: 10103D, Thermo Fisher Scientific) followed by Dynabeads Streptavidin C1 beads (catalogue number: 65002, Thermo Fisher Scientific)",U2AF2,c3xFLAG-HBH,,,,,Ibrahim Ilik,,NextSeq 500,,HEK293,,,,,TTAGCC,
528686693437251017,FLASH: ultra-fast protocol to identify RNA–protein interactions in cells,851314013254401231,U2AF2_Hs_HEK293_XL18_Rep2,false,CLIP,"{'id': 'Hs', 'name': 'Human'}",31802123,SRR7657682_1.umi.fastq.gz,,"RT In Sol., Phosph RNaseH, RNaseI 1:2000 wash",,FLASH,NNNNNTTAGCCNN,GSM3323981,Max Planck Institute of Immunobiology and Epigenetics,Asifa Akhtar,cat anti-U2AF65 (U4758 Sigma-Aldrich),U2AF2,,,,,,Ibrahim Ilik,,NextSeq 500,,HEK293,,,,,TTAGCC,
526509037581057788,irCLIP-RNP and Re-CLIP reveal patterns of dynamic protein assemblies on RNA,524787224545540519,FUS_Hs_HEK293T_irCLIPv2_UVC_R1_S1_20240701,false,CLIP,"{'id': 'Hs', 'name': 'Human'}",40140581,SRR29661502_merged.cleaned.fastq.gz,60–120 kDa,UVC,,irCLIP,ACTGA,GSM8371119,Stanford University,Paul Khavari,anti-FUS Bethyl Laboratories A300-294A,FUS,,,,,,Luca Ducoli,,Illumina HiSeq 2500,,HEK293T,,,,,,
520211985905342571,Streamlined and sensitive mono- and di-ribosome profiling in yeast and human cells,439856082441364506,hR2_Hs_HEK293T_Rep2_20230126,false,Ribo-Seq,"{'id': 'Hs', 'name': 'Human'}",37783882,SRR23242344.fastq.gz,OTTR,RNaseI,,Ribo-Seq,,,UC Berkeley Department of Molecular and Cell Biology,Nicholas Ingolia,,,,snap-frozen in liquid nitrogen,Monosome,,,Lucas Ferguson,Sucrose gradient,NovaSeq 6000,standard monosome (28-30 nt),HEK293T,,,,,,
528686693437251017,FLASH: ultra-fast protocol to identify RNA–protein interactions in cells,746741437969659898,IgG_Hs_HEK293_XL17_Rep1,false,CLIP,"{'id': 'Hs', 'name': 'Human'}",31802123,SRR7657675_1.umi.fastq.gz,,"RT In Sol., Phosph RNaseH, RNaseI 1:500 wash",,FLASH,NNNNNGTGGAANN,GSM3323974,Max Planck Institute of Immunobiology and Epigenetics,Asifa Akhtar,mouse IgG (Santa Cruz sc-2025),IgG,,,,,,Ibrahim Ilik,,NextSeq 500,,HEK293,,,,,GTGGAA,
528686693437251017,FLASH: ultra-fast protocol to identify RNA–protein interactions in cells,881163893183559444,GFP_Hs_HEK293_XL21_Rep1,false,CLIP,"{'id': 'Hs', 'name': 'Human'}",31802123,SRR7657683_1.umi.fastq.gz,,"RT In Sol., Phosph RNaseH, RNaseI 1:1000 wash, nuclei isolated on ice, HLB, IGEPAL CA-630",,FLASH,NNNNNGTGGAANN,GSM3323982,Max Planck Institute of Immunobiology and Epigenetics,Asifa Akhtar,"Dynabead His-Tag beads (catalogue number: 10103D, Thermo Fisher Scientific) followed by Dynabeads Streptavidin C1 beads (catalogue number: 65002, Thermo Fisher Scientific)",GFP,c3xFLAG-HBH,,,,,Ibrahim Ilik,,NextSeq 500,,HEK293,,,,,GTGGAA,
528686693437251017,FLASH: ultra-fast protocol to identify RNA–protein interactions in cells,774420100446921973,GFP_Hs_HEK293_XL21_Rep2,false,CLIP,"{'id': 'Hs', 'name': 'Human'}",31802123,SRR7657684_1.umi.fastq.gz,,"RT In Sol., Phosph RNaseH, RNaseI 1:1000 wash, nuclei isolated on ice, HLB, IGEPAL CA-630",,FLASH,NNNNNTGTGAGNN,GSM3323983,Max Planck Institute of Immunobiology and Epigenetics,Asifa Akhtar,"Dynabead His-Tag beads (catalogue number: 10103D, Thermo Fisher Scientific) followed by Dynabeads Streptavidin C1 beads (catalogue number: 65002, Thermo Fisher Scientific)",GFP,c3xFLAG-HBH,,,,,Ibrahim Ilik,,NextSeq 500,,HEK293,,,,,TGTGAG,
528686693437251017,FLASH: ultra-fast protocol to identify RNA–protein interactions in cells,111422187456002400,QKI6_Hs_HEK293_XF8_RepB,false,CLIP,"{'id': 'Hs', 'name': 'Human'}",31802123,SRR7657674_1.umi.fastq.gz,,"RT on bead, Phosph RNaseH",,FLASH,NNNNNTTAGCCNN,GSM3323973,Max Planck Institute of Immunobiology and Epigenetics,Asifa Akhtar,"FLAG-M2 mAb (Sigma, F1804)",QKI,c3xFLAG-HBH,,,,,Ibrahim Ilik,,NextSeq 500,,HEK293,,,,,TTAGCC,
528686693437251017,FLASH: ultra-fast protocol to identify RNA–protein interactions in cells,469148419094020889,QKI5_Hs_HEK293_XF8_RepA,false,CLIP,"{'id': 'Hs', 'name': 'Human'}",31802123,SRR7657671_1.umi.fastq.gz,,"RT on bead, Phosph RNaseH",,FLASH,NNNNNCAAGTGNN,GSM3323970,Max Planck Institute of Immunobiology and Epigenetics,Asifa Akhtar,"FLAG-M2 mAb (Sigma, F1804)",QKI,c3xFLAG-HBH,,,,,Ibrahim Ilik,,NextSeq 500,,HEK293,,,,,CAAGTG,
528686693437251017,FLASH: ultra-fast protocol to identify RNA–protein interactions in cells,812101284151171044,U2AF2_Hs_HEK293_XL17_Rep1,false,CLIP,"{'id': 'Hs', 'name': 'Human'}",31802123,SRR7657677_1.umi.fastq.gz,,"RT In Sol., Phosph RNaseH, RNaseI 1:500 wash",,FLASH,NNNNNCAAGTGNN,GSM3323976,Max Planck Institute of Immunobiology and Epigenetics,Asifa Akhtar,cat anti-U2AF65 (U4758 Sigma-Aldrich),U2AF2,,,,,,Ibrahim Ilik,,NextSeq 500,,HEK293,,,,,CAAGTG,
528686693437251017,FLASH: ultra-fast protocol to identify RNA–protein interactions in cells,424042817207169479,IgG_Hs_HEK293_XL18_Rep2,false,CLIP,"{'id': 'Hs', 'name': 'Human'}",31802123,SRR7657680_1.umi.fastq.gz,,"RT In Sol., Phosph RNaseH, RNaseI 1:2000 wash",,FLASH,NNNNNTGTGAGNN,GSM3323979,Max Planck Institute of Immunobiology and Epigenetics,Asifa Akhtar,mouse IgG (Santa Cruz sc-2025),IgG,,,,,,Ibrahim Ilik,,NextSeq 500,,HEK293,,,,,TGTGAG,
528686693437251017,FLASH: ultra-fast protocol to identify RNA–protein interactions in cells,255978141938622631,IgG_Hs_HEK293_XL18_Rep1,false,CLIP,"{'id': 'Hs', 'name': 'Human'}",31802123,SRR7657679_1.umi.fastq.gz,,"RT In Sol., Phosph RNaseH, RNaseI 1:2000 wash",,FLASH,NNNNNGTGGAANN,GSM3323978,Max Planck Institute of Immunobiology and Epigenetics,Asifa Akhtar,mouse IgG (Santa Cruz sc-2025),IgG,,,,,,Ibrahim Ilik,,NextSeq 500,,HEK293,,,,,GTGGAA,
528686693437251017,FLASH: ultra-fast protocol to identify RNA–protein interactions in cells,692684400673350857,U2AF2_Hs_HEK293_XL18_Rep1,false,CLIP,"{'id': 'Hs', 'name': 'Human'}",31802123,SRR7657681_1.umi.fastq.gz,,"RT In Sol., Phosph RNaseH, RNaseI 1:2000 wash",,FLASH,NNNNNCAAGTGNN,GSM3323980,Max Planck Institute of Immunobiology and Epigenetics,Asifa Akhtar,cat anti-U2AF65 (U4758 Sigma-Aldrich),U2AF2,,,,,,Ibrahim Ilik,,NextSeq 500,,HEK293,,,,,CAAGTG,
528686693437251017,FLASH: ultra-fast protocol to identify RNA–protein interactions in cells,352057007046179437,QKI5_Hs_HEK293_XF8_RepB,false,CLIP,"{'id': 'Hs', 'name': 'Human'}",31802123,SRR7657672_1.umi.fastq.gz,,"RT on bead, Phosph RNaseH",,FLASH,NNNNNCAAGTGNN,GSM3323971,Max Planck Institute of Immunobiology and Epigenetics,Asifa Akhtar,"FLAG-M2 mAb (Sigma, F1804)",QKI,c3xFLAG-HBH,,,,,Ibrahim Ilik,,NextSeq 500,,HEK293,,,,,CAAGTG,
528686693437251017,FLASH: ultra-fast protocol to identify RNA–protein interactions in cells,613355515816946496,GFP_Hs_HEK293_XF8_RepA,false,CLIP,"{'id': 'Hs', 'name': 'Human'}",31802123,SRR7657669_1.umi.fastq.gz,,"RT on bead, Phosph RNaseH",,FLASH,NNNNNGTGGAANN,GSM3323968,Max Planck Institute of Immunobiology and Epigenetics,Asifa Akhtar,"FLAG-M2 mAb (Sigma, F1804)",GFP,c3xFLAG-HBH,,,,,Ibrahim Ilik,,NextSeq 500,,HEK293,,,,,GTGGAA,
528686693437251017,FLASH: ultra-fast protocol to identify RNA–protein interactions in cells,750585222668943058,IgG_Hs_HEK293_XL17_Rep2,false,CLIP,"{'id': 'Hs', 'name': 'Human'}",31802123,SRR7657676_1.umi.fastq.gz,,"RT In Sol., Phosph RNaseH, RNaseI 1:500 wash",,FLASH,NNNNNTGTGAGNN,GSM3323975,Max Planck Institute of Immunobiology and Epigenetics,Asifa Akhtar,mouse IgG (Santa Cruz sc-2025),IgG,,,,,,Ibrahim Ilik,,NextSeq 500,,HEK293,,,,,TGTGAG,
528686693437251017,FLASH: ultra-fast protocol to identify RNA–protein interactions in cells,825060850397115329,U2AF2_Hs_HEK293_XL21_Rep1,false,CLIP,"{'id': 'Hs', 'name': 'Human'}",31802123,SRR7657685_1.umi.fastq.gz,,"RT In Sol., Phosph RNaseH, RNaseI 1:1000 wash, nuclei isolated on ice, HLB, IGEPAL CA-630",,FLASH,NNNNNCAAGTGNN,GSM3323984,Max Planck Institute of Immunobiology and Epigenetics,Asifa Akhtar,"Dynabead His-Tag beads (catalogue number: 10103D, Thermo Fisher Scientific) followed by Dynabeads Streptavidin C1 beads (catalogue number: 65002, Thermo Fisher Scientific)",U2AF2,c3xFLAG-HBH,,,,,Ibrahim Ilik,,NextSeq 500,,HEK293,,,,,CAAGTG,
528686693437251017,FLASH: ultra-fast protocol to identify RNA–protein interactions in cells,764095761747465376,GFP_Hs_HEK293_XF8_RepB,false,CLIP,"{'id': 'Hs', 'name': 'Human'}",31802123,SRR7657670_1.umi.fastq.gz,,"RT on bead, Phosph RNaseH",,FLASH,NNNNNGTGGAANN,GSM3323969,Max Planck Institute of Immunobiology and Epigenetics,Asifa Akhtar,"FLAG-M2 mAb (Sigma, F1804)",GFP,c3xFLAG-HBH,,,,,Ibrahim Ilik,,NextSeq 500,,HEK293,,,,,GTGGAA,
528686693437251017,FLASH: ultra-fast protocol to identify RNA–protein interactions in cells,542356601090209624,QKI6_Hs_HEK293_XF7_RepB,false,CLIP,"{'id': 'Hs', 'name': 'Human'}",31802123,SRR7657668_1.umi.fastq.gz,,"RT on bead, Phosph 0.1M NaOH T4 PNK + ATP",,FLASH,NNNNNTTAGCCNN,GSM3323967,Max Planck Institute of Immunobiology and Epigenetics,Asifa Akhtar,"FLAG-M2 mAb (Sigma, F1804)",QKI,c3xFLAG-HBH,,,,,Ibrahim Ilik,,NextSeq 500,,HEK293,,,,,TTAGCC,
528686693437251017,FLASH: ultra-fast protocol to identify RNA–protein interactions in cells,951139852637330693,QKI6_Hs_HEK293_XF7_RepA,false,CLIP,"{'id': 'Hs', 'name': 'Human'}",31802123,SRR7657667_1.umi.fastq.gz,,"RT on bead, Phosph 0.1M NaOH T4 PNK + ATP",,FLASH,NNNNNTTAGCCNN,GSM3323966,Max Planck Institute of Immunobiology and Epigenetics,Asifa Akhtar,"FLAG-M2 mAb (Sigma, F1804)",QKI,c3xFLAG-HBH,,,,,Ibrahim Ilik,,NextSeq 500,,HEK293,,,,,TTAGCC,
528686693437251017,FLASH: ultra-fast protocol to identify RNA–protein interactions in cells,372855684391402294,U2AF2_Hs_HEK293_XL22_Rep2,false,CLIP,"{'id': 'Hs', 'name': 'Human'}",31802123,SRR7657688_1.umi.fastq.gz,,"RT In Sol., Phosph RNaseH, RNaseI 1:1000 wash",,FLASH,NNNNNTGGAACNN,GSM3323987,Max Planck Institute of Immunobiology and Epigenetics,Asifa Akhtar,"Dynabead His-Tag beads (catalogue number: 10103D, Thermo Fisher Scientific) followed by Dynabeads Streptavidin C1 beads (catalogue number: 65002, Thermo Fisher Scientific)",U2AF2,c3xFLAG-HBH,,,,,Ibrahim Ilik,,NextSeq 500,,HEK293,,,,,TGGAAC,
528686693437251017,FLASH: ultra-fast protocol to identify RNA–protein interactions in cells,464587444311663182,QKI6_Hs_HEK293_XF6_RepA,false,CLIP,"{'id': 'Hs', 'name': 'Human'}",31802123,SRR7657661_1.umi.fastq.gz,,"RT In Sol., Phosph RNaseH",,FLASH,NNNNNTTAGCCNN,GSM3323960,Max Planck Institute of Immunobiology and Epigenetics,Asifa Akhtar,"FLAG-M2 mAb (Sigma, F1804)",QKI,c3xFLAG-HBH,,,,,Ibrahim Ilik,,NextSeq 500,,HEK293,,,,,TTAGCC,
528686693437251017,FLASH: ultra-fast protocol to identify RNA–protein interactions in cells,316985441699241952,QKI6_Hs_HEK293_XF8_RepA,false,CLIP,"{'id': 'Hs', 'name': 'Human'}",31802123,SRR7657673_1.umi.fastq.gz,,"RT on bead, Phosph RNaseH",,FLASH,NNNNNTTAGCCNN,GSM3323972,Max Planck Institute of Immunobiology and Epigenetics,Asifa Akhtar,"FLAG-M2 mAb (Sigma, F1804)",QKI,c3xFLAG-HBH,,,,,Ibrahim Ilik,,NextSeq 500,,HEK293,,,,,TTAGCC,
528686693437251017,FLASH: ultra-fast protocol to identify RNA–protein interactions in cells,115418215187669040,QKI6_Hs_HEK293_XF6_RepB,false,CLIP,"{'id': 'Hs', 'name': 'Human'}",31802123,SRR7657662_1.umi.fastq.gz,,"RT In Sol., Phosph RNaseH",,FLASH,NNNNNTTAGCCNN,GSM3323961,Max Planck Institute of Immunobiology and Epigenetics,Asifa Akhtar,"FLAG-M2 mAb (Sigma, F1804)",QKI,c3xFLAG-HBH,,,,,Ibrahim Ilik,,NextSeq 500,,HEK293,,,,,TTAGCC,
528686693437251017,FLASH: ultra-fast protocol to identify RNA–protein interactions in cells,297953144002382673,QKI5_Hs_HEK293_XF7_RepA,false,CLIP,"{'id': 'Hs', 'name': 'Human'}",31802123,SRR7657665_1.umi.fastq.gz,,"RT on bead, Phosph 0.1M NaOH T4 PNK + ATP",,FLASH,NNNNNCAAGTGNN,GSM3323964,Max Planck Institute of Immunobiology and Epigenetics,Asifa Akhtar,"FLAG-M2 mAb (Sigma, F1804)",QKI,c3xFLAG-HBH,,,,,Ibrahim Ilik,,NextSeq 500,,HEK293,,,,,CAAGTG,
528686693437251017,FLASH: ultra-fast protocol to identify RNA–protein interactions in cells,559066713047563194,GFP_Hs_HEK293_XF7_RepA,false,CLIP,"{'id': 'Hs', 'name': 'Human'}",31802123,SRR7657663_1.umi.fastq.gz,,"RT on bead, Phosph 0.1M NaOH T4 PNK + ATP",,FLASH,NNNNNGTGGAANN,GSM3323962,Max Planck Institute of Immunobiology and Epigenetics,Asifa Akhtar,"FLAG-M2 mAb (Sigma, F1804)",GFP,c3xFLAG-HBH,,,,,Ibrahim Ilik,,NextSeq 500,,HEK293,,,,,GTGGAA,
528686693437251017,FLASH: ultra-fast protocol to identify RNA–protein interactions in cells,819361049677961167,GFP_Hs_HEK293_XF7_RepB,false,CLIP,"{'id': 'Hs', 'name': 'Human'}",31802123,SRR7657664_1.umi.fastq.gz,,"RT on bead, Phosph 0.1M NaOH T4 PNK + ATP",,FLASH,NNNNNGTGGAANN,GSM3323963,Max Planck Institute of Immunobiology and Epigenetics,Asifa Akhtar,"FLAG-M2 mAb (Sigma, F1804)",GFP,c3xFLAG-HBH,,,,,Ibrahim Ilik,,NextSeq 500,,HEK293,,,,,GTGGAA,
528686693437251017,FLASH: ultra-fast protocol to identify RNA–protein interactions in cells,483591414750981652,QKI5_Hs_HEK293_XF6_RepB,false,CLIP,"{'id': 'Hs', 'name': 'Human'}",31802123,SRR7657660_1.umi.fastq.gz,,"RT In Sol., Phosph RNaseH",,FLASH,NNNNNCAAGTGNN,GSM3323959,Max Planck Institute of Immunobiology and Epigenetics,Asifa Akhtar,"FLAG-M2 mAb (Sigma, F1804)",QKI,c3xFLAG-HBH,,,,,Ibrahim Ilik,,NextSeq 500,,HEK293,,,,,CAAGTG,
528686693437251017,FLASH: ultra-fast protocol to identify RNA–protein interactions in cells,630496434689605011,QKI5_Hs_HEK293_XF4_RepB,false,CLIP,"{'id': 'Hs', 'name': 'Human'}",31802123,SRR7657648_1.umi.fastq.gz,,"RT on bead, Phosph RNaseH",,FLASH,NNNNNCAAGTGNN,GSM3323947,Max Planck Institute of Immunobiology and Epigenetics,Asifa Akhtar,"Dynabead His-Tag beads (catalogue number: 10103D, Thermo Fisher Scientific) followed by Dynabeads Streptavidin C1 beads (catalogue number: 65002, Thermo Fisher Scientific)",QKI,c3xFLAG-HBH,,,,,Ibrahim Ilik,,NextSeq 500,,HEK293,,,,,CAAGTG,
528686693437251017,FLASH: ultra-fast protocol to identify RNA–protein interactions in cells,917404098814709621,GFP_Hs_HEK293_XF5_RepB,false,CLIP,"{'id': 'Hs', 'name': 'Human'}",31802123,SRR7657652_1.umi.fastq.gz,,"RT In Sol., Phosph 0.1M NaOH T4 PNK + ATP",,FLASH,NNNNNGTGGAANN,GSM3323951,Max Planck Institute of Immunobiology and Epigenetics,Asifa Akhtar,"FLAG-M2 mAb (Sigma, F1804)",GFP,c3xFLAG-HBH,,,,,Ibrahim Ilik,,NextSeq 500,,HEK293,,,,,GTGGAA,
528686693437251017,FLASH: ultra-fast protocol to identify RNA–protein interactions in cells,827944949474748229,QKI6_Hs_HEK293_XF4_RepB,false,CLIP,"{'id': 'Hs', 'name': 'Human'}",31802123,SRR7657650_1.umi.fastq.gz,,"RT on bead, Phosph RNaseH",,FLASH,NNNNNTTAGCCNN,GSM3323949,Max Planck Institute of Immunobiology and Epigenetics,Asifa Akhtar,"Dynabead His-Tag beads (catalogue number: 10103D, Thermo Fisher Scientific) followed by Dynabeads Streptavidin C1 beads (catalogue number: 65002, Thermo Fisher Scientific)",QKI,c3xFLAG-HBH,,,,,Ibrahim Ilik,,NextSeq 500,,HEK293,,,,,TTAGCC,
528686693437251017,FLASH: ultra-fast protocol to identify RNA–protein interactions in cells,966737265467447669,GFP_Hs_HEK293_XF4_RepB,false,CLIP,"{'id': 'Hs', 'name': 'Human'}",31802123,SRR7657646_1.umi.fastq.gz,,"RT on bead, Phosph RNaseH",,FLASH,NNNNNGTGGAANN,GSM3323945,Max Planck Institute of Immunobiology and Epigenetics,Asifa Akhtar,"Dynabead His-Tag beads (catalogue number: 10103D, Thermo Fisher Scientific) followed by Dynabeads Streptavidin C1 beads (catalogue number: 65002, Thermo Fisher Scientific)",GFP,c3xFLAG-HBH,,,,,Ibrahim Ilik,,NextSeq 500,,HEK293,,,,,GTGGAA,
528686693437251017,FLASH: ultra-fast protocol to identify RNA–protein interactions in cells,564542099991247567,QKI5_Hs_HEK293_XF7_RepB,false,CLIP,"{'id': 'Hs', 'name': 'Human'}",31802123,SRR7657666_1.umi.fastq.gz,,"RT on bead, Phosph 0.1M NaOH T4 PNK + ATP",,FLASH,NNNNNCAAGTGNN,GSM3323965,Max Planck Institute of Immunobiology and Epigenetics,Asifa Akhtar,"FLAG-M2 mAb (Sigma, F1804)",QKI,c3xFLAG-HBH,,,,,Ibrahim Ilik,,NextSeq 500,,HEK293,,,,,CAAGTG,
528686693437251017,FLASH: ultra-fast protocol to identify RNA–protein interactions in cells,472373629876936582,QKI5_Hs_HEK293_XF4_RepA,false,CLIP,"{'id': 'Hs', 'name': 'Human'}",31802123,SRR7657647_1.umi.fastq.gz,,"RT on bead, Phosph RNaseH",,FLASH,NNNNNCAAGTGNN,GSM3323946,Max Planck Institute of Immunobiology and Epigenetics,Asifa Akhtar,"Dynabead His-Tag beads (catalogue number: 10103D, Thermo Fisher Scientific) followed by Dynabeads Streptavidin C1 beads (catalogue number: 65002, Thermo Fisher Scientific)",QKI,c3xFLAG-HBH,,,,,Ibrahim Ilik,,NextSeq 500,,HEK293,,,,,CAAGTG,
528686693437251017,FLASH: ultra-fast protocol to identify RNA–protein interactions in cells,580310878737200663,QKI5_Hs_HEK293_XF5_RepB,false,CLIP,"{'id': 'Hs', 'name': 'Human'}",31802123,SRR7657654_1.umi.fastq.gz,,"RT In Sol., Phosph 0.1M NaOH T4 PNK + ATP",,FLASH,NNNNNCAAGTGNN,GSM3323953,Max Planck Institute of Immunobiology and Epigenetics,Asifa Akhtar,"FLAG-M2 mAb (Sigma, F1804)",QKI,c3xFLAG-HBH,,,,,Ibrahim Ilik,,NextSeq 500,,HEK293,,,,,CAAGTG,
528686693437251017,FLASH: ultra-fast protocol to identify RNA–protein interactions in cells,393138040434713643,QKI6_Hs_HEK293_XF5_RepB,false,CLIP,"{'id': 'Hs', 'name': 'Human'}",31802123,SRR7657656_1.umi.fastq.gz,,"RT In Sol., Phosph 0.1M NaOH T4 PNK + ATP",,FLASH,NNNNNTTAGCCNN,GSM3323955,Max Planck Institute of Immunobiology and Epigenetics,Asifa Akhtar,"FLAG-M2 mAb (Sigma, F1804)",QKI,c3xFLAG-HBH,,,,,Ibrahim Ilik,,NextSeq 500,,HEK293,,,,,TTAGCC,
528686693437251017,FLASH: ultra-fast protocol to identify RNA–protein interactions in cells,834747156728467479,GFP_Hs_HEK293_XF5_RepA,false,CLIP,"{'id': 'Hs', 'name': 'Human'}",31802123,SRR7657651_1.umi.fastq.gz,,"RT In Sol., Phosph 0.1M NaOH T4 PNK + ATP",,FLASH,NNNNNGTGGAANN,GSM3323950,Max Planck Institute of Immunobiology and Epigenetics,Asifa Akhtar,"FLAG-M2 mAb (Sigma, F1804)",GFP,c3xFLAG-HBH,,,,,Ibrahim Ilik,,NextSeq 500,,HEK293,,,,,GTGGAA,
528686693437251017,FLASH: ultra-fast protocol to identify RNA–protein interactions in cells,959767422590473711,QKI5_Hs_HEK293_XF6_RepA,false,CLIP,"{'id': 'Hs', 'name': 'Human'}",31802123,SRR7657659_1.umi.fastq.gz,,"RT In Sol., Phosph RNaseH",,FLASH,NNNNNCAAGTGNN,GSM3323958,Max Planck Institute of Immunobiology and Epigenetics,Asifa Akhtar,"FLAG-M2 mAb (Sigma, F1804)",QKI,c3xFLAG-HBH,,,,,Ibrahim Ilik,,NextSeq 500,,HEK293,,,,,CAAGTG,
528686693437251017,FLASH: ultra-fast protocol to identify RNA–protein interactions in cells,543833932189521758,GFP_Hs_HEK293_XF6_RepB,false,CLIP,"{'id': 'Hs', 'name': 'Human'}",31802123,SRR7657658_1.umi.fastq.gz,,"RT In Sol., Phosph RNaseH",,FLASH,NNNNNGTGGAANN,GSM3323957,Max Planck Institute of Immunobiology and Epigenetics,Asifa Akhtar,"FLAG-M2 mAb (Sigma, F1804)",GFP,c3xFLAG-HBH,,,,,Ibrahim Ilik,,NextSeq 500,,HEK293,,,,,GTGGAA,
528686693437251017,FLASH: ultra-fast protocol to identify RNA–protein interactions in cells,210583997290111795,QKI6_Hs_HEK293_XF3_RepA,false,CLIP,"{'id': 'Hs', 'name': 'Human'}",31802123,SRR7657643_1.umi.fastq.gz,,"RT on bead, Phosph 0.1M NaOH T4 PNK + ATP",,FLASH,NNNNNTTAGCCNN,GSM3323942,Max Planck Institute of Immunobiology and Epigenetics,Asifa Akhtar,"Dynabead His-Tag beads (catalogue number: 10103D, Thermo Fisher Scientific) followed by Dynabeads Streptavidin C1 beads (catalogue number: 65002, Thermo Fisher Scientific)",QKI,c3xFLAG-HBH,,,,,Ibrahim Ilik,,NextSeq 500,,HEK293,,,,,TTAGCC,
528686693437251017,FLASH: ultra-fast protocol to identify RNA–protein interactions in cells,170450680936309528,QKI5_Hs_HEK293_XF5_RepA,false,CLIP,"{'id': 'Hs', 'name': 'Human'}",31802123,SRR7657653_1.umi.fastq.gz,,"RT In Sol., Phosph 0.1M NaOH T4 PNK + ATP",,FLASH,NNNNNCAAGTGNN,GSM3323952,Max Planck Institute of Immunobiology and Epigenetics,Asifa Akhtar,"FLAG-M2 mAb (Sigma, F1804)",QKI,c3xFLAG-HBH,,,,,Ibrahim Ilik,,NextSeq 500,,HEK293,,,,,CAAGTG,
528686693437251017,FLASH: ultra-fast protocol to identify RNA–protein interactions in cells,507661344741832965,QKI5_Hs_HEK293_XF3_RepB,false,CLIP,"{'id': 'Hs', 'name': 'Human'}",31802123,SRR7657642_1.umi.fastq.gz,,"RT on bead, Phosph 0.1M NaOH T4 PNK + ATP",,FLASH,NNNNNCAAGTGNN,GSM3323941,Max Planck Institute of Immunobiology and Epigenetics,Asifa Akhtar,"Dynabead His-Tag beads (catalogue number: 10103D, Thermo Fisher Scientific) followed by Dynabeads Streptavidin C1 beads (catalogue number: 65002, Thermo Fisher Scientific)",QKI,c3xFLAG-HBH,,,,,Ibrahim Ilik,,NextSeq 500,,HEK293,,,,,CAAGTG,
528686693437251017,FLASH: ultra-fast protocol to identify RNA–protein interactions in cells,554015966998541992,GFP_Hs_HEK293_XF6_RepA,false,CLIP,"{'id': 'Hs', 'name': 'Human'}",31802123,SRR7657657_1.umi.fastq.gz,,"RT In Sol., Phosph RNaseH",,FLASH,NNNNNGTGGAANN,GSM3323956,Max Planck Institute of Immunobiology and Epigenetics,Asifa Akhtar,"FLAG-M2 mAb (Sigma, F1804)",GFP,c3xFLAG-HBH,,,,,Ibrahim Ilik,,NextSeq 500,,HEK293,,,,,GTGGAA,
528686693437251017,FLASH: ultra-fast protocol to identify RNA–protein interactions in cells,305932046263289103,GFP_Hs_HEK293_XF3_RepB,false,CLIP,"{'id': 'Hs', 'name': 'Human'}",31802123,SRR7657640_1.umi.fastq.gz,,"RT on bead, Phosph 0.1M NaOH T4 PNK + ATP",,FLASH,NNNNNGTGGAANN,GSM3323939,Max Planck Institute of Immunobiology and Epigenetics,Asifa Akhtar,"Dynabead His-Tag beads (catalogue number: 10103D, Thermo Fisher Scientific) followed by Dynabeads Streptavidin C1 beads (catalogue number: 65002, Thermo Fisher Scientific)",GFP,c3xFLAG-HBH,,,,,Ibrahim Ilik,,NextSeq 500,,HEK293,,,,,GTGGAA,
528686693437251017,FLASH: ultra-fast protocol to identify RNA–protein interactions in cells,295464687688510507,GFP_Hs_HEK293_XF3_RepA,false,CLIP,"{'id': 'Hs', 'name': 'Human'}",31802123,SRR7657639_1.umi.fastq.gz,,"RT on bead, Phosph 0.1M NaOH T4 PNK + ATP",,FLASH,NNNNNGTGGAANN,GSM3323938,Max Planck Institute of Immunobiology and Epigenetics,Asifa Akhtar,"Dynabead His-Tag beads (catalogue number: 10103D, Thermo Fisher Scientific) followed by Dynabeads Streptavidin C1 beads (catalogue number: 65002, Thermo Fisher Scientific)",GFP,c3xFLAG-HBH,,,,,Ibrahim Ilik,,NextSeq 500,,HEK293,,,,,GTGGAA,
528686693437251017,FLASH: ultra-fast protocol to identify RNA–protein interactions in cells,344879394921733544,QKI6_Hs_HEK293_XF4_RepA,false,CLIP,"{'id': 'Hs', 'name': 'Human'}",31802123,SRR7657649_1.umi.fastq.gz,,"RT on bead, Phosph RNaseH",,FLASH,NNNNNTTAGCCNN,GSM3323948,Max Planck Institute of Immunobiology and Epigenetics,Asifa Akhtar,"Dynabead His-Tag beads (catalogue number: 10103D, Thermo Fisher Scientific) followed by Dynabeads Streptavidin C1 beads (catalogue number: 65002, Thermo Fisher Scientific)",QKI,c3xFLAG-HBH,,,,,Ibrahim Ilik,,NextSeq 500,,HEK293,,,,,TTAGCC,
528686693437251017,FLASH: ultra-fast protocol to identify RNA–protein interactions in cells,694330856125543555,QKI6_Hs_HEK293_XF5_RepA,false,CLIP,"{'id': 'Hs', 'name': 'Human'}",31802123,SRR7657655_1.umi.fastq.gz,,"RT In Sol., Phosph 0.1M NaOH T4 PNK + ATP",,FLASH,NNNNNTTAGCCNN,GSM3323954,Max Planck Institute of Immunobiology and Epigenetics,Asifa Akhtar,"FLAG-M2 mAb (Sigma, F1804)",QKI,c3xFLAG-HBH,,,,,Ibrahim Ilik,,NextSeq 500,,HEK293,,,,,TTAGCC,
528686693437251017,FLASH: ultra-fast protocol to identify RNA–protein interactions in cells,163983501245870348,GFP_Hs_HEK293_XF4_RepA,false,CLIP,"{'id': 'Hs', 'name': 'Human'}",31802123,SRR7657645_1.umi.fastq.gz,,"RT on bead, Phosph RNaseH",,FLASH,NNNNNGTGGAANN,GSM3323944,Max Planck Institute of Immunobiology and Epigenetics,Asifa Akhtar,"Dynabead His-Tag beads (catalogue number: 10103D, Thermo Fisher Scientific) followed by Dynabeads Streptavidin C1 beads (catalogue number: 65002, Thermo Fisher Scientific)",GFP,c3xFLAG-HBH,,,,,Ibrahim Ilik,,NextSeq 500,,HEK293,,,,,GTGGAA,
528686693437251017,FLASH: ultra-fast protocol to identify RNA–protein interactions in cells,652134247416129078,QKI6_Hs_HEK293_XF3_RepB,false,CLIP,"{'id': 'Hs', 'name': 'Human'}",31802123,SRR7657644_1.umi.fastq.gz,,"RT on bead, Phosph 0.1M NaOH T4 PNK + ATP",,FLASH,NNNNNTTAGCCNN,GSM3323943,Max Planck Institute of Immunobiology and Epigenetics,Asifa Akhtar,"Dynabead His-Tag beads (catalogue number: 10103D, Thermo Fisher Scientific) followed by Dynabeads Streptavidin C1 beads (catalogue number: 65002, Thermo Fisher Scientific)",QKI,c3xFLAG-HBH,,,,,Ibrahim Ilik,,NextSeq 500,,HEK293,,,,,TTAGCC,
528686693437251017,FLASH: ultra-fast protocol to identify RNA–protein interactions in cells,460258423518702006,QKI6_Hs_HEK293_XF2_RepB,false,CLIP,"{'id': 'Hs', 'name': 'Human'}",31802123,SRR7657638_1.umi.fastq.gz,,"RT In Sol., Phosph RNaseH",,FLASH,NNNNNTTAGCCNN,GSM3323937,Max Planck Institute of Immunobiology and Epigenetics,Asifa Akhtar,"Dynabead His-Tag beads (catalogue number: 10103D, Thermo Fisher Scientific) followed by Dynabeads Streptavidin C1 beads (catalogue number: 65002, Thermo Fisher Scientific)",QKI,c3xFLAG-HBH,,,,,Ibrahim Ilik,,NextSeq 500,,HEK293,,,,,TTAGCC,
528686693437251017,FLASH: ultra-fast protocol to identify RNA–protein interactions in cells,529062264503582942,QKI5_Hs_HEK293_XF3_RepA,false,CLIP,"{'id': 'Hs', 'name': 'Human'}",31802123,SRR7657641_1.umi.fastq.gz,,"RT on bead, Phosph 0.1M NaOH T4 PNK + ATP",,FLASH,NNNNNCAAGTGNN,GSM3323940,Max Planck Institute of Immunobiology and Epigenetics,Asifa Akhtar,"Dynabead His-Tag beads (catalogue number: 10103D, Thermo Fisher Scientific) followed by Dynabeads Streptavidin C1 beads (catalogue number: 65002, Thermo Fisher Scientific)",QKI,c3xFLAG-HBH,,,,,Ibrahim Ilik,,NextSeq 500,,HEK293,,,,,CAAGTG,
528686693437251017,FLASH: ultra-fast protocol to identify RNA–protein interactions in cells,307592968304632975,QKI6_Hs_HEK293_XF2_RepA,false,CLIP,"{'id': 'Hs', 'name': 'Human'}",31802123,SRR7657637_1.umi.fastq.gz,,"RT In Sol., Phosph RNaseH",,FLASH,NNNNNTTAGCCNN,GSM3323936,Max Planck Institute of Immunobiology and Epigenetics,Asifa Akhtar,"Dynabead His-Tag beads (catalogue number: 10103D, Thermo Fisher Scientific) followed by Dynabeads Streptavidin C1 beads (catalogue number: 65002, Thermo Fisher Scientific)",QKI,c3xFLAG-HBH,,,,,Ibrahim Ilik,,NextSeq 500,,HEK293,,,,,TTAGCC,
528686693437251017,FLASH: ultra-fast protocol to identify RNA–protein interactions in cells,512073063950576956,QKI5_Hs_HEK293_XF2_RepB,false,CLIP,"{'id': 'Hs', 'name': 'Human'}",31802123,SRR7657636_1.umi.fastq.gz,,"RT In Sol., Phosph RNaseH",,FLASH,NNNNNCAAGTGNN,GSM3323935,Max Planck Institute of Immunobiology and Epigenetics,Asifa Akhtar,"Dynabead His-Tag beads (catalogue number: 10103D, Thermo Fisher Scientific) followed by Dynabeads Streptavidin C1 beads (catalogue number: 65002, Thermo Fisher Scientific)",QKI,c3xFLAG-HBH,,,,,Ibrahim Ilik,,NextSeq 500,,HEK293,,,,,CAAGTG,
528686693437251017,FLASH: ultra-fast protocol to identify RNA–protein interactions in cells,743511125927109893,QKI5_Hs_HEK293_XF2_RepA,false,CLIP,"{'id': 'Hs', 'name': 'Human'}",31802123,SRR7657635_1.umi.fastq.gz,,"RT In Sol., Phosph RNaseH",,FLASH,NNNNNCAAGTGNN,GSM3323934,Max Planck Institute of Immunobiology and Epigenetics,Asifa Akhtar,"Dynabead His-Tag beads (catalogue number: 10103D, Thermo Fisher Scientific) followed by Dynabeads Streptavidin C1 beads (catalogue number: 65002, Thermo Fisher Scientific)",QKI,c3xFLAG-HBH,,,,,Ibrahim Ilik,,NextSeq 500,,HEK293,,,,,CAAGTG,
528686693437251017,FLASH: ultra-fast protocol to identify RNA–protein interactions in cells,835645102136699449,QKI6_Hs_HEK293_XF1_RepB,false,CLIP,"{'id': 'Hs', 'name': 'Human'}",31802123,SRR7657632_1.umi.fastq.gz,,"RT In Sol., Phosph 0.1M NaOH T4 PNK + ATP",,FLASH,NNNNNTTAGCCNN,GSM3323931,Max Planck Institute of Immunobiology and Epigenetics,Asifa Akhtar,"Dynabead His-Tag beads (catalogue number: 10103D, Thermo Fisher Scientific) followed by Dynabeads Streptavidin C1 beads (catalogue number: 65002, Thermo Fisher Scientific)",QKI,c3xFLAG-HBH,,,,,Ibrahim Ilik,,NextSeq 500,,HEK293,,,,,TTAGCC,
528686693437251017,FLASH: ultra-fast protocol to identify RNA–protein interactions in cells,779855786496381064,GFP_Hs_HEK293_XF1_RepB,false,CLIP,"{'id': 'Hs', 'name': 'Human'}",31802123,SRR7657628_1.umi.fastq.gz,,"RT In Sol., Phosph 0.1M NaOH T4 PNK + ATP",,FLASH,NNNNNGTGGAANN,GSM3323927,Max Planck Institute of Immunobiology and Epigenetics,Asifa Akhtar,"Dynabead His-Tag beads (catalogue number: 10103D, Thermo Fisher Scientific) followed by Dynabeads Streptavidin C1 beads (catalogue number: 65002, Thermo Fisher Scientific)",GFP,c3xFLAG-HBH,,,,,Ibrahim Ilik,,NextSeq 500,,HEK293,,,,,GTGGAA,
528686693437251017,FLASH: ultra-fast protocol to identify RNA–protein interactions in cells,101483190312695705,QKI5_Hs_HEK293_XF1_RepB,false,CLIP,"{'id': 'Hs', 'name': 'Human'}",31802123,SRR7657630_1.umi.fastq.gz,,"RT In Sol., Phosph 0.1M NaOH T4 PNK + ATP",,FLASH,NNNNNCAAGTGNN,GSM3323929,Max Planck Institute of Immunobiology and Epigenetics,Asifa Akhtar,"Dynabead His-Tag beads (catalogue number: 10103D, Thermo Fisher Scientific) followed by Dynabeads Streptavidin C1 beads (catalogue number: 65002, Thermo Fisher Scientific)",QKI,c3xFLAG-HBH,,,,,Ibrahim Ilik,,NextSeq 500,,HEK293,,,,,CAAGTG,
528686693437251017,FLASH: ultra-fast protocol to identify RNA–protein interactions in cells,639260519593628677,GFP_Hs_HEK293_XF2_RepA,false,CLIP,"{'id': 'Hs', 'name': 'Human'}",31802123,SRR7657633_1.umi.fastq.gz,,"RT In Sol., Phosph RNaseH",,FLASH,NNNNNGTGGAANN,GSM3323932,Max Planck Institute of Immunobiology and Epigenetics,Asifa Akhtar,"Dynabead His-Tag beads (catalogue number: 10103D, Thermo Fisher Scientific) followed by Dynabeads Streptavidin C1 beads (catalogue number: 65002, Thermo Fisher Scientific)",GFP,c3xFLAG-HBH,,,,,Ibrahim Ilik,,NextSeq 500,,HEK293,,,,,GTGGAA,
528686693437251017,FLASH: ultra-fast protocol to identify RNA–protein interactions in cells,242996573552835519,GFP_Hs_HEK293_XF2_RepB,false,CLIP,"{'id': 'Hs', 'name': 'Human'}",31802123,SRR7657634_1.umi.fastq.gz,,"RT In Sol., Phosph RNaseH",,FLASH,NNNNNGTGGAANN,GSM3323933,Max Planck Institute of Immunobiology and Epigenetics,Asifa Akhtar,"Dynabead His-Tag beads (catalogue number: 10103D, Thermo Fisher Scientific) followed by Dynabeads Streptavidin C1 beads (catalogue number: 65002, Thermo Fisher Scientific)",GFP,c3xFLAG-HBH,,,,,Ibrahim Ilik,,NextSeq 500,,HEK293,,,,,GTGGAA,
528686693437251017,FLASH: ultra-fast protocol to identify RNA–protein interactions in cells,231356712545332395,SRSF2_Hs_HEK293_SR5_Rep1,false,CLIP,"{'id': 'Hs', 'name': 'Human'}",31802123,SRR7657617_1.umi.fastq.gz,,"RT In Sol., Phosph RNaseH, RNaseI 1:2000 wash",,FLASH,NNNNNCAAGTGNN,GSM3323916,Max Planck Institute of Immunobiology and Epigenetics,Asifa Akhtar,"Dynabead His-Tag beads (catalogue number: 10103D, Thermo Fisher Scientific) followed by Dynabeads Streptavidin C1 beads (catalogue number: 65002, Thermo Fisher Scientific)",SRSF2,c3xFLAG-HBH,,,,,Ibrahim Ilik,,NextSeq 500,,HEK293,,,,,CAAGTG,
528686693437251017,FLASH: ultra-fast protocol to identify RNA–protein interactions in cells,757006482813257641,GFP_Hs_HEK293_SR5_Rep1,false,CLIP,"{'id': 'Hs', 'name': 'Human'}",31802123,SRR7657615_1.umi.fastq.gz,,"RT In Sol., Phosph RNaseH, RNaseI 1:2000 wash",,FLASH,NNNNNTGTGAGNN,GSM3323914,Max Planck Institute of Immunobiology and Epigenetics,Asifa Akhtar,"Dynabead His-Tag beads (catalogue number: 10103D, Thermo Fisher Scientific) followed by Dynabeads Streptavidin C1 beads (catalogue number: 65002, Thermo Fisher Scientific)",GFP,c3xFLAG-HBH,,,,,Ibrahim Ilik,,NextSeq 500,,HEK293,,,,,TGTGAG,
528686693437251017,FLASH: ultra-fast protocol to identify RNA–protein interactions in cells,301127087865825781,QKI6_Hs_HEK293_XF1_RepA,false,CLIP,"{'id': 'Hs', 'name': 'Human'}",31802123,SRR7657631_1.umi.fastq.gz,,"RT In Sol., Phosph 0.1M NaOH T4 PNK + ATP",,FLASH,NNNNNTTAGCCNN,GSM3323930,Max Planck Institute of Immunobiology and Epigenetics,Asifa Akhtar,"Dynabead His-Tag beads (catalogue number: 10103D, Thermo Fisher Scientific) followed by Dynabeads Streptavidin C1 beads (catalogue number: 65002, Thermo Fisher Scientific)",QKI,c3xFLAG-HBH,,,,,Ibrahim Ilik,,NextSeq 500,,HEK293,,,,,TTAGCC,
528686693437251017,FLASH: ultra-fast protocol to identify RNA–protein interactions in cells,491177475271329007,GFP_Hs_HEK293_XF1_RepA,false,CLIP,"{'id': 'Hs', 'name': 'Human'}",31802123,SRR7657627_1.umi.fastq.gz,,"RT In Sol., Phosph 0.1M NaOH T4 PNK + ATP",,FLASH,NNNNNGTGGAANN,GSM3323926,Max Planck Institute of Immunobiology and Epigenetics,Asifa Akhtar,"Dynabead His-Tag beads (catalogue number: 10103D, Thermo Fisher Scientific) followed by Dynabeads Streptavidin C1 beads (catalogue number: 65002, Thermo Fisher Scientific)",GFP,c3xFLAG-HBH,,,,,Ibrahim Ilik,,NextSeq 500,,HEK293,,,,,GTGGAA,
528686693437251017,FLASH: ultra-fast protocol to identify RNA–protein interactions in cells,144185537720522534,QKI5_Hs_HEK293_XF1_RepA,false,CLIP,"{'id': 'Hs', 'name': 'Human'}",31802123,SRR7657629_1.umi.fastq.gz,,"RT In Sol., Phosph 0.1M NaOH T4 PNK + ATP",,FLASH,NNNNNCAAGTGNN,GSM3323928,Max Planck Institute of Immunobiology and Epigenetics,Asifa Akhtar,"Dynabead His-Tag beads (catalogue number: 10103D, Thermo Fisher Scientific) followed by Dynabeads Streptavidin C1 beads (catalogue number: 65002, Thermo Fisher Scientific)",QKI,c3xFLAG-HBH,,,,,Ibrahim Ilik,,NextSeq 500,,HEK293,,,,,CAAGTG,
528686693437251017,FLASH: ultra-fast protocol to identify RNA–protein interactions in cells,600850995513174347,GFP_Hs_HEK293_SR5_Rep2,false,CLIP,"{'id': 'Hs', 'name': 'Human'}",31802123,SRR7657616_1.umi.fastq.gz,,"RT In Sol., Phosph RNaseH, RNaseI 1:2000 wash",,FLASH,NNNNNTGGAACNN,GSM3323915,Max Planck Institute of Immunobiology and Epigenetics,Asifa Akhtar,"Dynabead His-Tag beads (catalogue number: 10103D, Thermo Fisher Scientific) followed by Dynabeads Streptavidin C1 beads (catalogue number: 65002, Thermo Fisher Scientific)",GFP,c3xFLAG-HBH,,,,,Ibrahim Ilik,,NextSeq 500,,HEK293,,,,,TGGAAC,
528686693437251017,FLASH: ultra-fast protocol to identify RNA–protein interactions in cells,505083713871474062,SRSF2_Hs_HEK293_SR5_Rep2,false,CLIP,"{'id': 'Hs', 'name': 'Human'}",31802123,SRR7657618_1.umi.fastq.gz,,"RT In Sol., Phosph RNaseH, RNaseI 1:2000 wash",,FLASH,NNNNNTTAGCCNN,GSM3323917,Max Planck Institute of Immunobiology and Epigenetics,Asifa Akhtar,"Dynabead His-Tag beads (catalogue number: 10103D, Thermo Fisher Scientific) followed by Dynabeads Streptavidin C1 beads (catalogue number: 65002, Thermo Fisher Scientific)",SRSF2,c3xFLAG-HBH,,,,,Ibrahim Ilik,,NextSeq 500,,HEK293,,,,,TTAGCC,
528686693437251017,FLASH: ultra-fast protocol to identify RNA–protein interactions in cells,637616441826882291,SRSF4_Hs_HEK293_SR9_Rep2,false,CLIP,"{'id': 'Hs', 'name': 'Human'}",31802123,SRR7657626_1.umi.fastq.gz,,"RT In Sol., Phosph RNaseH, RNaseI 1:2000 wash",,FLASH,NNNNNTTAGCCNN,GSM3323925,Max Planck Institute of Immunobiology and Epigenetics,Asifa Akhtar,"Dynabead His-Tag beads (catalogue number: 10103D, Thermo Fisher Scientific) followed by Dynabeads Streptavidin C1 beads (catalogue number: 65002, Thermo Fisher Scientific)",SRSF4,c3xFLAG-HBH,,,,,Ibrahim Ilik,,NextSeq 500,,HEK293,,,,,TTAGCC,
528686693437251017,FLASH: ultra-fast protocol to identify RNA–protein interactions in cells,189842086142336930,SRSF4_Hs_HEK293_SR9_Rep1,false,CLIP,"{'id': 'Hs', 'name': 'Human'}",31802123,SRR7657625_1.umi.fastq.gz,,"RT In Sol., Phosph RNaseH, RNaseI 1:2000 wash",,FLASH,NNNNNCAAGTGNN,GSM3323924,Max Planck Institute of Immunobiology and Epigenetics,Asifa Akhtar,"Dynabead His-Tag beads (catalogue number: 10103D, Thermo Fisher Scientific) followed by Dynabeads Streptavidin C1 beads (catalogue number: 65002, Thermo Fisher Scientific)",SRSF4,c3xFLAG-HBH,,,,,Ibrahim Ilik,,NextSeq 500,,HEK293,,,,,CAAGTG,
528686693437251017,FLASH: ultra-fast protocol to identify RNA–protein interactions in cells,635707117398247272,SRSF3_Hs_HEK293_SR8_Rep2,false,CLIP,"{'id': 'Hs', 'name': 'Human'}",31802123,SRR7657624_1.umi.fastq.gz,,"RT In Sol., Phosph RNaseH, RNaseI 1:2000 wash",,FLASH,NNNNNGGTTACNN,GSM3323923,Max Planck Institute of Immunobiology and Epigenetics,Asifa Akhtar,"Dynabead His-Tag beads (catalogue number: 10103D, Thermo Fisher Scientific) followed by Dynabeads Streptavidin C1 beads (catalogue number: 65002, Thermo Fisher Scientific)",SRSF3,c3xFLAG-HBH,,,,,Ibrahim Ilik,,NextSeq 500,,HEK293,,,,,GGTTAC,
528686693437251017,FLASH: ultra-fast protocol to identify RNA–protein interactions in cells,284703218584579879,SRSF2_P95H_Hs_HEK293_SR7_Rep2,false,CLIP,"{'id': 'Hs', 'name': 'Human'}",31802123,SRR7657622_1.umi.fastq.gz,,"RT In Sol., Phosph RNaseH, RNaseI 1:2000 wash",,FLASH,NNNNNTTAGCCNN,GSM3323921,Max Planck Institute of Immunobiology and Epigenetics,Asifa Akhtar,"Dynabead His-Tag beads (catalogue number: 10103D, Thermo Fisher Scientific) followed by Dynabeads Streptavidin C1 beads (catalogue number: 65002, Thermo Fisher Scientific)",SRSF2,P95H-c3xFLAG-HBH,,,,,Ibrahim Ilik,,NextSeq 500,,HEK293,,,,,TTAGCC,
528686693437251017,FLASH: ultra-fast protocol to identify RNA–protein interactions in cells,723260373009905368,SRSF1_Hs_HEK293_SR1_Rep1,false,CLIP,"{'id': 'Hs', 'name': 'Human'}",31802123,SRR7657613_1.umi.fastq.gz,,"RT In Sol., Phosph RNaseH, RNaseI 1:2000 wash",,FLASH,NNNNNCAAGTGNN,GSM3323912,Max Planck Institute of Immunobiology and Epigenetics,Asifa Akhtar,"Dynabead His-Tag beads (catalogue number: 10103D, Thermo Fisher Scientific) followed by Dynabeads Streptavidin C1 beads (catalogue number: 65002, Thermo Fisher Scientific)",SRSF1,c3xFLAG-HBH,,,,,Ibrahim Ilik,,NextSeq 500,,HEK293,,,,,CAAGTG,
528686693437251017,FLASH: ultra-fast protocol to identify RNA–protein interactions in cells,469569036013455799,GFP_Hs_HEK293_SR7_Rep2,false,CLIP,"{'id': 'Hs', 'name': 'Human'}",31802123,SRR7657620_1.umi.fastq.gz,,"RT In Sol., Phosph RNaseH, RNaseI 1:2000 wash",,FLASH,NNNNNTGTGAGNN,GSM3323919,Max Planck Institute of Immunobiology and Epigenetics,Asifa Akhtar,"Dynabead His-Tag beads (catalogue number: 10103D, Thermo Fisher Scientific) followed by Dynabeads Streptavidin C1 beads (catalogue number: 65002, Thermo Fisher Scientific)",GFP,c3xFLAG-HBH,,,,,Ibrahim Ilik,,NextSeq 500,,HEK293,,,,,TGTGAG,
528686693437251017,FLASH: ultra-fast protocol to identify RNA–protein interactions in cells,941744028638818983,SRSF2_P95H_Hs_HEK293_SR7_Rep1,false,CLIP,"{'id': 'Hs', 'name': 'Human'}",31802123,SRR7657621_1.umi.fastq.gz,,"RT In Sol., Phosph RNaseH, RNaseI 1:2000 wash",,FLASH,NNNNNCAAGTGNN,GSM3323920,Max Planck Institute of Immunobiology and Epigenetics,Asifa Akhtar,"Dynabead His-Tag beads (catalogue number: 10103D, Thermo Fisher Scientific) followed by Dynabeads Streptavidin C1 beads (catalogue number: 65002, Thermo Fisher Scientific)",SRSF2,P95H-c3xFLAG-HBH,,,,,Ibrahim Ilik,,NextSeq 500,,HEK293,,,,,CAAGTG,
528686693437251017,FLASH: ultra-fast protocol to identify RNA–protein interactions in cells,445060267953346248,GFP_Hs_HEK293_SR7_Rep1,false,CLIP,"{'id': 'Hs', 'name': 'Human'}",31802123,SRR7657619_1.umi.fastq.gz,,"RT In Sol., Phosph RNaseH, RNaseI 1:2000 wash",,FLASH,NNNNNGTGGAANN,GSM3323918,Max Planck Institute of Immunobiology and Epigenetics,Asifa Akhtar,"Dynabead His-Tag beads (catalogue number: 10103D, Thermo Fisher Scientific) followed by Dynabeads Streptavidin C1 beads (catalogue number: 65002, Thermo Fisher Scientific)",GFP,c3xFLAG-HBH,,,,,Ibrahim Ilik,,NextSeq 500,,HEK293,,,,,GTGGAA,
528686693437251017,FLASH: ultra-fast protocol to identify RNA–protein interactions in cells,382556916615338118,GFP_Hs_HEK293_SR1_Rep2,false,CLIP,"{'id': 'Hs', 'name': 'Human'}",31802123,SRR7657612_1.umi.fastq.gz,,"RT In Sol., Phosph RNaseH, RNaseI 1:2000 wash",,FLASH,NNNNNTGTGAGNN,GSM3323911,Max Planck Institute of Immunobiology and Epigenetics,Asifa Akhtar,"Dynabead His-Tag beads (catalogue number: 10103D, Thermo Fisher Scientific) followed by Dynabeads Streptavidin C1 beads (catalogue number: 65002, Thermo Fisher Scientific)",GFP,c3xFLAG-HBH,,,,,Ibrahim Ilik,,NextSeq 500,,HEK293,,,,,TGTGAG,
528686693437251017,FLASH: ultra-fast protocol to identify RNA–protein interactions in cells,433857123411826884,SRSF3_Hs_HEK293_SR8_Rep1,false,CLIP,"{'id': 'Hs', 'name': 'Human'}",31802123,SRR7657623_1.umi.fastq.gz,,"RT In Sol., Phosph RNaseH, RNaseI 1:2000 wash",,FLASH,NNNNNTGGAACNN,GSM3323922,Max Planck Institute of Immunobiology and Epigenetics,Asifa Akhtar,"Dynabead His-Tag beads (catalogue number: 10103D, Thermo Fisher Scientific) followed by Dynabeads Streptavidin C1 beads (catalogue number: 65002, Thermo Fisher Scientific)",SRSF3,c3xFLAG-HBH,,,,,Ibrahim Ilik,,NextSeq 500,,HEK293,,,,,TGGAAC,
528686693437251017,FLASH: ultra-fast protocol to identify RNA–protein interactions in cells,122209771478950468,SRSF11_Hs_HEK293_SR14_Rep2,false,CLIP,"{'id': 'Hs', 'name': 'Human'}",31802123,SRR7657610_1.umi.fastq.gz,,"RT In Sol., Phosph RNaseH, RNaseI 1:2000 wash",,FLASH,NNNNNGGTTACNN,GSM3323909,Max Planck Institute of Immunobiology and Epigenetics,Asifa Akhtar,"Dynabead His-Tag beads (catalogue number: 10103D, Thermo Fisher Scientific) followed by Dynabeads Streptavidin C1 beads (catalogue number: 65002, Thermo Fisher Scientific)",SRSF11,c3xFLAG-HBH,,,,,Ibrahim Ilik,,NextSeq 500,,HEK293,,,,,GGTTAC,
528686693437251017,FLASH: ultra-fast protocol to identify RNA–protein interactions in cells,690073535257229123,GFP_Hs_HEK293_SR1_Rep1,false,CLIP,"{'id': 'Hs', 'name': 'Human'}",31802123,SRR7657611_1.umi.fastq.gz,,"RT In Sol., Phosph RNaseH, RNaseI 1:2000 wash",,FLASH,NNNNNGTGGAANN,GSM3323910,Max Planck Institute of Immunobiology and Epigenetics,Asifa Akhtar,"Dynabead His-Tag beads (catalogue number: 10103D, Thermo Fisher Scientific) followed by Dynabeads Streptavidin C1 beads (catalogue number: 65002, Thermo Fisher Scientific)",GFP,c3xFLAG-HBH,,,,,Ibrahim Ilik,,NextSeq 500,,HEK293,,,,,GTGGAA,
528686693437251017,FLASH: ultra-fast protocol to identify RNA–protein interactions in cells,245457305734290737,SRSF11_Hs_HEK293_SR14_Rep1,false,CLIP,"{'id': 'Hs', 'name': 'Human'}",31802123,SRR7657609_1.umi.fastq.gz,,"RT In Sol., Phosph RNaseH, RNaseI 1:2000 wash",,FLASH,NNNNNTGGAACNN,GSM3323908,Max Planck Institute of Immunobiology and Epigenetics,Asifa Akhtar,"Dynabead His-Tag beads (catalogue number: 10103D, Thermo Fisher Scientific) followed by Dynabeads Streptavidin C1 beads (catalogue number: 65002, Thermo Fisher Scientific)",SRSF11,c3xFLAG-HBH,,,,,Ibrahim Ilik,,NextSeq 500,,HEK293,,,,,TGGAAC,
528686693437251017,FLASH: ultra-fast protocol to identify RNA–protein interactions in cells,484816569683458659,SRSF9_Hs_HEK293_SR13_Rep1,false,CLIP,"{'id': 'Hs', 'name': 'Human'}",31802123,SRR7657607_1.umi.fastq.gz,,"RT In Sol., Phosph RNaseH, RNaseI 1:2000 wash",,FLASH,NNNNNTGGAACNN,GSM3323906,Max Planck Institute of Immunobiology and Epigenetics,Asifa Akhtar,"Dynabead His-Tag beads (catalogue number: 10103D, Thermo Fisher Scientific) followed by Dynabeads Streptavidin C1 beads (catalogue number: 65002, Thermo Fisher Scientific)",SRSF9,c3xFLAG-HBH,,,,,Ibrahim Ilik,,NextSeq 500,,HEK293,,,,,TGGAAC,
528686693437251017,FLASH: ultra-fast protocol to identify RNA–protein interactions in cells,275591200207914435,SRSF9_Hs_HEK293_SR13_Rep2,false,CLIP,"{'id': 'Hs', 'name': 'Human'}",31802123,SRR7657608_1.umi.fastq.gz,,"RT In Sol., Phosph RNaseH, RNaseI 1:2000 wash",,FLASH,NNNNNGGTTACNN,GSM3323907,Max Planck Institute of Immunobiology and Epigenetics,Asifa Akhtar,"Dynabead His-Tag beads (catalogue number: 10103D, Thermo Fisher Scientific) followed by Dynabeads Streptavidin C1 beads (catalogue number: 65002, Thermo Fisher Scientific)",SRSF9,c3xFLAG-HBH,,,,,Ibrahim Ilik,,NextSeq 500,,HEK293,,,,,GGTTAC,
528686693437251017,FLASH: ultra-fast protocol to identify RNA–protein interactions in cells,610795998354358953,SRSF7_Hs_HEK293_SR12_Rep2,false,CLIP,"{'id': 'Hs', 'name': 'Human'}",31802123,SRR7657606_1.umi.fastq.gz,,"RT In Sol., Phosph RNaseH, RNaseI 1:2000 wash",,FLASH,NNNNNTTAGCCNN,GSM3323905,Max Planck Institute of Immunobiology and Epigenetics,Asifa Akhtar,"Dynabead His-Tag beads (catalogue number: 10103D, Thermo Fisher Scientific) followed by Dynabeads Streptavidin C1 beads (catalogue number: 65002, Thermo Fisher Scientific)",SRSF7,c3xFLAG-HBH,,,,,Ibrahim Ilik,,NextSeq 500,,HEK293,,,,,TTAGCC,
528686693437251017,FLASH: ultra-fast protocol to identify RNA–protein interactions in cells,152156251956043133,SRSF1_Hs_HEK293_SR1_Rep2,false,CLIP,"{'id': 'Hs', 'name': 'Human'}",31802123,SRR7657614_1.umi.fastq.gz,,"RT In Sol., Phosph RNaseH, RNaseI 1:2000 wash",,FLASH,NNNNNTTAGCCNN,GSM3323913,Max Planck Institute of Immunobiology and Epigenetics,Asifa Akhtar,"Dynabead His-Tag beads (catalogue number: 10103D, Thermo Fisher Scientific) followed by Dynabeads Streptavidin C1 beads (catalogue number: 65002, Thermo Fisher Scientific)",SRSF1,c3xFLAG-HBH,,,,,Ibrahim Ilik,,NextSeq 500,,HEK293,,,,,TTAGCC,
528686693437251017,FLASH: ultra-fast protocol to identify RNA–protein interactions in cells,765605162744855496,GFP_Hs_HEK293_SR12_Rep2,false,CLIP,"{'id': 'Hs', 'name': 'Human'}",31802123,SRR7657604_1.umi.fastq.gz,,"RT In Sol., Phosph RNaseH, RNaseI 1:2000 wash",,FLASH,NNNNNTGTGAGNN,GSM3323903,Max Planck Institute of Immunobiology and Epigenetics,Asifa Akhtar,"Dynabead His-Tag beads (catalogue number: 10103D, Thermo Fisher Scientific) followed by Dynabeads Streptavidin C1 beads (catalogue number: 65002, Thermo Fisher Scientific)",GFP,c3xFLAG-HBH,,,,,Ibrahim Ilik,,NextSeq 500,,HEK293,,,,,TGTGAG,
528686693437251017,FLASH: ultra-fast protocol to identify RNA–protein interactions in cells,805996728816069986,GFP_Hs_HEK293_SR12_Rep1,false,CLIP,"{'id': 'Hs', 'name': 'Human'}",31802123,SRR7657603_1.umi.fastq.gz,,"RT In Sol., Phosph RNaseH, RNaseI 1:2000 wash",,FLASH,NNNNNGTGGAANN,GSM3323902,Max Planck Institute of Immunobiology and Epigenetics,Asifa Akhtar,"Dynabead His-Tag beads (catalogue number: 10103D, Thermo Fisher Scientific) followed by Dynabeads Streptavidin C1 beads (catalogue number: 65002, Thermo Fisher Scientific)",GFP,c3xFLAG-HBH,,,,,Ibrahim Ilik,,NextSeq 500,,HEK293,,,,,GTGGAA,
528686693437251017,FLASH: ultra-fast protocol to identify RNA–protein interactions in cells,726798340448080432,SRSF5_Hs_HEK293_SR10_Rep2,false,CLIP,"{'id': 'Hs', 'name': 'Human'}",31802123,SRR7657600_1.umi.fastq.gz,,"RT In Sol., Phosph RNaseH, RNaseI 1:2000 wash",,FLASH,NNNNNTGTGAGNN,GSM3323899,Max Planck Institute of Immunobiology and Epigenetics,Asifa Akhtar,"Dynabead His-Tag beads (catalogue number: 10103D, Thermo Fisher Scientific) followed by Dynabeads Streptavidin C1 beads (catalogue number: 65002, Thermo Fisher Scientific)",SRSF5,c3xFLAG-HBH,,,,,Ibrahim Ilik,,NextSeq 500,,HEK293,,,,,TGTGAG,
341407864238841460,A systems view of spliceosomal assembly and branchpoints with iCLIP,852520652246635102,SNRPB_Hs_HEK293_mildLysis_2_20190213,false,CLIP,"{'id': 'Hs', 'name': 'Human'}",31570875,ERR3450337.cleaned.fastq.gz,,mild lysis,ERR3450337,iCLIP,NNNNNNN,,"Department for Neuromuscular Diseases, UCL",Jernej Ule,"anti-SmB/B′ 12F5 (S0698, Sigma-Aldrich)",SNRPB,,,,,,Michael Briese,,HiSeq 4000,,HEK293,,,,,,
341407864238841460,A systems view of spliceosomal assembly and branchpoints with iCLIP,839051819262555357,SNRPB_Hs_HEK293_normalLysis_1_20190213,false,CLIP,"{'id': 'Hs', 'name': 'Human'}",31570875,ERR3450339.cleaned.fastq.gz,,medium lysis,ERR3450339,iCLIP,NNNNNNN,,"Department for Neuromuscular Diseases, UCL",Jernej Ule,"anti-SmB/B′ 12F5 (S0698, Sigma-Aldrich)",SNRPB,,,,,,Michael Briese,,HiSeq 4000,,HEK293,,,,,,
528686693437251017,FLASH: ultra-fast protocol to identify RNA–protein interactions in cells,325878422242386156,SRSF7_Hs_HEK293_SR12_Rep1,false,CLIP,"{'id': 'Hs', 'name': 'Human'}",31802123,SRR7657605_1.umi.fastq.gz,,"RT In Sol., Phosph RNaseH, RNaseI 1:2000 wash",,FLASH,NNNNNCAAGTGNN,GSM3323904,Max Planck Institute of Immunobiology and Epigenetics,Asifa Akhtar,"Dynabead His-Tag beads (catalogue number: 10103D, Thermo Fisher Scientific) followed by Dynabeads Streptavidin C1 beads (catalogue number: 65002, Thermo Fisher Scientific)",SRSF7,c3xFLAG-HBH,,,,,Ibrahim Ilik,,NextSeq 500,,HEK293,,,,,CAAGTG,
341407864238841460,A systems view of spliceosomal assembly and branchpoints with iCLIP,426882107952952447,SNRPB_Hs_HEK293_normalLysis_3_20190213,false,CLIP,"{'id': 'Hs', 'name': 'Human'}",31570875,ERR3450341.cleaned.fastq.gz,,medium lysis,ERR3450341,iCLIP,NNNNNNN,,"Department for Neuromuscular Diseases, UCL",Jernej Ule,"anti-SmB/B′ 12F5 (S0698, Sigma-Aldrich)",SNRPB,,,,,,Michael Briese,,HiSeq 4000,,HEK293,,,,,,
528686693437251017,FLASH: ultra-fast protocol to identify RNA–protein interactions in cells,913095159206485745,SRSF5_Hs_HEK293_SR10_Rep1,false,CLIP,"{'id': 'Hs', 'name': 'Human'}",31802123,SRR7657599_1.umi.fastq.gz,,"RT In Sol., Phosph RNaseH, RNaseI 1:2000 wash",,FLASH,NNNNNGTGGAANN,GSM3323898,Max Planck Institute of Immunobiology and Epigenetics,Asifa Akhtar,"Dynabead His-Tag beads (catalogue number: 10103D, Thermo Fisher Scientific) followed by Dynabeads Streptavidin C1 beads (catalogue number: 65002, Thermo Fisher Scientific)",SRSF5,c3xFLAG-HBH,,,,,Ibrahim Ilik,,NextSeq 500,,HEK293,,,,,GTGGAA,
341407864238841460,A systems view of spliceosomal assembly and branchpoints with iCLIP,988624658226920732,SNRPB_Hs_HEK293_normalLysis_2_20190213,false,CLIP,"{'id': 'Hs', 'name': 'Human'}",31570875,ERR3450340.cleaned.fastq.gz,,medium lysis,ERR3450340,iCLIP,NNNNNNN,,"Department for Neuromuscular Diseases, UCL",Jernej Ule,"anti-SmB/B′ 12F5 (S0698, Sigma-Aldrich)",SNRPB,,,,,,Michael Briese,,HiSeq 4000,,HEK293,,,,,,
528686693437251017,FLASH: ultra-fast protocol to identify RNA–protein interactions in cells,447134665928084304,SRSF6_Hs_HEK293_SR11_Rep1,false,CLIP,"{'id': 'Hs', 'name': 'Human'}",31802123,SRR7657601_1.umi.fastq.gz,,"RT In Sol., Phosph RNaseH, RNaseI 1:2000 wash",,FLASH,NNNNNTGGAACNN,GSM3323900,Max Planck Institute of Immunobiology and Epigenetics,Asifa Akhtar,"Dynabead His-Tag beads (catalogue number: 10103D, Thermo Fisher Scientific) followed by Dynabeads Streptavidin C1 beads (catalogue number: 65002, Thermo Fisher Scientific)",SRSF6,c3xFLAG-HBH,,,,,Ibrahim Ilik,,NextSeq 500,,HEK293,,,,,TGGAAC,
341407864238841460,A systems view of spliceosomal assembly and branchpoints with iCLIP,353295155787316369,SNRPB_Hs_HEK293_mildLysis_3_20190213,false,CLIP,"{'id': 'Hs', 'name': 'Human'}",31570875,ERR3450338.cleaned.fastq.gz,,mild lysis,ERR3450338,iCLIP,NNNNNNN,,"Department for Neuromuscular Diseases, UCL",Jernej Ule,"anti-SmB/B′ 12F5 (S0698, Sigma-Aldrich)",SNRPB,,,,,,Michael Briese,,HiSeq 4000,,HEK293,,,,,,
528686693437251017,FLASH: ultra-fast protocol to identify RNA–protein interactions in cells,451524220894230196,SRSF6_Hs_HEK293_SR11_Rep2,false,CLIP,"{'id': 'Hs', 'name': 'Human'}",31802123,SRR7657602_1.umi.fastq.gz,,"RT In Sol., Phosph RNaseH, RNaseI 1:2000 wash",,FLASH,NNNNNGGTTACNN,GSM3323901,Max Planck Institute of Immunobiology and Epigenetics,Asifa Akhtar,"Dynabead His-Tag beads (catalogue number: 10103D, Thermo Fisher Scientific) followed by Dynabeads Streptavidin C1 beads (catalogue number: 65002, Thermo Fisher Scientific)",SRSF6,c3xFLAG-HBH,,,,,Ibrahim Ilik,,NextSeq 500,,HEK293,,,,,GGTTAC,
341407864238841460,A systems view of spliceosomal assembly and branchpoints with iCLIP,942541128925150864,SNRPB_Hs_HEPG2_normalLysis_2_20190213,false,CLIP,"{'id': 'Hs', 'name': 'Human'}",31570875,ERR3450332.cleaned.fastq.gz,,medium lysis,ERR3450332,iCLIP,NNNNNNN,,"Department for Neuromuscular Diseases, UCL",Jernej Ule,"anti-SmB/B′ 12F5 (S0698, Sigma-Aldrich)",SNRPB,,,,,,Michael Briese,,HiSeq 4000,,HepG2,,,,,,
341407864238841460,A systems view of spliceosomal assembly and branchpoints with iCLIP,647463116778710099,SNRPB_Hs_HEPG2_normalLysis_3_20190213,false,CLIP,"{'id': 'Hs', 'name': 'Human'}",31570875,ERR3450333.cleaned.fastq.gz,,medium lysis,ERR3450333,iCLIP,NNNNNNN,,"Department for Neuromuscular Diseases, UCL",Jernej Ule,"anti-SmB/B′ 12F5 (S0698, Sigma-Aldrich)",SNRPB,,,,,,Michael Briese,,HiSeq 4000,,HepG2,,,,,,
341407864238841460,A systems view of spliceosomal assembly and branchpoints with iCLIP,812226311813244205,SNRPB_Hs_HEK293_mildLysis_1_20190213,false,CLIP,"{'id': 'Hs', 'name': 'Human'}",31570875,ERR3450336.cleaned.fastq.gz,,mild lysis,ERR3450336,iCLIP,NNNNNNN,,"Department for Neuromuscular Diseases, UCL",Jernej Ule,"anti-SmB/B′ 12F5 (S0698, Sigma-Aldrich)",SNRPB,,,,,,Michael Briese,,HiSeq 4000,,HEK293,,,,,,
341407864238841460,A systems view of spliceosomal assembly and branchpoints with iCLIP,273928504421844998,SNRPB_Hs_K562_normalLysis_3_20190213,false,CLIP,"{'id': 'Hs', 'name': 'Human'}",31570875,ERR3450328.cleaned.fastq.gz,,medium lysis,ERR3450328,iCLIP,NNNNNNN,,"Department for Neuromuscular Diseases, UCL",Jernej Ule,"anti-SmB/B′ 12F5 (S0698, Sigma-Aldrich)",SNRPB,,,,,,Michael Briese,,HiSeq 4000,,K562,,,,,,
341407864238841460,A systems view of spliceosomal assembly and branchpoints with iCLIP,940438676272437605,SNRPB_Hs_HEPG2_normalLysis_1_20190213,false,CLIP,"{'id': 'Hs', 'name': 'Human'}",31570875,ERR3450331.cleaned.fastq.gz,,medium lysis,ERR3450331,iCLIP,NNNNNNN,,"Department for Neuromuscular Diseases, UCL",Jernej Ule,"anti-SmB/B′ 12F5 (S0698, Sigma-Aldrich)",SNRPB,,,,,,Michael Briese,,HiSeq 4000,,HepG2,,,,,,
341407864238841460,A systems view of spliceosomal assembly and branchpoints with iCLIP,869137371037054383,SNRPB_Hs_HEPG2_mildLysis_1_20190213,false,CLIP,"{'id': 'Hs', 'name': 'Human'}",31570875,ERR3450329.cleaned.fastq.gz,,mild lysis,ERR3450329,iCLIP,NNNNNNN,,"Department for Neuromuscular Diseases, UCL",Jernej Ule,"anti-SmB/B′ 12F5 (S0698, Sigma-Aldrich)",SNRPB,,,,,,Michael Briese,,HiSeq 4000,,HepG2,,,,,,
341407864238841460,A systems view of spliceosomal assembly and branchpoints with iCLIP,974507129288950446,SNRPB_Hs_K562_normalLysis_1_20190213,false,CLIP,"{'id': 'Hs', 'name': 'Human'}",31570875,ERR3450326.cleaned.fastq.gz,,medium lysis,ERR3450326,iCLIP,NNNNNNN,,"Department for Neuromuscular Diseases, UCL",Jernej Ule,"anti-SmB/B′ 12F5 (S0698, Sigma-Aldrich)",SNRPB,,,,,,Michael Briese,,HiSeq 4000,,K562,,,,,,
341407864238841460,A systems view of spliceosomal assembly and branchpoints with iCLIP,144230575636534160,SNRPB_Hs_K562_mildLysis_1_20190213,false,CLIP,"{'id': 'Hs', 'name': 'Human'}",31570875,ERR3450323.cleaned.fastq.gz,,mild lysis,ERR3450323,iCLIP,NNNNNNN,,"Department for Neuromuscular Diseases, UCL",Jernej Ule,"anti-SmB/B′ 12F5 (S0698, Sigma-Aldrich)",SNRPB,,,,,,Michael Briese,,HiSeq 4000,,K562,,,,,,
341407864238841460,A systems view of spliceosomal assembly and branchpoints with iCLIP,492506717384537779,SmBFLAG_HEK293_Hs_stringentLysis_20122205_1,false,CLIP,"{'id': 'Hs', 'name': 'Human'}",31570875,iclip-smb-flag-293flpinsmb-denature-high-hs-nnnggttnn-20120522-luc02-1.cleaned.fastq.gz,,Stringent denature,ERR3450335,iCLIP,NNNGGTTNN,,"Department for Neuromuscular Diseases, UCL",Jernej Ule,M2 anti-Flag antibody (Sigma),SNRPB,,,,,,Michael Briese,,Illumina HiSeq 4000,,HEK293,,,,,,
341407864238841460,A systems view of spliceosomal assembly and branchpoints with iCLIP,325250626389223478,SmBFLAG_HEK293_Hs_stringentLysis_20122205_2,false,CLIP,"{'id': 'Hs', 'name': 'Human'}",31570875,iclip-smb-flag-293flpinsmb-denature-high-hs-nnncaatnn-20120522-luc02-3.cleaned.fastq.gz,,Stringent denature,ERR3450334,iCLIP,NNNCAATNN,,"Department for Neuromuscular Diseases, UCL",Jernej Ule,M2 anti-Flag antibody (Sigma),SNRPB,,,,,,Michael Briese,,Illumina HiSeq 4000,,HEK293,,,,,,
341407864238841460,A systems view of spliceosomal assembly and branchpoints with iCLIP,708342906130026562,SNRPB_Hs_HEPG2_mildLysis_2_20190213,false,CLIP,"{'id': 'Hs', 'name': 'Human'}",31570875,ERR3450330.cleaned.fastq.gz,,mild lysis,ERR3450330,iCLIP,NNNNNNN,,"Department for Neuromuscular Diseases, UCL",Jernej Ule,"anti-SmB/B′ 12F5 (S0698, Sigma-Aldrich)",SNRPB,,,,,,Michael Briese,,HiSeq 4000,,HepG2,,,,,,
341407864238841460,A systems view of spliceosomal assembly and branchpoints with iCLIP,739059029356943732,SNRPB_Hs_K562_mildLysis_3_20190213,false,CLIP,"{'id': 'Hs', 'name': 'Human'}",31570875,ERR3450325.cleaned.fastq.gz,,mild lysis,ERR3450325,iCLIP,NNNNNNN,,"Department for Neuromuscular Diseases, UCL",Jernej Ule,"anti-SmB/B′ 12F5 (S0698, Sigma-Aldrich)",SNRPB,,,,,,Michael Briese,,HiSeq 4000,,K562,,,,,,
341407864238841460,A systems view of spliceosomal assembly and branchpoints with iCLIP,909083534925809141,SNRPB_Hs_K562_mildLysis_2_20190213,false,CLIP,"{'id': 'Hs', 'name': 'Human'}",31570875,ERR3450324.cleaned.fastq.gz,,mild lysis,ERR3450324,iCLIP,NNNNNNN,,"Department for Neuromuscular Diseases, UCL",Jernej Ule,"anti-SmB/B′ 12F5 (S0698, Sigma-Aldrich)",SNRPB,,,,,,Michael Briese,,HiSeq 4000,,K562,,,,,,
341407864238841460,A systems view of spliceosomal assembly and branchpoints with iCLIP,830352347668431743,SNRPB_Hs_CAL51_Sphase_demux_3_20130808,false,CLIP,"{'id': 'Hs', 'name': 'Human'}",31570875,ERR3450322.cleaned.fastq.gz,,S phase,ERR3450322,iCLIP,NNNTTAANN,,"Department for Neuromuscular Diseases, UCL",Jernej Ule,"anti-SmB/B′ 12F5 (sc-130670, Santa Cruz Biotechnology)",SNRPB,,,,,,Michael Briese,,HiSeq 4000,,Cal51,,,,,,
341407864238841460,A systems view of spliceosomal assembly and branchpoints with iCLIP,208076395404711454,SNRPB_Hs_CAL51_Sphase_demux_2_20130808,false,CLIP,"{'id': 'Hs', 'name': 'Human'}",31570875,ERR3450321.cleaned.fastq.gz,,S phase,ERR3450321,iCLIP,NNNAATANN,,"Department for Neuromuscular Diseases, UCL",Jernej Ule,"anti-SmB/B′ 12F5 (sc-130670, Santa Cruz Biotechnology)",SNRPB,,,,,,Michael Briese,,HiSeq 4000,,Cal51,,,,,,
341407864238841460,A systems view of spliceosomal assembly and branchpoints with iCLIP,390208509052400599,SNRPB_Hs_CAL51_Sphase_demux_1_20130808,false,CLIP,"{'id': 'Hs', 'name': 'Human'}",31570875,ERR3450320.cleaned.fastq.gz,,S phase,ERR3450320,iCLIP,NNNCCACNN,,"Department for Neuromuscular Diseases, UCL",Jernej Ule,"anti-SmB/B′ 12F5 (sc-130670, Santa Cruz Biotechnology)",SNRPB,,,,,,Michael Briese,,HiSeq 4000,,Cal51,,,,,,
341407864238841460,A systems view of spliceosomal assembly and branchpoints with iCLIP,417227963975360163,SNRPB_Hs_CAL51_G2phase_demux_3_20130808,false,CLIP,"{'id': 'Hs', 'name': 'Human'}",31570875,ERR3450319.cleaned.fastq.gz,,G2 phase,ERR3450319,iCLIP,NNNTTGTNN,,"Department for Neuromuscular Diseases, UCL",Jernej Ule,"anti-SmB/B′ 12F5 (sc-130670, Santa Cruz Biotechnology)",SNRPB,,,,,,Michael Briese,,HiSeq 4000,,Cal51,,,,,,
341407864238841460,A systems view of spliceosomal assembly and branchpoints with iCLIP,968001873647567197,SNRPB_Hs_CAL51_G2phase_demux_2_20130808,false,CLIP,"{'id': 'Hs', 'name': 'Human'}",31570875,ERR3450318.cleaned.fastq.gz,,G2 phase,ERR3450318,iCLIP,NNNTTAANN,,"Department for Neuromuscular Diseases, UCL",Jernej Ule,"anti-SmB/B′ 12F5 (sc-130670, Santa Cruz Biotechnology)",SNRPB,,,,,,Michael Briese,,HiSeq 4000,,Cal51,,,,,,
341407864238841460,A systems view of spliceosomal assembly and branchpoints with iCLIP,298376751513441652,SNRPB_Hs_CAL51_G2phase_demux_1_20130808,false,CLIP,"{'id': 'Hs', 'name': 'Human'}",31570875,ERR3450317.cleaned.fastq.gz,,G2 phase,ERR3450317,iCLIP,NNNCCACNN,,"Department for Neuromuscular Diseases, UCL",Jernej Ule,"anti-SmB/B′ 12F5 (sc-130670, Santa Cruz Biotechnology)",SNRPB,,,,,,Michael Briese,,HiSeq 4000,,Cal51,,,,,,
341407864238841460,A systems view of spliceosomal assembly and branchpoints with iCLIP,412318743014747761,SNRPB_Hs_CAL51_G1phase_demux_2_20130808,false,CLIP,"{'id': 'Hs', 'name': 'Human'}",31570875,ERR3450315.cleaned.fastq.gz,,G1 phase,ERR3450315,iCLIP,NNNTTGTNN,,"Department for Neuromuscular Diseases, UCL",Jernej Ule,"anti-SmB/B′ 12F5 (sc-130670, Santa Cruz Biotechnology)",SNRPB,,,,,,Michael Briese,,HiSeq 4000,,Cal51,,,,,,
341407864238841460,A systems view of spliceosomal assembly and branchpoints with iCLIP,820298049662877428,SNRPB_Hs_CAL51_siPRPF8_4_20130917,false,CLIP,"{'id': 'Hs', 'name': 'Human'}",31570875,ERR3450311.cleaned.fastq.gz,,PRPF8 knockdown by siRNA,ERR3450311,iCLIP,NNNNN,,"Department for Neuromuscular Diseases, UCL",Jernej Ule,"anti-SmB/B′ 12F5 (sc-130670, Santa Cruz Biotechnology)",SNRPB,,,,,,Michael Briese,,HiSeq 4000,,Cal51,,,,,,
341407864238841460,A systems view of spliceosomal assembly and branchpoints with iCLIP,914341626393955066,SNRPB_Hs_CAL51_siPRPF8_5_20130917,false,CLIP,"{'id': 'Hs', 'name': 'Human'}",31570875,ERR3450312.cleaned.fastq.gz,,PRPF8 knockdown by siRNA,ERR3450312,iCLIP,NNNNN,,"Department for Neuromuscular Diseases, UCL",Jernej Ule,"anti-SmB/B′ 12F5 (sc-130670, Santa Cruz Biotechnology)",SNRPB,,,,,,Michael Briese,,HiSeq 4000,,Cal51,,,,,,
528686693437251017,FLASH: ultra-fast protocol to identify RNA–protein interactions in cells,200485626905250743,U2AF2_Hs_HEK293_XL17_Rep2,false,CLIP,"{'id': 'Hs', 'name': 'Human'}",31802123,SRR7657678_1.umi.fastq.gz,,"RT In Sol., Phosph RNaseH, RNaseI 1:500 wash",,FLASH,NNNNNTTAGCCNN,GSM3323977,Max Planck Institute of Immunobiology and Epigenetics,Asifa Akhtar,cat anti-U2AF65 (U4758 Sigma-Aldrich),U2AF2,,,,,,Ibrahim Ilik,,NextSeq 500,,HEK293,,,,,TTAGCC,
341407864238841460,A systems view of spliceosomal assembly and branchpoints with iCLIP,124863733117023449,SNRPB_Hs_CAL51_G1phase_demux_3_20130808,false,CLIP,"{'id': 'Hs', 'name': 'Human'}",31570875,ERR3450316.cleaned.fastq.gz,,G1 phase,ERR3450316,iCLIP,NNNCAATNN,,"Department for Neuromuscular Diseases, UCL",Jernej Ule,"anti-SmB/B′ 12F5 (sc-130670, Santa Cruz Biotechnology)",SNRPB,,,,,,Michael Briese,,HiSeq 4000,,Cal51,,,,,,
341407864238841460,A systems view of spliceosomal assembly and branchpoints with iCLIP,492771093253916598,SNRPB_Hs_CAL51_siPRPF8_1_20130917,false,CLIP,"{'id': 'Hs', 'name': 'Human'}",31570875,ERR3450308.cleaned.fastq.gz,,PRPF8 knockdown by siRNA,ERR3450308,iCLIP,NNNNN,,"Department for Neuromuscular Diseases, UCL",Jernej Ule,"anti-SmB/B′ 12F5 (sc-130670, Santa Cruz Biotechnology)",SNRPB,,,,,,Michael Briese,,HiSeq 4000,,Cal51,,,,,,
341407864238841460,A systems view of spliceosomal assembly and branchpoints with iCLIP,651839089785553887,SNRPB_Hs_CAL51_siControl_3_20130917,false,CLIP,"{'id': 'Hs', 'name': 'Human'}",31570875,ERR3450304.cleaned.fastq.gz,,scrambled siRNA,ERR3450304,iCLIP,NNNNN,,"Department for Neuromuscular Diseases, UCL",Jernej Ule,"anti-SmB/B′ 12F5 (sc-130670, Santa Cruz Biotechnology)",SNRPB,,,,,,Michael Briese,,HiSeq 4000,,Cal51,,,,,,
341407864238841460,A systems view of spliceosomal assembly and branchpoints with iCLIP,813268675643289130,SNRPB_Hs_CAL51_siPRPF8_6_20130917,false,CLIP,"{'id': 'Hs', 'name': 'Human'}",31570875,ERR3450313.cleaned.fastq.gz,,PRPF8 knockdown by siRNA,ERR3450313,iCLIP,NNNNN,,"Department for Neuromuscular Diseases, UCL",Jernej Ule,"anti-SmB/B′ 12F5 (sc-130670, Santa Cruz Biotechnology)",SNRPB,,,,,,Michael Briese,,HiSeq 4000,,Cal51,,,,,,
341407864238841460,A systems view of spliceosomal assembly and branchpoints with iCLIP,824059199193858464,SNRPB_Hs_CAL51_siControl_6_20130917,false,CLIP,"{'id': 'Hs', 'name': 'Human'}",31570875,ERR3450307.cleaned.fastq.gz,,scrambled siRNA,ERR3450307,iCLIP,NNNNN,,"Department for Neuromuscular Diseases, UCL",Jernej Ule,"anti-SmB/B′ 12F5 (sc-130670, Santa Cruz Biotechnology)",SNRPB,,,,,,Michael Briese,,HiSeq 4000,,Cal51,,,,,,
341407864238841460,A systems view of spliceosomal assembly and branchpoints with iCLIP,294952378926909477,SNRPB_Hs_CAL51_siControl_2_20130917,false,CLIP,"{'id': 'Hs', 'name': 'Human'}",31570875,ERR3450303.cleaned.fastq.gz,,scrambled siRNA,ERR3450303,iCLIP,NNNNN,,"Department for Neuromuscular Diseases, UCL",Jernej Ule,"anti-SmB/B′ 12F5 (sc-130670, Santa Cruz Biotechnology)",SNRPB,,,,,,Michael Briese,,HiSeq 4000,,Cal51,,,,,,
341407864238841460,A systems view of spliceosomal assembly and branchpoints with iCLIP,184341438168872987,SNRPB_Hs_CAL51_siControl_4_20130917,false,CLIP,"{'id': 'Hs', 'name': 'Human'}",31570875,ERR3450305.cleaned.fastq.gz,,scrambled siRNA,ERR3450305,iCLIP,NNNNN,,"Department for Neuromuscular Diseases, UCL",Jernej Ule,"anti-SmB/B′ 12F5 (sc-130670, Santa Cruz Biotechnology)",SNRPB,,,,,,Michael Briese,,HiSeq 4000,,Cal51,,,,,,
341407864238841460,A systems view of spliceosomal assembly and branchpoints with iCLIP,743122077487521048,SNRPB_Hs_CAL51_siPRPF8_3_20130917,false,CLIP,"{'id': 'Hs', 'name': 'Human'}",31570875,ERR3450310.cleaned.fastq.gz,,PRPF8 knockdown by siRNA,ERR3450310,iCLIP,NNNNN,,"Department for Neuromuscular Diseases, UCL",Jernej Ule,"anti-SmB/B′ 12F5 (sc-130670, Santa Cruz Biotechnology)",SNRPB,,,,,,Michael Briese,,HiSeq 4000,,Cal51,,,,,,
341407864238841460,A systems view of spliceosomal assembly and branchpoints with iCLIP,559518606246188965,SNRPB_Hs_CAL51_siPRPF8_2_20130917,false,CLIP,"{'id': 'Hs', 'name': 'Human'}",31570875,ERR3450309.cleaned.fastq.gz,,PRPF8 knockdown by siRNA,ERR3450309,iCLIP,NNNNN,,"Department for Neuromuscular Diseases, UCL",Jernej Ule,"anti-SmB/B′ 12F5 (sc-130670, Santa Cruz Biotechnology)",SNRPB,,,,,,Michael Briese,,HiSeq 4000,,Cal51,,,,,,
918279326974282041,Heteromeric RNP Assembly at LINEs Controls Lineage-Specific RNA Processing,637916180688956835,PTBP1-2_Hs_HeLa_cytRNA__R3_20140601,false,RNA-Seq,"{'id': 'Hs', 'name': 'Human'}",30078707,ERR2194452.fastq.gz,,PTBP1/2 knock down by siRNA,ERR2194452,,CCGTCC,,UCL Institute of Neurology,Jernej Ule,,,,,,ribominus,,Jan Attig,,HiSeq 2000,,Hela,,reverse,,,,
341407864238841460,A systems view of spliceosomal assembly and branchpoints with iCLIP,303127499714716879,SNRPB_Hs_CAL51_G1phase_demux_1_20130808,false,CLIP,"{'id': 'Hs', 'name': 'Human'}",31570875,ERR3450314.cleaned.fastq.gz,,G1 phase,ERR3450314,iCLIP,NNNGGTTNN,,"Department for Neuromuscular Diseases, UCL",Jernej Ule,"anti-SmB/B′ 12F5 (sc-130670, Santa Cruz Biotechnology)",SNRPB,,,,,,Michael Briese,,HiSeq 4000,,Cal51,,,,,,
918279326974282041,Heteromeric RNP Assembly at LINEs Controls Lineage-Specific RNA Processing,706839815614920393,PTBP1-2_Hs_HeLa_nucRNA__R3_20140601,false,RNA-Seq,"{'id': 'Hs', 'name': 'Human'}",30078707,ERR2194453.fastq.gz,,PTBP1/2 knock down by siRNA,ERR2194453,,AGTTCC,,UCL Institute of Neurology,Jernej Ule,,,,,,ribominus,,Jan Attig,,HiSeq 2000,,Hela,,reverse,,,,
341407864238841460,A systems view of spliceosomal assembly and branchpoints with iCLIP,239118713640592561,SNRPB_Hs_CAL51_siControl_1_20130917,false,CLIP,"{'id': 'Hs', 'name': 'Human'}",31570875,ERR3450302.cleaned.fastq.gz,,scrambled siRNA,ERR3450302,iCLIP,NNNNN,,"Department for Neuromuscular Diseases, UCL",Jernej Ule,"anti-SmB/B′ 12F5 (sc-130670, Santa Cruz Biotechnology)",SNRPB,,,,,,Michael Briese,,HiSeq 4000,,Cal51,,,,,,
918279326974282041,Heteromeric RNP Assembly at LINEs Controls Lineage-Specific RNA Processing,118808538654547418,PTBP1-2_Hs_HeLa_cytRNA__R2_20140601,false,RNA-Seq,"{'id': 'Hs', 'name': 'Human'}",30078707,ERR2194450.fastq.gz,,PTBP1/2 knock down by siRNA,ERR2194450,,GTCCGC,,UCL Institute of Neurology,Jernej Ule,,,,,,ribominus,,Jan Attig,,HiSeq 2000,,Hela,,reverse,,,,
341407864238841460,A systems view of spliceosomal assembly and branchpoints with iCLIP,409425054190063725,SNRPB_Hs_CAL51_siControl_5_20130917,false,CLIP,"{'id': 'Hs', 'name': 'Human'}",31570875,ERR3450306.cleaned.fastq.gz,,scrambled siRNA,ERR3450306,iCLIP,NNNNN,,"Department for Neuromuscular Diseases, UCL",Jernej Ule,"anti-SmB/B′ 12F5 (sc-130670, Santa Cruz Biotechnology)",SNRPB,,,,,,Michael Briese,,HiSeq 4000,,Cal51,,,,,,
918279326974282041,Heteromeric RNP Assembly at LINEs Controls Lineage-Specific RNA Processing,711634223019752455,PTBP1-2_Hs_HeLa_nucRNA__R1_20140601,false,RNA-Seq,"{'id': 'Hs', 'name': 'Human'}",30078707,ERR2194449.fastq.gz,,PTBP1/2 knock down by siRNA,ERR2194449,,TGACCA,,UCL Institute of Neurology,Jernej Ule,,,,,,ribominus,,Jan Attig,,HiSeq 2000,,Hela,,reverse,,,,
918279326974282041,Heteromeric RNP Assembly at LINEs Controls Lineage-Specific RNA Processing,939539253205594723,PTBP1-2_Hs_HeLa_nucRNA__R2_20140601,false,RNA-Seq,"{'id': 'Hs', 'name': 'Human'}",30078707,ERR2194451.fastq.gz,,PTBP1/2 knock down by siRNA,ERR2194451,,GCCAAT,,UCL Institute of Neurology,Jernej Ule,,,,,,ribominus,,Jan Attig,,HiSeq 2000,,Hela,,reverse,,,,
918279326974282041,Heteromeric RNP Assembly at LINEs Controls Lineage-Specific RNA Processing,470244788397160857,PTBP1-2_Hs_HeLa_cytRNA__R1_20140601,false,RNA-Seq,"{'id': 'Hs', 'name': 'Human'}",30078707,ERR2194448.fastq.gz,,PTBP1/2 knock down by siRNA,ERR2194448,,AGTTCC,,UCL Institute of Neurology,Jernej Ule,,,,,,ribominus,,Jan Attig,,HiSeq 2000,,Hela,,reverse,,,,
918279326974282041,Heteromeric RNP Assembly at LINEs Controls Lineage-Specific RNA Processing,746161023367555840,MATR3_Hs_HeLa_nucRNA2_R3_20140601,false,RNA-Seq,"{'id': 'Hs', 'name': 'Human'}",30078707,ERR2194447.fastq.gz,,MATR3 knock down by siRNA,ERR2194447,,GTGAAA,,UCL Institute of Neurology,Jernej Ule,,,,,,ribominus,,Jan Attig,,HiSeq 2000,,Hela,,reverse,,,,
918279326974282041,Heteromeric RNP Assembly at LINEs Controls Lineage-Specific RNA Processing,371125993448540657,MATR3_Hs_HeLa_cytRNA2_R3_20140601,false,RNA-Seq,"{'id': 'Hs', 'name': 'Human'}",30078707,ERR2194446.fastq.gz,,MATR3 knock down by siRNA,ERR2194446,,GCCAAT,,UCL Institute of Neurology,Jernej Ule,,,,,,ribominus,,Jan Attig,,HiSeq 2000,,Hela,,reverse,,,,
918279326974282041,Heteromeric RNP Assembly at LINEs Controls Lineage-Specific RNA Processing,843650881303816866,MATR3_Hs_HeLa_nucRNA2_R2_20140601,false,RNA-Seq,"{'id': 'Hs', 'name': 'Human'}",30078707,ERR2194445.fastq.gz,,MATR3 knock down by siRNA,ERR2194445,,CTTGTA,,UCL Institute of Neurology,Jernej Ule,,,,,,ribominus,,Jan Attig,,HiSeq 2000,,Hela,,reverse,,,,
918279326974282041,Heteromeric RNP Assembly at LINEs Controls Lineage-Specific RNA Processing,475310737405457836,MATR3_Hs_HeLa_nucRNA2_R1_20140601,false,RNA-Seq,"{'id': 'Hs', 'name': 'Human'}",30078707,ERR2194443.fastq.gz,,MATR3 knock down by siRNA,ERR2194443,,GCCAAT,,UCL Institute of Neurology,Jernej Ule,,,,,,ribominus,,Jan Attig,,HiSeq 2000,,Hela,,reverse,,,,
918279326974282041,Heteromeric RNP Assembly at LINEs Controls Lineage-Specific RNA Processing,881034050235637086,MATR3_Hs_HeLa_cytRNA2_R2_20140601,false,RNA-Seq,"{'id': 'Hs', 'name': 'Human'}",30078707,ERR2194444.fastq.gz,,MATR3 knock down by siRNA,ERR2194444,,CGATGT,,UCL Institute of Neurology,Jernej Ule,,,,,,ribominus,,Jan Attig,,HiSeq 2000,,Hela,,reverse,,,,
918279326974282041,Heteromeric RNP Assembly at LINEs Controls Lineage-Specific RNA Processing,623821859724840834,MATR3_Hs_HeLa_cytRNA2_R1_20140601,false,RNA-Seq,"{'id': 'Hs', 'name': 'Human'}",30078707,ERR2194442.fastq.gz,,MATR3 knock down by siRNA,ERR2194442,,GTGAAA,,UCL Institute of Neurology,Jernej Ule,,,,,,ribominus,,Jan Attig,,HiSeq 2000,,Hela,,reverse,,,,
918279326974282041,Heteromeric RNP Assembly at LINEs Controls Lineage-Specific RNA Processing,211838909709281809,MATR3_Hs_HeLa_nucRNA1_R2_20140601,false,RNA-Seq,"{'id': 'Hs', 'name': 'Human'}",30078707,ERR2194439.fastq.gz,,MATR3 knock down by siRNA,ERR2194439,,ATGTCA,,UCL Institute of Neurology,Jernej Ule,,,,,,ribominus,,Jan Attig,,HiSeq 2000,,Hela,,reverse,,,,
918279326974282041,Heteromeric RNP Assembly at LINEs Controls Lineage-Specific RNA Processing,750326486800763632,MATR3_Hs_HeLa_nucRNA1_R3_20140601,false,RNA-Seq,"{'id': 'Hs', 'name': 'Human'}",30078707,ERR2194441.fastq.gz,,MATR3 knock down by siRNA,ERR2194441,,CAGATC,,UCL Institute of Neurology,Jernej Ule,,,,,,ribominus,,Jan Attig,,HiSeq 2000,,Hela,,reverse,,,,
918279326974282041,Heteromeric RNP Assembly at LINEs Controls Lineage-Specific RNA Processing,855393002750288204,MATR3_Hs_HeLa_cytRNA1_R2_20140601,false,RNA-Seq,"{'id': 'Hs', 'name': 'Human'}",30078707,ERR2194438.fastq.gz,,MATR3 knock down by siRNA,ERR2194438,,CAGATC,,UCL Institute of Neurology,Jernej Ule,,,,,,ribominus,,Jan Attig,,HiSeq 2000,,Hela,,reverse,,,,
918279326974282041,Heteromeric RNP Assembly at LINEs Controls Lineage-Specific RNA Processing,909362324174256793,siRNA_control_Hs_HeLa_cytRNA_siCtrl_R4_20140601,false,RNA-Seq,"{'id': 'Hs', 'name': 'Human'}",30078707,ERR2194433.fastq.gz,,scrambled siRNA,ERR2194433,,ACAGTG,,UCL Institute of Neurology,Jernej Ule,,,,,,ribominus,,Jan Attig,,HiSeq 2000,,Hela,,reverse,,,,
918279326974282041,Heteromeric RNP Assembly at LINEs Controls Lineage-Specific RNA Processing,291691327360286638,siRNA_control_Hs_HeLa_nucRNA_siCtrl_R6_20140601,false,RNA-Seq,"{'id': 'Hs', 'name': 'Human'}",30078707,ERR2194435.fastq.gz,,scrambled siRNA,ERR2194435,,ACAGTG,,UCL Institute of Neurology,Jernej Ule,,,,,,ribominus,,Jan Attig,,HiSeq 2000,,Hela,,reverse,,,,
918279326974282041,Heteromeric RNP Assembly at LINEs Controls Lineage-Specific RNA Processing,891166108220427850,siRNA_control_Hs_HeLa_cytRNA_siCtrl_R1_20140601,false,RNA-Seq,"{'id': 'Hs', 'name': 'Human'}",30078707,ERR2194430.fastq.gz,,scrambled siRNA,ERR2194430,,CGATGT,,UCL Institute of Neurology,Jernej Ule,,,,,,ribominus,,Jan Attig,,HiSeq 2000,,Hela,,reverse,,,,
918279326974282041,Heteromeric RNP Assembly at LINEs Controls Lineage-Specific RNA Processing,787732453503567277,MATR3_Hs_HeLa_cytRNA1_R3_20140601,false,RNA-Seq,"{'id': 'Hs', 'name': 'Human'}",30078707,ERR2194440.fastq.gz,,MATR3 knock down by siRNA,ERR2194440,,ATGTCA,,UCL Institute of Neurology,Jernej Ule,,,,,,ribominus,,Jan Attig,,HiSeq 2000,,Hela,,reverse,,,,
918279326974282041,Heteromeric RNP Assembly at LINEs Controls Lineage-Specific RNA Processing,117719521508465860,PTBP1-2_MATR3_Hs_HeLa_nucRNA_dblknockdown2_R3_20140601,false,RNA-Seq,"{'id': 'Hs', 'name': 'Human'}",30078707,ERR2194429.fastq.gz,,PTBP1/2 and MATR3 knock down by siRNA,ERR2194429,,AGTCAA,,UCL Institute of Neurology,Jernej Ule,,,,,,ribominus,,Jan Attig,,HiSeq 2000,,Hela,,reverse,,,,
918279326974282041,Heteromeric RNP Assembly at LINEs Controls Lineage-Specific RNA Processing,994828504938357756,siRNA_control_Hs_HeLa_nucRNA_siCtrl_R5_20140601,false,RNA-Seq,"{'id': 'Hs', 'name': 'Human'}",30078707,ERR2194434.fastq.gz,,scrambled siRNA,ERR2194434,,CGATGT,,UCL Institute of Neurology,Jernej Ule,,,,,,ribominus,,Jan Attig,,HiSeq 2000,,Hela,,reverse,,,,
918279326974282041,Heteromeric RNP Assembly at LINEs Controls Lineage-Specific RNA Processing,155818787254061381,PTBP1-2_MATR3_Hs_HeLa_cytRNA_dblknockdown2_R3_20140601,false,RNA-Seq,"{'id': 'Hs', 'name': 'Human'}",30078707,ERR2194428.fastq.gz,,PTBP1/2 and MATR3 knock down by siRNA,ERR2194428,,TGACCA,,UCL Institute of Neurology,Jernej Ule,,,,,,ribominus,,Jan Attig,,HiSeq 2000,,Hela,,reverse,,,,
918279326974282041,Heteromeric RNP Assembly at LINEs Controls Lineage-Specific RNA Processing,765752785431071514,siRNA_control_Hs_HeLa_nucRNA_siCtrl_R3_20140601,false,RNA-Seq,"{'id': 'Hs', 'name': 'Human'}",30078707,ERR2194432.fastq.gz,,scrambled siRNA,ERR2194432,,CCGTCC,,UCL Institute of Neurology,Jernej Ule,,,,,,ribominus,,Jan Attig,,HiSeq 2000,,Hela,,reverse,,,,
918279326974282041,Heteromeric RNP Assembly at LINEs Controls Lineage-Specific RNA Processing,520961034689941060,MATR3_Hs_HeLa_nucRNA1_R1_20140601,false,RNA-Seq,"{'id': 'Hs', 'name': 'Human'}",30078707,ERR2194437.fastq.gz,,MATR3 knock down by siRNA,ERR2194437,,ATGTCA,,UCL Institute of Neurology,Jernej Ule,,,,,,ribominus,,Jan Attig,,HiSeq 2000,,Hela,,reverse,,,,
918279326974282041,Heteromeric RNP Assembly at LINEs Controls Lineage-Specific RNA Processing,915903368607856214,PTBP1-2_MATR3_Hs_HeLa_cytRNA_dblknockdown2_R1_20140601,false,RNA-Seq,"{'id': 'Hs', 'name': 'Human'}",30078707,ERR2194424.fastq.gz,,PTBP1/2 and MATR3 knock down by siRNA,ERR2194424,,AGTCAA,,UCL Institute of Neurology,Jernej Ule,,,,,,ribominus,,Jan Attig,,HiSeq 2000,,Hela,,reverse,,,,
918279326974282041,Heteromeric RNP Assembly at LINEs Controls Lineage-Specific RNA Processing,477375666362461556,siRNA_control_Hs_HeLa_cytRNA_siCtrl_R2_20140601,false,RNA-Seq,"{'id': 'Hs', 'name': 'Human'}",30078707,ERR2194431.fastq.gz,,scrambled siRNA,ERR2194431,,GTGAAA,,UCL Institute of Neurology,Jernej Ule,,,,,,ribominus,,Jan Attig,,HiSeq 2000,,Hela,,reverse,,,,
918279326974282041,Heteromeric RNP Assembly at LINEs Controls Lineage-Specific RNA Processing,716512001921566046,PTBP1-2_MATR3_Hs_HeLa_nucRNA_dblknockdown2_R2_20140601,false,RNA-Seq,"{'id': 'Hs', 'name': 'Human'}",30078707,ERR2194427.fastq.gz,,PTBP1/2 and MATR3 knock down by siRNA,ERR2194427,,TGACCA,,UCL Institute of Neurology,Jernej Ule,,,,,,ribominus,,Jan Attig,,HiSeq 2000,,Hela,,reverse,,,,
918279326974282041,Heteromeric RNP Assembly at LINEs Controls Lineage-Specific RNA Processing,507434234443653614,PTBP1-2_MATR3_Hs_HeLa_nucRNA_dblknockdown2_R1_20140601,false,RNA-Seq,"{'id': 'Hs', 'name': 'Human'}",30078707,ERR2194425.fastq.gz,,PTBP1/2 and MATR3 knock down by siRNA,ERR2194425,,CCGTCC,,UCL Institute of Neurology,Jernej Ule,,,,,,ribominus,,Jan Attig,,HiSeq 2000,,Hela,,reverse,,,,
918279326974282041,Heteromeric RNP Assembly at LINEs Controls Lineage-Specific RNA Processing,425117103525990808,PTBP1-2_MATR3_Hs_HeLa_cytRNA_dblknockdown1_R3_20140601,false,RNA-Seq,"{'id': 'Hs', 'name': 'Human'}",30078707,ERR2194422.fastq.gz,,PTBP1/2 and MATR3 knock down by siRNA,ERR2194422,,CTTGTA,,UCL Institute of Neurology,Jernej Ule,,,,,,ribominus,,Jan Attig,,HiSeq 2000,,Hela,,reverse,,,,
918279326974282041,Heteromeric RNP Assembly at LINEs Controls Lineage-Specific RNA Processing,401831874877165572,MATR3_Hs_HeLa_cytRNA1_R1_20140601,false,RNA-Seq,"{'id': 'Hs', 'name': 'Human'}",30078707,ERR2194436.fastq.gz,,MATR3 knock down by siRNA,ERR2194436,,CAGATC,,UCL Institute of Neurology,Jernej Ule,,,,,,ribominus,,Jan Attig,,HiSeq 2000,,Hela,,reverse,,,,
918279326974282041,Heteromeric RNP Assembly at LINEs Controls Lineage-Specific RNA Processing,490737245274454752,PTBP1-2_MATR3_Hs_HeLa_nucRNA_dblknockdown1_R3_20140601,false,RNA-Seq,"{'id': 'Hs', 'name': 'Human'}",30078707,ERR2194423.fastq.gz,,PTBP1/2 and MATR3 knock down by siRNA,ERR2194423,,GTCCGC,,UCL Institute of Neurology,Jernej Ule,,,,,,ribominus,,Jan Attig,,HiSeq 2000,,Hela,,reverse,,,,
918279326974282041,Heteromeric RNP Assembly at LINEs Controls Lineage-Specific RNA Processing,766957856207216173,PTBP1-2_MATR3_Hs_HeLa_cytRNA_dblknockdown2_R2_20140601,false,RNA-Seq,"{'id': 'Hs', 'name': 'Human'}",30078707,ERR2194426.fastq.gz,,PTBP1/2 and MATR3 knock down by siRNA,ERR2194426,,AGTCAA,,UCL Institute of Neurology,Jernej Ule,,,,,,ribominus,,Jan Attig,,HiSeq 2000,,Hela,,reverse,,,,
918279326974282041,Heteromeric RNP Assembly at LINEs Controls Lineage-Specific RNA Processing,140434132119324024,PTBP1-2_MATR3_Hs_HeLa_cytRNA_dblknockdown1_R2_20140601,false,RNA-Seq,"{'id': 'Hs', 'name': 'Human'}",30078707,ERR2194420.fastq.gz,,PTBP1/2 and MATR3 knock down by siRNA,ERR2194420,,AGTTCC,,UCL Institute of Neurology,Jernej Ule,,,,,,ribominus,,Jan Attig,,HiSeq 2000,,Hela,,reverse,,,,
918279326974282041,Heteromeric RNP Assembly at LINEs Controls Lineage-Specific RNA Processing,601906901545226888,PTBP1-2_MATR3_Hs_HeLa_nucRNA_dblknockdown1_R1_20140601,false,RNA-Seq,"{'id': 'Hs', 'name': 'Human'}",30078707,ERR2194419.fastq.gz,,PTBP1/2 and MATR3 knock down by siRNA,ERR2194419,,CTTGTA,,UCL Institute of Neurology,Jernej Ule,,,,,,ribominus,,Jan Attig,,HiSeq 2000,,Hela,,reverse,,,,
918279326974282041,Heteromeric RNP Assembly at LINEs Controls Lineage-Specific RNA Processing,837485856653389559,PTBP1-2_MATR3_Hs_HeLa_cytRNA_dblknockdown1_R1_20140601,false,RNA-Seq,"{'id': 'Hs', 'name': 'Human'}",30078707,ERR2194418.fastq.gz,,PTBP1/2 and MATR3 knock down by siRNA,ERR2194418,,GTCCGC,,UCL Institute of Neurology,Jernej Ule,,,,,,ribominus,,Jan Attig,,HiSeq 2000,,Hela,,reverse,,,,
918279326974282041,Heteromeric RNP Assembly at LINEs Controls Lineage-Specific RNA Processing,228545479255758526,PTBP1-2_MATR3_Hs_HeLa_nucRNA_dblknockdown1_R2_20140601,false,RNA-Seq,"{'id': 'Hs', 'name': 'Human'}",30078707,ERR2194421.fastq.gz,,PTBP1/2 and MATR3 knock down by siRNA,ERR2194421,,ACAGTG,,UCL Institute of Neurology,Jernej Ule,,,,,,ribominus,,Jan Attig,,HiSeq 2000,,Hela,,reverse,,,,
918279326974282041,Heteromeric RNP Assembly at LINEs Controls Lineage-Specific RNA Processing,608722814175538319,PTBP1_Hs_HEK293_siCtrl_2_20150527,false,CLIP,"{'id': 'Hs', 'name': 'Human'}",30078707,ERR2214593.fastq.gz,,Ctrl_scrambled_siRNA,ERR2214593,iCLIP,NNNAATANN,,UCL Institute of Neurology,Jernej Ule,"Rabbit anti PTBP1/2, serum (C. Smith; Spellman et al., 2007)",PTBP1,,,,,,Jan Attig,,HiSeq 2000,,HEK293,,,,,,
918279326974282041,Heteromeric RNP Assembly at LINEs Controls Lineage-Specific RNA Processing,141504330495955329,PTBP1_Hs_HEK293_siCtrl_1_20150527,false,CLIP,"{'id': 'Hs', 'name': 'Human'}",30078707,ERR2214592.fastq.gz,,Ctrl_scrambled_siRNA_LowRNase,ERR2214592,iCLIP,NNNTGGCNN,,UCL Institute of Neurology,Jernej Ule,"Rabbit anti PTBP1/2, serum (C. Smith; Spellman et al., 2007)",PTBP1,,,,,,Jan Attig,,HiSeq 2000,,HEK293,,,,,,
918279326974282041,Heteromeric RNP Assembly at LINEs Controls Lineage-Specific RNA Processing,614098400061689285,PTBP1_Hs_HEK293_siMATR3_1_20150527,false,CLIP,"{'id': 'Hs', 'name': 'Human'}",30078707,ERR2214594.fastq.gz,,MATR3knockdownbysiRNA,ERR2214594,iCLIP,NNNAAGTNN,,UCL Institute of Neurology,Jernej Ule,"Rabbit anti PTBP1/2, serum (C. Smith; Spellman et al., 2007)",PTBP1,,,,,,Jan Attig,,HiSeq 2000,,HEK293,,,,,,
918279326974282041,Heteromeric RNP Assembly at LINEs Controls Lineage-Specific RNA Processing,801430803407791876,MATR3_Mm_C57BL_Expressed_4_20150527,false,CLIP,"{'id': 'Mm', 'name': 'Mouse'}",30078707,ERR2214500.fastq.gz,C57BL/6,MATR3 expressed,ERR2214500,iCLIP,NNNACTCNN,,UCL Institute of Neurology,Jernej Ule,"anti-MATR3 (#GTX47279, GeneTex)",MATR3,,,,,,Jan Attig,,HiSeq 2000,,Brain,,,,,,
918279326974282041,Heteromeric RNP Assembly at LINEs Controls Lineage-Specific RNA Processing,119183080742701040,MATR3_Hs_HEK293_Ctrl_1_20150527,false,CLIP,"{'id': 'Hs', 'name': 'Human'}",30078707,ERR2210802.fastq.gz,,MATR3_ctrl,ERR2210802,iCLIP,NNNCTTGNN,,UCL Institute of Neurology,Jernej Ule,"Rabbit polyclonal anti MATR3 (Insight Biotechnology, GTX47279)",MATR3,,,,,,Jan Attig,,HiSeq 2000,,HEK293,,,,,,
918279326974282041,Heteromeric RNP Assembly at LINEs Controls Lineage-Specific RNA Processing,736355834992410717,PTBP1_Hs_HEK293_siMATR3_2_20150527,false,CLIP,"{'id': 'Hs', 'name': 'Human'}",30078707,ERR2214595.fastq.gz,,MATR3knockdownbysiRNA,ERR2214595,iCLIP,NNNGACTNN,,UCL Institute of Neurology,Jernej Ule,"Rabbit anti PTBP1/2, serum (C. Smith; Spellman et al., 2007)",PTBP1,,,,,,Jan Attig,,HiSeq 2000,,HEK293,,,,,,
918279326974282041,Heteromeric RNP Assembly at LINEs Controls Lineage-Specific RNA Processing,521833044815000309,MATR3_Hs_HEK293_PTBP1knockdown_20150527,false,CLIP,"{'id': 'Hs', 'name': 'Human'}",30078707,ERR2210804.fastq.gz,,PTBP1knockdown,ERR2210804,iCLIP,NNNGTGGNN,,UCL Institute of Neurology,Jernej Ule,"Rabbit polyclonal anti MATR3 (Insight Biotechnology, GTX47279)",MATR3,,,,,,Jan Attig,,HiSeq 2000,,HEK293,,,,,,
918279326974282041,Heteromeric RNP Assembly at LINEs Controls Lineage-Specific RNA Processing,681387378325355638,MATR3_Mm_C57BL_Control_2_20150527,false,CLIP,"{'id': 'Mm', 'name': 'Mouse'}",30078707,ERR2214496.fastq.gz,C57BL/6,IgG control,ERR2214496,iCLIP,NNNATACNN,,UCL Institute of Neurology,Jernej Ule,IgG control,IgG,,,,,,Jan Attig,,HiSeq 2000,,Brain,,,,,,
918279326974282041,Heteromeric RNP Assembly at LINEs Controls Lineage-Specific RNA Processing,242851893496172317,MATR3_Mm_C57BL_Control_1_20150527,false,CLIP,"{'id': 'Mm', 'name': 'Mouse'}",30078707,ERR2214495.fastq.gz,C57BL/6,IgG control,ERR2214495,iCLIP,NNNATACNN,,UCL Institute of Neurology,Jernej Ule,IgG control,IgG,,,,,,Jan Attig,,HiSeq 2000,,Brain,,,,,,
918279326974282041,Heteromeric RNP Assembly at LINEs Controls Lineage-Specific RNA Processing,248958353137139661,MATR3_Mm_C57BL_Expressed_3_20150527,false,CLIP,"{'id': 'Mm', 'name': 'Mouse'}",30078707,ERR2214499.fastq.gz,C57BL/6,MATR3 expressed,ERR2214499,iCLIP,NNNACAGNN,,UCL Institute of Neurology,Jernej Ule,"anti-MATR3 (#GTX47279, GeneTex)",MATR3,,,,,,Jan Attig,,HiSeq 2000,,Brain,,,,,,
918279326974282041,Heteromeric RNP Assembly at LINEs Controls Lineage-Specific RNA Processing,380285004798219469,MATR3_Mm_C57BL_Expressed_5_20150527,false,CLIP,"{'id': 'Mm', 'name': 'Mouse'}",30078707,ERR2214501.fastq.gz,C57BL/6,MATR3 expressed,ERR2214501,iCLIP,NNNCTGCNN,,UCL Institute of Neurology,Jernej Ule,"anti-MATR3 (#GTX47279, GeneTex)",MATR3,,,,,,Jan Attig,,HiSeq 2000,,Brain,,,,,,
956754001085781585,Characterizing the RNA targets and position-dependent splicing regulation by TDP-43,759455444501045576,TDP43_Hs_SHSY5Y_Nuclear_20101125,false,CLIP,"{'id': 'Hs', 'name': 'Human'}",21358640,ERX016992_ERR039853.fastq.gz,,Nuclear,ERR039853,iCLIP,NNNTTGTNN,,MRC LMB Cambridge,Jernej Ule,"Rabbit-anti TDP-43 (Proteintech, 10782-2-AP)",TARDBP,,,,,,James Tollervey,,Illumina GA2,,SHSY5Y,,,,CC,,
918279326974282041,Heteromeric RNP Assembly at LINEs Controls Lineage-Specific RNA Processing,966007855321564610,MATR3_Mm_C57BL_Expressed_2_20150527,false,CLIP,"{'id': 'Mm', 'name': 'Mouse'}",30078707,ERR2214498.fastq.gz,C57BL/6,MATR3 expressed,ERR2214498,iCLIP,NNNGTTANN,,UCL Institute of Neurology,Jernej Ule,"anti-MATR3 (#GTX47279, GeneTex)",MATR3,,,,,,Jan Attig,,HiSeq 2000,,Brain,,,,,,
918279326974282041,Heteromeric RNP Assembly at LINEs Controls Lineage-Specific RNA Processing,863719192041465941,MATR3_Mm_C57BL_Expressed_1_20150527,false,CLIP,"{'id': 'Mm', 'name': 'Mouse'}",30078707,ERR2214497.fastq.gz,C57BL/6,MATR3 expressed,ERR2214497,iCLIP,NNNCTCTNN,,UCL Institute of Neurology,Jernej Ule,"anti-MATR3 (#GTX47279, GeneTex)",MATR3,,,,,,Jan Attig,,HiSeq 2000,,Brain,,,,,,
956754001085781585,Characterizing the RNA targets and position-dependent splicing regulation by TDP-43,659268800229889138,TDP43_Hs_SHSY5Y_Total_3_20101125,false,CLIP,"{'id': 'Hs', 'name': 'Human'}",21358640,ERX016992_ERR039854.fastq.gz,,Total,ERR039854,iCLIP,NNNGGTTNN,,MRC LMB Cambridge,Jernej Ule,"Rabbit-anti TDP-43 (Proteintech, 10782-2-AP)",TARDBP,,,,,,James Tollervey,,Illumina GA2,,SHSY5Y,,,,CC,,
918279326974282041,Heteromeric RNP Assembly at LINEs Controls Lineage-Specific RNA Processing,916222292081432543,MATR3_Hs_HEK293_Ctrl_2_20150527,false,CLIP,"{'id': 'Hs', 'name': 'Human'}",30078707,ERR2210803.fastq.gz,,MATR3_ctrl_siRNA,ERR2210803,iCLIP,NNNTCTGNN,,UCL Institute of Neurology,Jernej Ule,"Rabbit polyclonal anti MATR3 (Insight Biotechnology, GTX47279)",MATR3,,,,,,Jan Attig,,HiSeq 2000,,HEK293,,,,,,
956754001085781585,Characterizing the RNA targets and position-dependent splicing regulation by TDP-43,977297316733747873,TDP43_Hs_Brain_Ctrl_Low_20091102,false,CLIP,"{'id': 'Hs', 'name': 'Human'}",21358640,ERX016992_ERR039848.fastq.gz,,Control Low,ERR039848,iCLIP,NNCGNNCGA,,MRC LMB Cambridge,Jernej Ule,"Rabbit-anti TDP-43 (Proteintech, 10782-2-AP)",TARDBP,,,,,,James Tollervey,,Illumina GA2,,Temporal Cortex,,,,GA,,
956754001085781585,Characterizing the RNA targets and position-dependent splicing regulation by TDP-43,481886707549860139,TDP43_Hs_SHSY5Y_2_20100222,false,CLIP,"{'id': 'Hs', 'name': 'Human'}",21358640,ERX016992_ERR039855.fastq.gz,,SH-SY5Y Rep2,ERR039855,iCLIP,CANNN,,MRC LMB Cambridge,Jernej Ule,"Rabbit-anti TDP-43 (Proteintech, 10782-2-AP)",TARDBP,,,,,,James Tollervey,,Illumina GA2,,SHSY5Y,,,,CC,,
956754001085781585,Characterizing the RNA targets and position-dependent splicing regulation by TDP-43,680089395833798335,TDP43_Hs_SHSY5Y_High_1_20091102,false,CLIP,"{'id': 'Hs', 'name': 'Human'}",21358640,ERX016992_ERR039851.fastq.gz,,High,ERR039851,iCLIP,NNCGNNAAA,,MRC LMB Cambridge,Jernej Ule,"Rabbit-anti TDP-43 (Proteintech, 10782-2-AP)",TARDBP,,,,,,James Tollervey,,Illumina GA2,,SHSY5Y,,,,AT,,
956754001085781585,Characterizing the RNA targets and position-dependent splicing regulation by TDP-43,911173746376357146,TDP43_Hs_SHSY5Y_Cytoplasm_20101125,false,CLIP,"{'id': 'Hs', 'name': 'Human'}",21358640,ERX016992_ERR039850.fastq.gz,,Cytoplasmic,ERR039850,iCLIP,NNNCAATNN,,MRC LMB Cambridge,Jernej Ule,"Rabbit-anti TDP-43 (Proteintech, 10782-2-AP)",TARDBP,,,,,,James Tollervey,,Illumina GA2,,SHSY5Y,,,,CC,,
956754001085781585,Characterizing the RNA targets and position-dependent splicing regulation by TDP-43,677234833669514045,TDP43_Hs_SHSY5Y_Low_1_20091102,false,CLIP,"{'id': 'Hs', 'name': 'Human'}",21358640,ERX016992_ERR039852.fastq.gz,,Low,ERR039852,iCLIP,NNCGNNAAA,,MRC LMB Cambridge,Jernej Ule,"Rabbit-anti TDP-43 (Proteintech, 10782-2-AP)",TARDBP,,,,,,James Tollervey,,Illumina GA2,,SHSY5Y,,,,AT,,
956754001085781585,Characterizing the RNA targets and position-dependent splicing regulation by TDP-43,286997714560964141,TDP43_Hs_ESC_20100222,false,CLIP,"{'id': 'Hs', 'name': 'Human'}",21358640,ERX016992_ERR039849.fastq.gz,,Embryonic Stem Cells,ERR039849,iCLIP,GANNN,,MRC LMB Cambridge,Jernej Ule,"Rabbit-anti TDP-43 (Proteintech, 10782-2-AP)",TARDBP,,,,,,James Tollervey,,Illumina GA2,,ESC,H9,,,AT,,
956754001085781585,Characterizing the RNA targets and position-dependent splicing regulation by TDP-43,576442038179949139,TDP43_Hs_Brain_FTLD_24_20090724,false,CLIP,"{'id': 'Hs', 'name': 'Human'}",21358640,ERX016992_ERR039846.fastq.gz,,FTLD,ERR039846,iCLIP,TGNNN,,MRC LMB Cambridge,Jernej Ule,"Rabbit-anti TDP-43 (Proteintech, 10782-2-AP)",TARDBP,,,,,,James Tollervey,,Illumina GA2,,Temporal Cortex,,,,TG,,
956754001085781585,Characterizing the RNA targets and position-dependent splicing regulation by TDP-43,979789018179022114,TDP43_Hs_Brain_Ctrl_High_20091102,false,CLIP,"{'id': 'Hs', 'name': 'Human'}",21358640,ERX016992_ERR039847.fastq.gz,,Control High,ERR039847,iCLIP,NNCGNNCGA,,MRC LMB Cambridge,Jernej Ule,"Rabbit-anti TDP-43 (Proteintech, 10782-2-AP)",TARDBP,,,,,,James Tollervey,,Illumina GA2,,Temporal Cortex,,,,GA,,
956754001085781585,Characterizing the RNA targets and position-dependent splicing regulation by TDP-43,116792355203143786,TDP43_Hs_Brain_FTLD_21_20090724,false,CLIP,"{'id': 'Hs', 'name': 'Human'}",21358640,ERX016992_ERR039845.fastq.gz,,FTLD,ERR039845,iCLIP,GANNN,,MRC LMB Cambridge,Jernej Ule,"Rabbit-anti TDP-43 (Proteintech, 10782-2-AP)",TARDBP,,,,,,James Tollervey,,Illumina GA2,,Temporal Cortex,,,,AT,,
523943332699993118,RBP ENCODE Data,909912378997131056,TARDBP_HepG2_1,false,CLIP,"{'id': 'Hs', 'name': 'Human'}",,ENCFF137LSG.fastq.gz,Experiment date released: 2022-01-11; Audit notes: ; Run type: single-ended,,,seCLIP,NNNNNNNNNN,GSM8693811,ENCODE,Gene Yeo,,TARDBP,,,,,,Gene Yeo,,Illumina HiSeq 2500,,HepG2,,,,,,
940990141889284041,Exon Junction Complex Shapes the Transcriptome by Repressing Recursive Splicing,763358239212947902,Prpf8 siEIF4A3 1,false,CLIP,"{'id': 'Hs', 'name': 'Human'}",30388411,ERR2822471.cleaned.fastq.gz,,,ERR2822471,iCLIP,NNNNGGGGNNN,,,Jernej Ule,Rabbit anti-PRPF8 Antibody Bethyl (A303-922A),Prpf8,,,,,,Rupert Faraway,,Illumina HiSeq 4000,,Hela,,,,,,
956754001085781585,Characterizing the RNA targets and position-dependent splicing regulation by TDP-43,180282517883593121,TDP43_Hs_Brain_Ctrl_25_20090724,false,CLIP,"{'id': 'Hs', 'name': 'Human'}",21358640,ERX016992_ERR039842.fastq.gz,,Control,ERR039842,iCLIP,TGNNN,,MRC LMB Cambridge,Jernej Ule,"Rabbit-anti TDP-43 (Proteintech, 10782-2-AP)",TARDBP,,,,,,James Tollervey,,Illumina GA2,,Temporal Cortex,,,,GA,,
940990141889284041,Exon Junction Complex Shapes the Transcriptome by Repressing Recursive Splicing,753185931730012497,Prpf8 siControl 4,false,CLIP,"{'id': 'Hs', 'name': 'Human'}",30388411,ERR2822470.cleaned.fastq.gz,,,ERR2822470,iCLIP,NNNNGGGGNNN,,,Jernej Ule,Rabbit anti-PRPF8 Antibody Bethyl (A303-922A),Prpf8,,,,,,Rupert Faraway,,Illumina HiSeq 4000,,Hela,,,,,,
940990141889284041,Exon Junction Complex Shapes the Transcriptome by Repressing Recursive Splicing,462821497531253143,Prpf8 siEIF4A3 3,false,CLIP,"{'id': 'Hs', 'name': 'Human'}",30388411,ERR2822473.cleaned.fastq.gz,,,ERR2822473,iCLIP,NNNNGGGGNNN,,,Jernej Ule,Rabbit anti-PRPF8 Antibody Bethyl (A303-922A),Prpf8,,,,,,Rupert Faraway,,Illumina HiSeq 4000,,Hela,,,,,,
940990141889284041,Exon Junction Complex Shapes the Transcriptome by Repressing Recursive Splicing,655903090742940380,Prpf8 siEIF4A3 2,false,CLIP,"{'id': 'Hs', 'name': 'Human'}",30388411,ERR2822472.cleaned.fastq.gz,,,ERR2822472,iCLIP,NNNNGGGGNNN,,,Jernej Ule,Rabbit anti-PRPF8 Antibody Bethyl (A303-922A),Prpf8,,,,,,Rupert Faraway,,Illumina HiSeq 4000,,Hela,,,,,,
523943332699993118,RBP ENCODE Data,979099524232431424,APEX1_K562_1,false,CLIP,"{'id': 'Hs', 'name': 'Human'}",,ENCFF785OLO.fastq.gz,Experiment date released: 2022-01-11; Audit notes: ; Run type: single-ended,,,seCLIP,NNNNNNNNNN,GSM8693873,ENCODE,Gene Yeo,,APEX1,,,,,,Gene Yeo,,Illumina HiSeq 2000,,K562,,,,,,
956754001085781585,Characterizing the RNA targets and position-dependent splicing regulation by TDP-43,964463694921442338,TDP43_Hs_Brain_Ctrl_30_20090724,false,CLIP,"{'id': 'Hs', 'name': 'Human'}",21358640,ERX016992_ERR039843.fastq.gz,,Control,ERR039843,iCLIP,TGNNN,,MRC LMB Cambridge,Jernej Ule,"Rabbit-anti TDP-43 (Proteintech, 10782-2-AP)",TARDBP,,,,,,James Tollervey,,Illumina GA2,,Temporal Cortex,,,,TG,,
940990141889284041,Exon Junction Complex Shapes the Transcriptome by Repressing Recursive Splicing,790364058554570006,Prpf8 siEIF4A3 4,false,CLIP,"{'id': 'Hs', 'name': 'Human'}",30388411,ERR2822474.cleaned.fastq.gz,,,ERR2822474,iCLIP,NNNNGGGGNNN,,,Jernej Ule,Rabbit anti-PRPF8 Antibody Bethyl (A303-922A),Prpf8,,,,,,Rupert Faraway,,Illumina HiSeq 4000,,Hela,,,,,,
523943332699993118,RBP ENCODE Data,481015651156211182,TARDBP_K562_3,false,CLIP,"{'id': 'Hs', 'name': 'Human'}",,ENCFF673VEJ.fastq.gz,Experiment date released: 2022-01-11; Audit notes: ; Run type: single-ended,,,seCLIP,NNNNNNNNNN,GSM8693854,ENCODE,Gene Yeo,,TARDBP,,,,,,Gene Yeo,,Illumina HiSeq 2500,,K562,,,,,,
523943332699993118,RBP ENCODE Data,794481462786657098,ELAVL1_K562_1,false,CLIP,"{'id': 'Hs', 'name': 'Human'}",,ENCFF786UGT.fastq.gz,Experiment date released: 2022-01-11; Audit notes: ; Run type: single-ended,,,seCLIP,NNNNNNNNNN,GSM8693602,ENCODE,Gene Yeo,,ELAVL1,,,,,,Gene Yeo,,Illumina HiSeq 2500,,K562,,,,,,
523943332699993118,RBP ENCODE Data,159494890494696781,TARDBP_HepG2_2,false,CLIP,"{'id': 'Hs', 'name': 'Human'}",,ENCFF868WQR.fastq.gz,Experiment date released: 2022-01-11; Audit notes: ; Run type: single-ended,,,seCLIP,NNNNNNNNNN,GSM8693810,ENCODE,Gene Yeo,,TARDBP,,,,,,Gene Yeo,,Illumina HiSeq 2500,,HepG2,,,,,,
940990141889284041,Exon Junction Complex Shapes the Transcriptome by Repressing Recursive Splicing,688325104129453095,Prpf8 siControl 1,false,CLIP,"{'id': 'Hs', 'name': 'Human'}",30388411,ERR2822467.cleaned.fastq.gz,,,ERR2822467,iCLIP,NNNNGGGGNNN,,,Jernej Ule,Rabbit anti-PRPF8 Antibody Bethyl (A303-922A),Prpf8,,,,,,Rupert Faraway,,Illumina HiSeq 4000,,Hela,,,,,,
523943332699993118,RBP ENCODE Data,616120368563414350,ADAT1_K562_2,false,CLIP,"{'id': 'Hs', 'name': 'Human'}",,ENCFF306CFO.fastq.gz,Experiment date released: 2022-01-11; Audit notes: ; Run type: single-ended,,,seCLIP,NNNNNNNNNN,GSM8693884,ENCODE,Gene Yeo,,ADAT1,,,,,,Gene Yeo,,Illumina HiSeq 2500,,K562,,,,,,
523943332699993118,RBP ENCODE Data,757979349466975590,ELAC2_K562_1,false,CLIP,"{'id': 'Hs', 'name': 'Human'}",,ENCFF893MRC.fastq.gz,Experiment date released: 2022-01-11; Audit notes: ; Run type: single-ended,,,seCLIP,NNNNNNNNNN,GSM8694390,ENCODE,Gene Yeo,,ELAC2,,,,,,Gene Yeo,,Illumina HiSeq 2500,,K562,,,,,,
940990141889284041,Exon Junction Complex Shapes the Transcriptome by Repressing Recursive Splicing,207149569990047997,Prpf8 siControl 3,false,CLIP,"{'id': 'Hs', 'name': 'Human'}",30388411,ERR2822469.cleaned.fastq.gz,,,ERR2822469,iCLIP,NNNNGGGGNNN,,,Jernej Ule,Rabbit anti-PRPF8 Antibody Bethyl (A303-922A),Prpf8,,,,,,Rupert Faraway,,Illumina HiSeq 4000,,Hela,,,,,,
940990141889284041,Exon Junction Complex Shapes the Transcriptome by Repressing Recursive Splicing,190030711911071711,Prpf8 siControl 2,false,CLIP,"{'id': 'Hs', 'name': 'Human'}",30388411,ERR2822468.cleaned.fastq.gz,,,ERR2822468,iCLIP,NNNNGGGGNNN,,,Jernej Ule,Rabbit anti-PRPF8 Antibody Bethyl (A303-922A),Prpf8,,,,,,Rupert Faraway,,Illumina HiSeq 4000,,Hela,,,,,,
523943332699993118,RBP ENCODE Data,724884979063391216,FXR1_K562_4,false,CLIP,"{'id': 'Hs', 'name': 'Human'}",,ENCFF104LHO.fastq.gz,Experiment date released: 2022-01-11; Audit notes: ; Run type: single-ended,,,seCLIP,NNNNNNNNNN,GSM8693863,ENCODE,Gene Yeo,,FXR1,,,,,,Gene Yeo,,Illumina HiSeq 2000,,K562,,,,,,
523943332699993118,RBP ENCODE Data,106802291674854520,EEF2_K562_2,false,CLIP,"{'id': 'Hs', 'name': 'Human'}",,ENCFF928PQT.fastq.gz,Experiment date released: 2022-01-11; Audit notes: ; Run type: single-ended,,,seCLIP,NNNNNNNNNN,GSM8693529,ENCODE,Gene Yeo,,EEF2,,,,,,Gene Yeo,,Illumina HiSeq 2500,,K562,,,,,,
956754001085781585,Characterizing the RNA targets and position-dependent splicing regulation by TDP-43,384342826125430105,TDP43_Hs_Brain_FTLD_20_20090724,false,CLIP,"{'id': 'Hs', 'name': 'Human'}",21358640,ERX016992_ERR039844.fastq.gz,,FTLD,ERR039844,iCLIP,CANNN,,MRC LMB Cambridge,Jernej Ule,"Rabbit-anti TDP-43 (Proteintech, 10782-2-AP)",TARDBP,,,,,,James Tollervey,,Illumina GA2,,Temporal Cortex,,,,CC,,
523943332699993118,RBP ENCODE Data,453262526862090914,SRSF1_K562_3,false,CLIP,"{'id': 'Hs', 'name': 'Human'}",,ENCFF512IIH.fastq.gz,Experiment date released: 2022-01-11; Audit notes: ; Run type: single-ended,,,seCLIP,NNNNNNNNNN,GSM8693946,ENCODE,Gene Yeo,,SRSF1,,,,,,Gene Yeo,,Illumina HiSeq 2500,,K562,,,,,,
523943332699993118,RBP ENCODE Data,185718804938193417,EIF4E_K562_2,false,CLIP,"{'id': 'Hs', 'name': 'Human'}",,ENCFF497YEF.fastq.gz,Experiment date released: 2022-01-11; Audit notes: ; Run type: single-ended,,,seCLIP,NNNNNNNNNN,GSM8694107,ENCODE,Gene Yeo,,EIF4E,,,,,,Gene Yeo,,Illumina HiSeq 2500,,K562,,,,,,
523943332699993118,RBP ENCODE Data,649622119700244117,APEX1_K562_2,false,CLIP,"{'id': 'Hs', 'name': 'Human'}",,ENCFF495VVD.fastq.gz,Experiment date released: 2022-01-11; Audit notes: ; Run type: single-ended,,,seCLIP,NNNNNNNNNN,GSM8693874,ENCODE,Gene Yeo,,APEX1,,,,,,Gene Yeo,,Illumina HiSeq 2000,,K562,,,,,,
523943332699993118,RBP ENCODE Data,601525804742426752,GARS_K562_2,false,CLIP,"{'id': 'Hs', 'name': 'Human'}",,ENCFF432GIZ.fastq.gz,Experiment date released: 2022-01-11; Audit notes: ; Run type: single-ended,,,seCLIP,NNNNNNNNNN,GSM8693819,ENCODE,Gene Yeo,,GARS1,,,,,,Gene Yeo,,Illumina HiSeq 2500,,K562,,,,,,
523943332699993118,RBP ENCODE Data,265999757461730486,ELAVL1_K562_2,false,CLIP,"{'id': 'Hs', 'name': 'Human'}",,ENCFF452ZWM.fastq.gz,Experiment date released: 2022-01-11; Audit notes: ; Run type: single-ended,,,seCLIP,NNNNNNNNNN,GSM8693603,ENCODE,Gene Yeo,,ELAVL1,,,,,,Gene Yeo,,Illumina HiSeq 2500,,K562,,,,,,
523943332699993118,RBP ENCODE Data,759987485978918605,EXOSC10_K562_2,false,CLIP,"{'id': 'Hs', 'name': 'Human'}",,ENCFF538WWX.fastq.gz,Experiment date released: 2022-01-11; Audit notes: ; Run type: single-ended,,,seCLIP,NNNNNNNNNN,GSM8693922,ENCODE,Gene Yeo,,EXOSC10,,,,,,Gene Yeo,,Illumina HiSeq 2500,,K562,,,,,,
523943332699993118,RBP ENCODE Data,691725982178605640,MBNL1_K562_1,false,CLIP,"{'id': 'Hs', 'name': 'Human'}",,ENCFF508CMO.fastq.gz,Experiment date released: 2022-01-11; Audit notes: ; Run type: single-ended,,,seCLIP,NNNNNNNNNN,GSM8693891,ENCODE,Gene Yeo,,MBNL1,,,,,,Gene Yeo,,Illumina HiSeq 2500,,K562,,,,,,
523943332699993118,RBP ENCODE Data,936858591131913057,SRSF1_K562_4,false,CLIP,"{'id': 'Hs', 'name': 'Human'}",,ENCFF882KLC.fastq.gz,Experiment date released: 2022-01-11; Audit notes: ; Run type: single-ended,,,seCLIP,NNNNNNNNNN,GSM8693947,ENCODE,Gene Yeo,,SRSF1,,,,,,Gene Yeo,,Illumina HiSeq 2500,,K562,,,,,,
523943332699993118,RBP ENCODE Data,114636935081649075,GARS_K562_1,false,CLIP,"{'id': 'Hs', 'name': 'Human'}",,ENCFF530TJP.fastq.gz,Experiment date released: 2022-01-11; Audit notes: ; Run type: single-ended,,,seCLIP,NNNNNNNNNN,GSM8693820,ENCODE,Gene Yeo,,GARS1,,,,,,Gene Yeo,,Illumina HiSeq 2500,,K562,,,,,,
523943332699993118,RBP ENCODE Data,592408937365805144,HNRNPK_K562_3,false,CLIP,"{'id': 'Hs', 'name': 'Human'}",,ENCFF244ZIB.fastq.gz,Experiment date released: 2022-01-11; Audit notes: ; Run type: single-ended,,,seCLIP,NNNNNNNNNN,GSM8694388,ENCODE,Gene Yeo,,HNRNPK,,,,,,Gene Yeo,,Illumina HiSeq 2500,,K562,,,,,,
523943332699993118,RBP ENCODE Data,798774575066207677,RPS10_K562_2,false,CLIP,"{'id': 'Hs', 'name': 'Human'}",,ENCFF101IFB.fastq.gz,Experiment date released: 2022-01-11; Audit notes: ; Run type: single-ended,,,seCLIP,NNNNNNNNNN,GSM8694371,ENCODE,Gene Yeo,,RPS10,,,,,,Gene Yeo,,Illumina HiSeq 2500,,K562,,,,,,
523943332699993118,RBP ENCODE Data,930265599115752079,TARDBP_K562_4,false,CLIP,"{'id': 'Hs', 'name': 'Human'}",,ENCFF679SNJ.fastq.gz,Experiment date released: 2022-01-11; Audit notes: ; Run type: single-ended,,,seCLIP,NNNNNNNNNN,GSM8693853,ENCODE,Gene Yeo,,TARDBP,,,,,,Gene Yeo,,Illumina HiSeq 2500,,K562,,,,,,
523943332699993118,RBP ENCODE Data,817684610719776210,DDX43_K562_2,false,CLIP,"{'id': 'Hs', 'name': 'Human'}",,ENCFF338ZLQ.fastq.gz,Experiment date released: 2022-01-11; Audit notes: ; Run type: single-ended,,,seCLIP,NNNNNNNNNN,GSM8693531,ENCODE,Gene Yeo,,DDX43,,,,,,Gene Yeo,,Illumina HiSeq 2500,,K562,,,,,,
523943332699993118,RBP ENCODE Data,537714404113969845,SRSF9_K562_1,false,CLIP,"{'id': 'Hs', 'name': 'Human'}",,ENCFF826EHK.fastq.gz,Experiment date released: 2022-01-11; Audit notes: ; Run type: single-ended,,,seCLIP,NNNNNNNNNN,GSM8694065,ENCODE,Gene Yeo,,SRSF9,,,,,,Gene Yeo,,Illumina HiSeq 2500,,K562,,,,,,
523943332699993118,RBP ENCODE Data,231302831639734947,ADAT1_K562_1,false,CLIP,"{'id': 'Hs', 'name': 'Human'}",,ENCFF139SOX.fastq.gz,Experiment date released: 2022-01-11; Audit notes: ; Run type: single-ended,,,seCLIP,NNNNNNNNNN,GSM8693883,ENCODE,Gene Yeo,,ADAT1,,,,,,Gene Yeo,,Illumina HiSeq 2500,,K562,,,,,,
523943332699993118,RBP ENCODE Data,708658768240708461,METTL1_K562_1,false,CLIP,"{'id': 'Hs', 'name': 'Human'}",,ENCFF924RUW.fastq.gz,Experiment date released: 2022-01-11; Audit notes: ; Run type: single-ended,,,seCLIP,NNNNNNNNNN,GSM8693893,ENCODE,Gene Yeo,,METTL1,,,,,,Gene Yeo,,Illumina HiSeq 2500,,K562,,,,,,
523943332699993118,RBP ENCODE Data,539740805356327087,EEF2_K562_1,false,CLIP,"{'id': 'Hs', 'name': 'Human'}",,ENCFF930FVO.fastq.gz,Experiment date released: 2022-01-11; Audit notes: ; Run type: single-ended,,,seCLIP,NNNNNNNNNN,GSM8693528,ENCODE,Gene Yeo,,EEF2,,,,,,Gene Yeo,,Illumina HiSeq 2500,,K562,,,,,,
523943332699993118,RBP ENCODE Data,346528842371237179,FXR2_K562_4,false,CLIP,"{'id': 'Hs', 'name': 'Human'}",,ENCFF581HLQ.fastq.gz,Experiment date released: 2022-01-11; Audit notes: ; Run type: single-ended,,,seCLIP,NNNNNNNNNN,GSM8693917,ENCODE,Gene Yeo,,FXR2,,,,,,Gene Yeo,,Illumina HiSeq 2500,,K562,,,,,,
523943332699993118,RBP ENCODE Data,795641150010772007,METTL1_K562_2,false,CLIP,"{'id': 'Hs', 'name': 'Human'}",,ENCFF459PMF.fastq.gz,Experiment date released: 2022-01-11; Audit notes: ; Run type: single-ended,,,seCLIP,NNNNNNNNNN,GSM8693892,ENCODE,Gene Yeo,,METTL1,,,,,,Gene Yeo,,Illumina HiSeq 2500,,K562,,,,,,
523943332699993118,RBP ENCODE Data,460994973188850695,HNRNPK_K562_4,false,CLIP,"{'id': 'Hs', 'name': 'Human'}",,ENCFF935EPG.fastq.gz,Experiment date released: 2022-01-11; Audit notes: ; Run type: single-ended,,,seCLIP,NNNNNNNNNN,GSM8694387,ENCODE,Gene Yeo,,HNRNPK,,,,,,Gene Yeo,,Illumina HiSeq 2500,,K562,,,,,,
523943332699993118,RBP ENCODE Data,684455607592558212,SRSF9_K562_2,false,CLIP,"{'id': 'Hs', 'name': 'Human'}",,ENCFF460RIG.fastq.gz,Experiment date released: 2022-01-11; Audit notes: ; Run type: single-ended,,,seCLIP,NNNNNNNNNN,GSM8694064,ENCODE,Gene Yeo,,SRSF9,,,,,,Gene Yeo,,Illumina HiSeq 2500,,K562,,,,,,
523943332699993118,RBP ENCODE Data,235466157552420529,ELAC2_K562_2,false,CLIP,"{'id': 'Hs', 'name': 'Human'}",,ENCFF908GRB.fastq.gz,Experiment date released: 2022-01-11; Audit notes: ; Run type: single-ended,,,seCLIP,NNNNNNNNNN,GSM8694389,ENCODE,Gene Yeo,,ELAC2,,,,,,Gene Yeo,,Illumina HiSeq 2500,,K562,,,,,,
523943332699993118,RBP ENCODE Data,255760226753496387,MBNL1_K562_2,false,CLIP,"{'id': 'Hs', 'name': 'Human'}",,ENCFF287XKI.fastq.gz,Experiment date released: 2022-01-11; Audit notes: ; Run type: single-ended,,,seCLIP,NNNNNNNNNN,GSM8693890,ENCODE,Gene Yeo,,MBNL1,,,,,,Gene Yeo,,Illumina HiSeq 2500,,K562,,,,,,
523943332699993118,RBP ENCODE Data,294457901140136078,RYBP_K562_2,false,CLIP,"{'id': 'Hs', 'name': 'Human'}",,ENCFF264WXA.fastq.gz,Experiment date released: 2022-01-11; Audit notes: ; Run type: single-ended,,,seCLIP,NNNNNNNNNN,GSM8693790,ENCODE,Gene Yeo,,RYBP,,,,,,Gene Yeo,,Illumina HiSeq 2500,,K562,,,,,,
523943332699993118,RBP ENCODE Data,925699395026244308,FMR1_K562_4,false,CLIP,"{'id': 'Hs', 'name': 'Human'}",,ENCFF491YJX.fastq.gz,Experiment date released: 2022-01-11; Audit notes: ; Run type: single-ended,,,seCLIP,NNNNNNNNNN,GSM8693955,ENCODE,Gene Yeo,,FMR1,,,,,,Gene Yeo,,Illumina HiSeq 2000,,K562,,,,,,
523943332699993118,RBP ENCODE Data,260582023002611264,MORC2_K562_1,false,CLIP,"{'id': 'Hs', 'name': 'Human'}",,ENCFF470SFI.fastq.gz,Experiment date released: 2022-01-11; Audit notes: ; Run type: single-ended,,,seCLIP,NNNNNNNNNN,GSM8693776,ENCODE,Gene Yeo,,MORC2,,,,,,Gene Yeo,,Illumina HiSeq 2500,,K562,,,,,,
523943332699993118,RBP ENCODE Data,545630119968162556,FXR1_K562_3,false,CLIP,"{'id': 'Hs', 'name': 'Human'}",,ENCFF074ODK.fastq.gz,Experiment date released: 2022-01-11; Audit notes: ; Run type: single-ended,,,seCLIP,NNNNNNNNNN,GSM8693862,ENCODE,Gene Yeo,,FXR1,,,,,,Gene Yeo,,Illumina HiSeq 2000,,K562,,,,,,
341407864238841460,A systems view of spliceosomal assembly and branchpoints with iCLIP,943738963419870490,SNRPB_Hs_K562_normalLysis_2_20190213,false,CLIP,"{'id': 'Hs', 'name': 'Human'}",31570875,ERR3450327.cleaned.fastq.gz,,medium lysis,ERR3450327,iCLIP,NNNNNNN,,"Department for Neuromuscular Diseases, UCL",Jernej Ule,"anti-SmB/B′ 12F5 (S0698, Sigma-Aldrich)",SNRPB,,,,,,Michael Briese,,HiSeq 4000,,K562,,,,,,
523943332699993118,RBP ENCODE Data,253406259911268967,FMR1_K562_3,false,CLIP,"{'id': 'Hs', 'name': 'Human'}",,ENCFF348IRX.fastq.gz,Experiment date released: 2022-01-11; Audit notes: ; Run type: single-ended,,,seCLIP,NNNNNNNNNN,GSM8693956,ENCODE,Gene Yeo,,FMR1,,,,,,Gene Yeo,,Illumina HiSeq 2000,,K562,,,,,,
523943332699993118,RBP ENCODE Data,381856151783031300,RYBP_K562_1,false,CLIP,"{'id': 'Hs', 'name': 'Human'}",,ENCFF604OCB.fastq.gz,Experiment date released: 2022-01-11; Audit notes: ; Run type: single-ended,,,seCLIP,NNNNNNNNNN,GSM8693791,ENCODE,Gene Yeo,,RYBP,,,,,,Gene Yeo,,Illumina HiSeq 2500,,K562,,,,,,
523943332699993118,RBP ENCODE Data,488422483546212983,FXR2_K562_3,false,CLIP,"{'id': 'Hs', 'name': 'Human'}",,ENCFF232ODO.fastq.gz,Experiment date released: 2022-01-11; Audit notes: ; Run type: single-ended,,,seCLIP,NNNNNNNNNN,GSM8693918,ENCODE,Gene Yeo,,FXR2,,,,,,Gene Yeo,,Illumina HiSeq 2500,,K562,,,,,,
523943332699993118,RBP ENCODE Data,544950555431233589,MORC2_K562_2,false,CLIP,"{'id': 'Hs', 'name': 'Human'}",,ENCFF456NCY.fastq.gz,Experiment date released: 2022-01-11; Audit notes: ; Run type: single-ended,,,seCLIP,NNNNNNNNNN,GSM8693775,ENCODE,Gene Yeo,,MORC2,,,,,,Gene Yeo,,Illumina HiSeq 2500,,K562,,,,,,
523943332699993118,RBP ENCODE Data,584119614284154080,DDX43_K562_1,false,CLIP,"{'id': 'Hs', 'name': 'Human'}",,ENCFF884KLU.fastq.gz,Experiment date released: 2022-01-11; Audit notes: ; Run type: single-ended,,,seCLIP,NNNNNNNNNN,GSM8693530,ENCODE,Gene Yeo,,DDX43,,,,,,Gene Yeo,,Illumina HiSeq 2500,,K562,,,,,,
523943332699993118,RBP ENCODE Data,480069966160330577,FXR1_K562_2,false,CLIP,"{'id': 'Hs', 'name': 'Human'}",,ENCFF956CKP.fastq.gz,"Experiment date released: 2016-03-22; Audit notes: mixed read lengths: Biological replicate 1 in experiment {ENCSR774RFN|/experiments/ENCSR774RFN/} has mixed sequencing read lengths {45, 39}.; mixed read lengths: Biological replicate 2 in experiment {ENCSR774RFN|/experiments/ENCSR774RFN/} has mixed sequencing read lengths {45, 39}.; mixed read lengths: Biological replicate 1 in experiment {ENCSR774RFN|/experiments/ENCSR774RFN/} has sequencing read lengths [45, 39]  that differ from replicate 2, which has [45, 39] sequencing read lengths.; mismatched status: Released experiment {ENCSR774RFN|/experiments/ENCSR774RFN/} has archived subobject analysis {ENCAN702VMA|/analyses/ENCAN702VMA/}; Run type: paired-ended",,,eCLIP,NNNNNNNNNN,GSM2423958,ENCODE,Gene Yeo,,FXR1,,,,,,Gene Yeo,,Illumina HiSeq 4000,,K562,,,,,,
523943332699993118,RBP ENCODE Data,592802012398735414,RPS10_K562_1,false,CLIP,"{'id': 'Hs', 'name': 'Human'}",,ENCFF136QXT.fastq.gz,Experiment date released: 2022-01-11; Audit notes: ; Run type: single-ended,,,seCLIP,NNNNNNNNNN,GSM8694370,ENCODE,Gene Yeo,,RPS10,,,,,,Gene Yeo,,Illumina HiSeq 2500,,K562,,,,,,
523943332699993118,RBP ENCODE Data,994434730071794842,EIF4E_K562_1,false,CLIP,"{'id': 'Hs', 'name': 'Human'}",,ENCFF230YKJ.fastq.gz,Experiment date released: 2022-01-11; Audit notes: ; Run type: single-ended,,,seCLIP,NNNNNNNNNN,GSM8694108,ENCODE,Gene Yeo,,EIF4E,,,,,,Gene Yeo,,Illumina HiSeq 2500,,K562,,,,,,
523943332699993118,RBP ENCODE Data,495365357868387202,FMR1_K562_1,false,CLIP,"{'id': 'Hs', 'name': 'Human'}",,ENCFF111LIY.fastq.gz,"Experiment date released: 2016-03-22; Audit notes: mixed read lengths: Biological replicate 1 in experiment {ENCSR331VNX|/experiments/ENCSR331VNX/} has mixed sequencing read lengths {45, 39}.; mixed read lengths: Biological replicate 2 in experiment {ENCSR331VNX|/experiments/ENCSR331VNX/} has mixed sequencing read lengths {45, 39}.; mixed read lengths: Biological replicate 1 in experiment {ENCSR331VNX|/experiments/ENCSR331VNX/} has sequencing read lengths [45, 39]  that differ from replicate 2, which has [45, 39] sequencing read lengths.; mismatched status: Released experiment {ENCSR331VNX|/experiments/ENCSR331VNX/} has archived subobject analysis {ENCAN095KVO|/analyses/ENCAN095KVO/}; Run type: paired-ended",,,eCLIP,NNNNNNNNNN,GSM2423325,ENCODE,Gene Yeo,,FMR1,,,,,,Gene Yeo,,Illumina HiSeq 4000,,K562,,,,,,
523943332699993118,RBP ENCODE Data,858526220640808412,TAF15_K562_2,false,CLIP,"{'id': 'Hs', 'name': 'Human'}",,ENCFF915ATC.fastq.gz,Experiment date released: 2015-11-09; Audit notes: mixed read lengths,,,eCLIP,NNNNNNNNNN,GSM2423684,ENCODE,Gene Yeo,,TAF15,,,,,,Gene Yeo,,Illumina HiSeq 2000,,K562,,,,,,
523943332699993118,RBP ENCODE Data,298942096585497043,NSUN2_HepG2_1,false,CLIP,"{'id': 'Hs', 'name': 'Human'}",,ENCFF311FHF.fastq.gz,Experiment date released: 2022-01-11; Audit notes: ; Run type: single-ended,,,seCLIP,NNNNNNNNNN,GSM8694061,ENCODE,Gene Yeo,,NSUN2,,,,,,Gene Yeo,,Illumina HiSeq 2500,,HepG2,,,,,,
523943332699993118,RBP ENCODE Data,761583649701331027,FMR1_K562_2,false,CLIP,"{'id': 'Hs', 'name': 'Human'}",,ENCFF217LJP.fastq.gz,"Experiment date released: 2016-03-22; Audit notes: mixed read lengths: Biological replicate 1 in experiment {ENCSR331VNX|/experiments/ENCSR331VNX/} has mixed sequencing read lengths {45, 39}.; mixed read lengths: Biological replicate 2 in experiment {ENCSR331VNX|/experiments/ENCSR331VNX/} has mixed sequencing read lengths {45, 39}.; mixed read lengths: Biological replicate 1 in experiment {ENCSR331VNX|/experiments/ENCSR331VNX/} has sequencing read lengths [45, 39]  that differ from replicate 2, which has [45, 39] sequencing read lengths.; mismatched status: Released experiment {ENCSR331VNX|/experiments/ENCSR331VNX/} has archived subobject analysis {ENCAN095KVO|/analyses/ENCAN095KVO/}; Run type: paired-ended",,,eCLIP,NNNNNNNNNN,GSM2423326,ENCODE,Gene Yeo,,FMR1,,,,,,Gene Yeo,,Illumina HiSeq 4000,,K562,,,,,,
523943332699993118,RBP ENCODE Data,262705511129627840,DDX1_K562_1,false,CLIP,"{'id': 'Hs', 'name': 'Human'}",,ENCFF926UWX.fastq.gz,Experiment date released: 2022-01-11; Audit notes: ; Run type: single-ended,,,seCLIP,NNNNNNNNNN,GSM8693915,ENCODE,Gene Yeo,,DDX1,,,,,,Gene Yeo,,Illumina HiSeq 2500,,K562,,,,,,
523943332699993118,RBP ENCODE Data,749345862935612923,HNRNPK_K562_2,false,CLIP,"{'id': 'Hs', 'name': 'Human'}",,ENCFF169OLG.fastq.gz,"Experiment date released: 2016-03-22; Audit notes: mixed read lengths: Biological replicate 2 in experiment {ENCSR268ETU|/experiments/ENCSR268ETU/} has mixed sequencing read lengths {45, 39}.; mixed read lengths: Biological replicate 1 in experiment {ENCSR268ETU|/experiments/ENCSR268ETU/} has mixed sequencing read lengths {45, 39}.; mixed read lengths: Biological replicate 2 in experiment {ENCSR268ETU|/experiments/ENCSR268ETU/} has sequencing read lengths [45, 39]  that differ from replicate 1, which has [45, 39] sequencing read lengths.; mismatched status: Released experiment {ENCSR268ETU|/experiments/ENCSR268ETU/} has archived subobject analysis {ENCAN839MHJ|/analyses/ENCAN839MHJ/}; Run type: paired-ended",,,eCLIP,NNNNNNNNNN,GSM2423242,ENCODE,Gene Yeo,,HNRNPK,,,,,,Gene Yeo,,Illumina HiSeq 4000,,K562,,,,,,
523943332699993118,RBP ENCODE Data,970682564606658775,RNF187_K562_1,false,CLIP,"{'id': 'Hs', 'name': 'Human'}",,ENCFF690HVR.fastq.gz,Experiment date released: 2022-01-11; Audit notes: ; Run type: single-ended,,,seCLIP,NNNNNNNNNN,GSM8693716,ENCODE,Gene Yeo,,RNF187,,,,,,Gene Yeo,,Illumina HiSeq 2500,,K562,,,,,,
523943332699993118,RBP ENCODE Data,448711299596346369,DDX47_K562_1,false,CLIP,"{'id': 'Hs', 'name': 'Human'}",,ENCFF418BKS.fastq.gz,Experiment date released: 2022-01-11; Audit notes: ; Run type: single-ended,,,seCLIP,NNNNNNNNNN,GSM8694105,ENCODE,Gene Yeo,,DDX47,,,,,,Gene Yeo,,Illumina HiSeq 2500,,K562,,,,,,
523943332699993118,RBP ENCODE Data,928442761970040938,RNF187_K562_2,false,CLIP,"{'id': 'Hs', 'name': 'Human'}",,ENCFF468HAG.fastq.gz,Experiment date released: 2022-01-11; Audit notes: ; Run type: single-ended,,,seCLIP,NNNNNNNNNN,GSM8693717,ENCODE,Gene Yeo,,RNF187,,,,,,Gene Yeo,,Illumina HiSeq 2500,,K562,,,,,,
523943332699993118,RBP ENCODE Data,483012451811197213,TARDBP_K562_2,false,CLIP,"{'id': 'Hs', 'name': 'Human'}",,ENCFF218BOC.fastq.gz,Experiment date released: 2016-03-22; Audit notes: mismatched status: Released experiment {ENCSR584TCR|/experiments/ENCSR584TCR/} has archived subobject analysis {ENCAN254DIQ|/analyses/ENCAN254DIQ/}; Run type: paired-ended,,,eCLIP,NNNNNNNNNN,GSM2423708,ENCODE,Gene Yeo,,TARDBP,,,,,,Gene Yeo,,Illumina HiSeq 4000,,K562,,,,,,
523943332699993118,RBP ENCODE Data,746223832998931922,NSUN2_HepG2_2,false,CLIP,"{'id': 'Hs', 'name': 'Human'}",,ENCFF143ZYE.fastq.gz,Experiment date released: 2022-01-11; Audit notes: ; Run type: single-ended,,,seCLIP,NNNNNNNNNN,GSM8694062,ENCODE,Gene Yeo,,NSUN2,,,,,,Gene Yeo,,Illumina HiSeq 2500,,HepG2,,,,,,
523943332699993118,RBP ENCODE Data,279270407389583341,TARDBP_K562_1,false,CLIP,"{'id': 'Hs', 'name': 'Human'}",,ENCFF147JYD.fastq.gz,Experiment date released: 2016-03-22; Audit notes: mismatched status: Released experiment {ENCSR584TCR|/experiments/ENCSR584TCR/} has archived subobject analysis {ENCAN254DIQ|/analyses/ENCAN254DIQ/}; Run type: paired-ended,,,eCLIP,NNNNNNNNNN,GSM2423707,ENCODE,Gene Yeo,,TARDBP,,,,,,Gene Yeo,,Illumina HiSeq 4000,,K562,,,,,,
523943332699993118,RBP ENCODE Data,375574687106521223,RPS6_K562_1,false,CLIP,"{'id': 'Hs', 'name': 'Human'}",,ENCFF182GNB.fastq.gz,Experiment date released: 2022-01-11; Audit notes: ; Run type: single-ended,,,seCLIP,NNNNNNNNNN,GSM8693665,ENCODE,Gene Yeo,,RPS6,,,,,,Gene Yeo,,Illumina HiSeq 2500,,K562,,,,,,
523943332699993118,RBP ENCODE Data,461654973241458945,HNRNPK_K562_1,false,CLIP,"{'id': 'Hs', 'name': 'Human'}",,ENCFF900FEK.fastq.gz,"Experiment date released: 2016-03-22; Audit notes: mixed read lengths: Biological replicate 2 in experiment {ENCSR268ETU|/experiments/ENCSR268ETU/} has mixed sequencing read lengths {45, 39}.; mixed read lengths: Biological replicate 1 in experiment {ENCSR268ETU|/experiments/ENCSR268ETU/} has mixed sequencing read lengths {45, 39}.; mixed read lengths: Biological replicate 2 in experiment {ENCSR268ETU|/experiments/ENCSR268ETU/} has sequencing read lengths [45, 39]  that differ from replicate 1, which has [45, 39] sequencing read lengths.; mismatched status: Released experiment {ENCSR268ETU|/experiments/ENCSR268ETU/} has archived subobject analysis {ENCAN839MHJ|/analyses/ENCAN839MHJ/}; Run type: paired-ended",,,eCLIP,NNNNNNNNNN,GSM2423241,ENCODE,Gene Yeo,,HNRNPK,,,,,,Gene Yeo,,Illumina HiSeq 4000,,K562,,,,,,
523943332699993118,RBP ENCODE Data,110999333415720332,RPS6_K562_2,false,CLIP,"{'id': 'Hs', 'name': 'Human'}",,ENCFF915ASX.fastq.gz,Experiment date released: 2022-01-11; Audit notes: ; Run type: single-ended,,,seCLIP,NNNNNNNNNN,GSM8693664,ENCODE,Gene Yeo,,RPS6,,,,,,Gene Yeo,,Illumina HiSeq 2500,,K562,,,,,,
523943332699993118,RBP ENCODE Data,688010403695837699,DDX1_K562_2,false,CLIP,"{'id': 'Hs', 'name': 'Human'}",,ENCFF507WKA.fastq.gz,Experiment date released: 2022-01-11; Audit notes: ; Run type: single-ended,,,seCLIP,NNNNNNNNNN,GSM8693916,ENCODE,Gene Yeo,,DDX1,,,,,,Gene Yeo,,Illumina HiSeq 2500,,K562,,,,,,
523943332699993118,RBP ENCODE Data,503615301605240001,DDX47_K562_2,false,CLIP,"{'id': 'Hs', 'name': 'Human'}",,ENCFF375INH.fastq.gz,Experiment date released: 2022-01-11; Audit notes: ; Run type: single-ended,,,seCLIP,NNNNNNNNNN,GSM8694106,ENCODE,Gene Yeo,,DDX47,,,,,,Gene Yeo,,Illumina HiSeq 2500,,K562,,,,,,
523943332699993118,RBP ENCODE Data,688387804341644889,FXR1_K562_1,false,CLIP,"{'id': 'Hs', 'name': 'Human'}",,ENCFF205KCE.fastq.gz,"Experiment date released: 2016-03-22; Audit notes: mixed read lengths: Biological replicate 1 in experiment {ENCSR774RFN|/experiments/ENCSR774RFN/} has mixed sequencing read lengths {45, 39}.; mixed read lengths: Biological replicate 2 in experiment {ENCSR774RFN|/experiments/ENCSR774RFN/} has mixed sequencing read lengths {45, 39}.; mixed read lengths: Biological replicate 1 in experiment {ENCSR774RFN|/experiments/ENCSR774RFN/} has sequencing read lengths [45, 39]  that differ from replicate 2, which has [45, 39] sequencing read lengths.; mismatched status: Released experiment {ENCSR774RFN|/experiments/ENCSR774RFN/} has archived subobject analysis {ENCAN702VMA|/analyses/ENCAN702VMA/}; Run type: paired-ended",,,eCLIP,NNNNNNNNNN,GSM2423957,ENCODE,Gene Yeo,,FXR1,,,,,,Gene Yeo,,Illumina HiSeq 4000,,K562,,,,,,
523943332699993118,RBP ENCODE Data,876950519201280046,YBX3_K562_1,false,CLIP,"{'id': 'Hs', 'name': 'Human'}",,ENCFF841ECJ.fastq.gz,Experiment date released: 2016-04-26; Audit notes:,,,eCLIP,NNNNNNNNNN,GSM2423619,ENCODE,Gene Yeo,,YBX3,,,,,,Gene Yeo,,Illumina HiSeq 4000,,K562,,,,,,
523943332699993118,RBP ENCODE Data,182787616428948575,XRCC6_K562_2,false,CLIP,"{'id': 'Hs', 'name': 'Human'}",,ENCFF290QYC.fastq.gz,Experiment date released: 2016-04-26; Audit notes: mixed read lengths,,,eCLIP,NNNNNNNNNN,GSM2423222,ENCODE,Gene Yeo,,XRCC6,,,,,,Gene Yeo,,Illumina HiSeq 4000,,K562,,,,,,
523943332699993118,RBP ENCODE Data,319753158917638735,SF3B4_K562_2,false,CLIP,"{'id': 'Hs', 'name': 'Human'}",,ENCFF900YPE.fastq.gz,Experiment date released: 2016-04-26; Audit notes: mixed read lengths,,,eCLIP,NNNNNNNNNN,GSM2423237,ENCODE,Gene Yeo,,SF3B4,,,,,,Gene Yeo,,Illumina HiSeq 4000,,K562,,,,,,
523943332699993118,RBP ENCODE Data,426861559307627275,TIA1_K562_1,false,CLIP,"{'id': 'Hs', 'name': 'Human'}",,ENCFF820BWG.fastq.gz,Experiment date released: 2016-08-19; Audit notes: mixed read lengths,,,eCLIP,NNNNNNNNNN,GSM2422935,ENCODE,Gene Yeo,,TIA1,,,,,,Gene Yeo,,Illumina HiSeq 4000,,K562,,,,,,
523943332699993118,RBP ENCODE Data,327538246093766949,SRSF9_HepG2_1,false,CLIP,"{'id': 'Hs', 'name': 'Human'}",,ENCFF354DZK.fastq.gz,Experiment date released: 2015-07-15; Audit notes:,,,eCLIP,NNNNNNNNNN,GSM2423953,ENCODE,Gene Yeo,,SRSF9,,,,,,Gene Yeo,,Illumina HiSeq 2000,,HepG2,,,,,,
523943332699993118,RBP ENCODE Data,235407467535326879,SUB1_HepG2_1,false,CLIP,"{'id': 'Hs', 'name': 'Human'}",,ENCFF514SOO.fastq.gz,Experiment date released: 2016-08-19; Audit notes:,,,eCLIP,NNNNNNNNNN,GSM2423439,ENCODE,Gene Yeo,,SUB1,,,,,,Gene Yeo,,Illumina HiSeq 4000,,HepG2,,,,,,
523943332699993118,RBP ENCODE Data,245229685432313755,XRN2_HepG2_1,false,CLIP,"{'id': 'Hs', 'name': 'Human'}",,ENCFF017XXT.fastq.gz,Experiment date released: 2016-04-26; Audit notes:,,,eCLIP,NNNNNNNNNN,GSM2423810,ENCODE,Gene Yeo,,XRN2,,,,,,Gene Yeo,,Illumina HiSeq 4000,,HepG2,,,,,,
523943332699993118,RBP ENCODE Data,135967895895823004,UCHL5_K562_2,false,CLIP,"{'id': 'Hs', 'name': 'Human'}",,ENCFF807WFX.fastq.gz,Experiment date released: 2016-08-19; Audit notes: mixed read lengths,,,eCLIP,NNNNNNNNNN,GSM2423357,ENCODE,Gene Yeo,,UCHL5,,,,,,Gene Yeo,,Illumina HiSeq 4000,,K562,,,,,,
523943332699993118,RBP ENCODE Data,161686600552111130,SRSF9_HepG2_2,false,CLIP,"{'id': 'Hs', 'name': 'Human'}",,ENCFF589NCU.fastq.gz,Experiment date released: 2015-07-15; Audit notes:,,,eCLIP,NNNNNNNNNN,GSM2423954,ENCODE,Gene Yeo,,SRSF9,,,,,,Gene Yeo,,Illumina HiSeq 2000,,HepG2,,,,,,
523943332699993118,RBP ENCODE Data,413770882226928484,SUGP2_HepG2_2,false,CLIP,"{'id': 'Hs', 'name': 'Human'}",,ENCFF358YCG.fastq.gz,Experiment date released: 2016-08-19; Audit notes:,,,eCLIP,NNNNNNNNNN,GSM2423587,ENCODE,Gene Yeo,,SUGP2,,,,,,Gene Yeo,,Illumina HiSeq 4000,,HepG2,,,,,,
523943332699993118,RBP ENCODE Data,542067027701063448,U2AF1_HepG2_2,false,CLIP,"{'id': 'Hs', 'name': 'Human'}",,ENCFF569ESD.fastq.gz,Experiment date released: 2015-11-09; Audit notes: mixed read lengths,,,eCLIP,NNNNNNNNNN,GSM2423317,ENCODE,Gene Yeo,,U2AF1,,,,,,Gene Yeo,,Illumina HiSeq 2000,,HepG2,,,,,,
523943332699993118,RBP ENCODE Data,552798868195596841,U2AF2_HepG2_2,false,CLIP,"{'id': 'Hs', 'name': 'Human'}",,ENCFF440IJI.fastq.gz,Experiment date released: 2015-11-09; Audit notes: mixed read lengths,,,eCLIP,NNNNNNNNNN,GSM2423155,ENCODE,Gene Yeo,,U2AF2,,,,,,Gene Yeo,,Illumina HiSeq 2000,,HepG2,,,,,,
523943332699993118,RBP ENCODE Data,906888139167280618,U2AF2_K562_1,false,CLIP,"{'id': 'Hs', 'name': 'Human'}",,ENCFF886IXX.fastq.gz,Experiment date released: 2015-07-15; Audit notes:,,,eCLIP,NNNNNNNNNN,GSM2424119,ENCODE,Gene Yeo,,U2AF2,,,,,,Gene Yeo,,Illumina HiSeq 2000,,K562,,,,,,
523943332699993118,RBP ENCODE Data,451993793850149853,U2AF1_HepG2_1,false,CLIP,"{'id': 'Hs', 'name': 'Human'}",,ENCFF084CWF.fastq.gz,Experiment date released: 2015-11-09; Audit notes: mixed read lengths,,,eCLIP,NNNNNNNNNN,GSM2423316,ENCODE,Gene Yeo,,U2AF1,,,,,,Gene Yeo,,Illumina HiSeq 2000,,HepG2,,,,,,
523943332699993118,RBP ENCODE Data,976154280760926130,SUGP2_HepG2_1,false,CLIP,"{'id': 'Hs', 'name': 'Human'}",,ENCFF873UBU.fastq.gz,Experiment date released: 2016-08-19; Audit notes:,,,eCLIP,NNNNNNNNNN,GSM2423586,ENCODE,Gene Yeo,,SUGP2,,,,,,Gene Yeo,,Illumina HiSeq 4000,,HepG2,,,,,,
523943332699993118,RBP ENCODE Data,519900964559540935,RBM5_HepG2_2,false,CLIP,"{'id': 'Hs', 'name': 'Human'}",,ENCFF797BGS.fastq.gz,Experiment date released: 2017-08-15; Audit notes:,,,eCLIP,NNNNNNNNNN,GSM5374716,ENCODE,Gene Yeo,,RBM5,,,,,,Gene Yeo,,Illumina HiSeq 4000,,HepG2,,,,,,
523943332699993118,RBP ENCODE Data,848733300020244698,XPO5_HepG2_1,false,CLIP,"{'id': 'Hs', 'name': 'Human'}",,ENCFF865ZYB.fastq.gz,Experiment date released: 2016-08-19; Audit notes:,,,eCLIP,NNNNNNNNNN,GSM2424158,ENCODE,Gene Yeo,,XPO5,,,,,,Gene Yeo,,Illumina HiSeq 4000,,HepG2,,,,,,
523943332699993118,RBP ENCODE Data,331182458201392986,SRSF1_HepG2_1,false,CLIP,"{'id': 'Hs', 'name': 'Human'}",,ENCFF851FZF.fastq.gz,Experiment date released: 2015-11-09; Audit notes:,,,eCLIP,NNNNNNNNNN,GSM2424243,ENCODE,Gene Yeo,,SRSF1,,,,,,Gene Yeo,,Illumina HiSeq 2000,,HepG2,,,,,,
523943332699993118,RBP ENCODE Data,519775715789779401,XRCC6_K562_1,false,CLIP,"{'id': 'Hs', 'name': 'Human'}",,ENCFF830OQL.fastq.gz,Experiment date released: 2016-04-26; Audit notes: mixed read lengths,,,eCLIP,NNNNNNNNNN,GSM2423223,ENCODE,Gene Yeo,,XRCC6,,,,,,Gene Yeo,,Illumina HiSeq 4000,,K562,,,,,,
523943332699993118,RBP ENCODE Data,191562880850296715,SF3B1_K562_1,false,CLIP,"{'id': 'Hs', 'name': 'Human'}",,ENCFF763CZN.fastq.gz,Experiment date released: 2016-10-31; Audit notes:,,,eCLIP,NNNNNNNNNN,GSM2423072,ENCODE,Gene Yeo,,SF3B1,,,,,,Gene Yeo,,Illumina HiSeq 4000,,K562,,,,,,
523943332699993118,RBP ENCODE Data,970340488232509125,SF3B1_K562_2,false,CLIP,"{'id': 'Hs', 'name': 'Human'}",,ENCFF151JUN.fastq.gz,Experiment date released: 2016-10-31; Audit notes:,,,eCLIP,NNNNNNNNNN,GSM2423071,ENCODE,Gene Yeo,,SF3B1,,,,,,Gene Yeo,,Illumina HiSeq 4000,,K562,,,,,,
523943332699993118,RBP ENCODE Data,772689534610345949,TIA1_K562_2,false,CLIP,"{'id': 'Hs', 'name': 'Human'}",,ENCFF710AFX.fastq.gz,Experiment date released: 2016-08-19; Audit notes: mixed read lengths,,,eCLIP,NNNNNNNNNN,GSM2422936,ENCODE,Gene Yeo,,TIA1,,,,,,Gene Yeo,,Illumina HiSeq 4000,,K562,,,,,,
523943332699993118,RBP ENCODE Data,654588298774311593,RBM15_HepG2_1,false,CLIP,"{'id': 'Hs', 'name': 'Human'}",,ENCFF172MCY.fastq.gz,Experiment date released: 2016-04-26; Audit notes:,,,eCLIP,NNNNNNNNNN,GSM2423921,ENCODE,Gene Yeo,,RBM15,,,,,,Gene Yeo,,Illumina HiSeq 4000,,HepG2,,,,,,
523943332699993118,RBP ENCODE Data,519656635270107569,YBX3_K562_2,false,CLIP,"{'id': 'Hs', 'name': 'Human'}",,ENCFF047HLT.fastq.gz,Experiment date released: 2016-04-26; Audit notes:,,,eCLIP,NNNNNNNNNN,GSM2423618,ENCODE,Gene Yeo,,YBX3,,,,,,Gene Yeo,,Illumina HiSeq 4000,,K562,,,,,,
523943332699993118,RBP ENCODE Data,909955581442688780,EXOSC10_K562_1,false,CLIP,"{'id': 'Hs', 'name': 'Human'}",,ENCFF219AFL.fastq.gz,Experiment date released: 2022-01-11; Audit notes: ; Run type: single-ended,,,seCLIP,NNNNNNNNNN,GSM8693923,ENCODE,Gene Yeo,,EXOSC10,,,,,,Gene Yeo,,Illumina HiSeq 2500,,K562,,,,,,
523943332699993118,RBP ENCODE Data,861820425032305291,RBM22_HepG2_2,false,CLIP,"{'id': 'Hs', 'name': 'Human'}",,ENCFF433TMO.fastq.gz,Experiment date released: 2016-04-26; Audit notes:,,,eCLIP,NNNNNNNNNN,GSM2423507,ENCODE,Gene Yeo,,RBM22,,,,,,Gene Yeo,,Illumina HiSeq 4000,,HepG2,,,,,,
523943332699993118,RBP ENCODE Data,982250348486882930,ZRANB2_K562_2,false,CLIP,"{'id': 'Hs', 'name': 'Human'}",,ENCFF681RRF.fastq.gz,Experiment date released: 2016-04-26; Audit notes:,,,eCLIP,NNNNNNNNNN,GSM2423827,ENCODE,Gene Yeo,,ZRANB2,,,,,,Gene Yeo,,Illumina HiSeq 4000,,K562,,,,,,
523943332699993118,RBP ENCODE Data,986122154216283390,SMNDC1_K562_2,false,CLIP,"{'id': 'Hs', 'name': 'Human'}",,ENCFF372GBO.fastq.gz,Experiment date released: 2015-12-16; Audit notes:,,,eCLIP,NNNNNNNNNN,GSM2423822,ENCODE,Gene Yeo,,SMNDC1,,,,,,Gene Yeo,,Illumina HiSeq 2500,,K562,,,,,,
523943332699993118,RBP ENCODE Data,788462315407968425,KHSRP_K562_1,false,CLIP,"{'id': 'Hs', 'name': 'Human'}",,ENCFF973MWU.fastq.gz,Experiment date released: 2015-12-16; Audit notes: mixed read lengths,,,eCLIP,NNNNNNNNNN,GSM2423479,ENCODE,Gene Yeo,,KHSRP,,,,,,Gene Yeo,,Illumina HiSeq 2500,,K562,,,,,,
523943332699993118,RBP ENCODE Data,861435335088145302,RPS3_K562_2,false,CLIP,"{'id': 'Hs', 'name': 'Human'}",,ENCFF544ECV.fastq.gz,Experiment date released: 2017-08-15; Audit notes:,,,eCLIP,NNNNNNNNNN,GSM5369827,ENCODE,Gene Yeo,,RPS3,,,,,,Gene Yeo,,Illumina HiSeq 4000,,K562,,,,,,
523943332699993118,RBP ENCODE Data,402416208699439366,XRN2_HepG2_2,false,CLIP,"{'id': 'Hs', 'name': 'Human'}",,ENCFF184DUX.fastq.gz,Experiment date released: 2016-04-26; Audit notes:,,,eCLIP,NNNNNNNNNN,GSM2423811,ENCODE,Gene Yeo,,XRN2,,,,,,Gene Yeo,,Illumina HiSeq 4000,,HepG2,,,,,,
523943332699993118,RBP ENCODE Data,907389663988498228,ZC3H11A_K562_1,false,CLIP,"{'id': 'Hs', 'name': 'Human'}",,ENCFF730ZZF.fastq.gz,Experiment date released: 2018-04-24; Audit notes:,,,eCLIP,NNNNNNNNNN,GSM5375135,ENCODE,Gene Yeo,,ZC3H11A,,,,,,Gene Yeo,,Illumina HiSeq 4000,,K562,,,,,,
523943332699993118,RBP ENCODE Data,646249605065313992,TBRG4_HepG2_2,false,CLIP,"{'id': 'Hs', 'name': 'Human'}",,ENCFF718RWU.fastq.gz,Experiment date released: 2016-04-26; Audit notes:,,,eCLIP,NNNNNNNNNN,GSM2424148,ENCODE,Gene Yeo,,TBRG4,,,,,,Gene Yeo,,Illumina HiSeq 4000,,HepG2,,,,,,
523943332699993118,RBP ENCODE Data,367606811964953644,RPS3_K562_1,false,CLIP,"{'id': 'Hs', 'name': 'Human'}",,ENCFF209JOZ.fastq.gz,Experiment date released: 2017-08-15; Audit notes:,,,eCLIP,NNNNNNNNNN,GSM5369826,ENCODE,Gene Yeo,,RPS3,,,,,,Gene Yeo,,Illumina HiSeq 4000,,K562,,,,,,
523943332699993118,RBP ENCODE Data,681522773373860911,SUB1_HepG2_2,false,CLIP,"{'id': 'Hs', 'name': 'Human'}",,ENCFF513BPQ.fastq.gz,Experiment date released: 2016-08-19; Audit notes:,,,eCLIP,NNNNNNNNNN,GSM2423440,ENCODE,Gene Yeo,,SUB1,,,,,,Gene Yeo,,Illumina HiSeq 4000,,HepG2,,,,,,
523943332699993118,RBP ENCODE Data,722992546532447264,TIA1_HepG2_2,false,CLIP,"{'id': 'Hs', 'name': 'Human'}",,ENCFF643ZXH.fastq.gz,Experiment date released: 2015-07-15; Audit notes:,,,eCLIP,NNNNNNNNNN,GSM2423758,ENCODE,Gene Yeo,,TIA1,,,,,,Gene Yeo,,Illumina HiSeq 2000,,HepG2,,,,,,
523943332699993118,RBP ENCODE Data,427511985608406606,XRN2_K562_1,false,CLIP,"{'id': 'Hs', 'name': 'Human'}",,ENCFF107DSH.fastq.gz,Experiment date released: 2015-07-15; Audit notes:,,,eCLIP,NNNNNNNNNN,GSM2423815,ENCODE,Gene Yeo,,XRN2,,,,,,Gene Yeo,,Illumina HiSeq 2000,,K562,,,,,,
523943332699993118,RBP ENCODE Data,951279572854797481,ZC3H11A_K562_2,false,CLIP,"{'id': 'Hs', 'name': 'Human'}",,ENCFF378WQX.fastq.gz,Experiment date released: 2018-04-24; Audit notes:,,,eCLIP,NNNNNNNNNN,GSM5375134,ENCODE,Gene Yeo,,ZC3H11A,,,,,,Gene Yeo,,Illumina HiSeq 4000,,K562,,,,,,
523943332699993118,RBP ENCODE Data,245645172176586810,SFPQ_HepG2_1,false,CLIP,"{'id': 'Hs', 'name': 'Human'}",,ENCFF981KZD.fastq.gz,Experiment date released: 2016-04-26; Audit notes: mixed read lengths,,,eCLIP,NNNNNNNNNN,GSM2424202,ENCODE,Gene Yeo,,SFPQ,,,,,,Gene Yeo,,Illumina HiSeq 4000,,HepG2,,,,,,
523943332699993118,RBP ENCODE Data,382127897676104566,MTPAP_K562_1,false,CLIP,"{'id': 'Hs', 'name': 'Human'}",,ENCFF169NFE.fastq.gz,Experiment date released: 2016-04-26; Audit notes: mixed read lengths,,,eCLIP,NNNNNNNNNN,GSM2423152,ENCODE,Gene Yeo,,MTPAP,,,,,,Gene Yeo,,Illumina HiSeq 4000,,K562,,,,,,
523943332699993118,RBP ENCODE Data,579955109048328902,RBM15_HepG2_2,false,CLIP,"{'id': 'Hs', 'name': 'Human'}",,ENCFF869TEZ.fastq.gz,Experiment date released: 2016-04-26; Audit notes:,,,eCLIP,NNNNNNNNNN,GSM2423920,ENCODE,Gene Yeo,,RBM15,,,,,,Gene Yeo,,Illumina HiSeq 4000,,HepG2,,,,,,
523943332699993118,RBP ENCODE Data,970704333377268529,TROVE2_HepG2_1,false,CLIP,"{'id': 'Hs', 'name': 'Human'}",,ENCFF049UNM.fastq.gz,Experiment date released: 2016-04-26; Audit notes: mixed read lengths,,,eCLIP,NNNNNNNNNN,GSM2424249,ENCODE,Gene Yeo,,TROVE2,,,,,,Gene Yeo,,Illumina HiSeq 4000,,HepG2,,,,,,
523943332699993118,RBP ENCODE Data,948580678415314517,TROVE2_HepG2_2,false,CLIP,"{'id': 'Hs', 'name': 'Human'}",,ENCFF681SRL.fastq.gz,Experiment date released: 2016-04-26; Audit notes: mixed read lengths,,,eCLIP,NNNNNNNNNN,GSM2424248,ENCODE,Gene Yeo,,TROVE2,,,,,,Gene Yeo,,Illumina HiSeq 4000,,HepG2,,,,,,
523943332699993118,RBP ENCODE Data,500315519956982746,TAF15_HepG2_1,false,CLIP,"{'id': 'Hs', 'name': 'Human'}",,ENCFF718IXR.fastq.gz,Experiment date released: 2015-11-09; Audit notes: mixed read lengths,,,eCLIP,NNNNNNNNNN,GSM2424041,ENCODE,Gene Yeo,,TAF15,,,,,,Gene Yeo,,Illumina HiSeq 2000,,HepG2,,,,,,
523943332699993118,RBP ENCODE Data,869810631920972991,XRN2_K562_2,false,CLIP,"{'id': 'Hs', 'name': 'Human'}",,ENCFF096SEZ.fastq.gz,Experiment date released: 2015-07-15; Audit notes:,,,eCLIP,NNNNNNNNNN,GSM2423816,ENCODE,Gene Yeo,,XRN2,,,,,,Gene Yeo,,Illumina HiSeq 2000,,K562,,,,,,
523943332699993118,RBP ENCODE Data,659762349583908149,TAF15_K562_1,false,CLIP,"{'id': 'Hs', 'name': 'Human'}",,ENCFF364URW.fastq.gz,Experiment date released: 2015-11-09; Audit notes: mixed read lengths,,,eCLIP,NNNNNNNNNN,GSM2423683,ENCODE,Gene Yeo,,TAF15,,,,,,Gene Yeo,,Illumina HiSeq 2000,,K562,,,,,,
523943332699993118,RBP ENCODE Data,724939021517261156,UPF1_K562_2,false,CLIP,"{'id': 'Hs', 'name': 'Human'}",,ENCFF466HWF.fastq.gz,Experiment date released: 2016-04-26; Audit notes:,,,eCLIP,NNNNNNNNNN,GSM2423506,ENCODE,Gene Yeo,,UPF1,,,,,,Gene Yeo,,Illumina HiSeq 2500,,K562,,,,,,
523943332699993118,RBP ENCODE Data,923072865676414163,TBRG4_HepG2_1,false,CLIP,"{'id': 'Hs', 'name': 'Human'}",,ENCFF447XXS.fastq.gz,Experiment date released: 2016-04-26; Audit notes:,,,eCLIP,NNNNNNNNNN,GSM2424149,ENCODE,Gene Yeo,,TBRG4,,,,,,Gene Yeo,,Illumina HiSeq 4000,,HepG2,,,,,,
523943332699993118,RBP ENCODE Data,118628180035563669,SND1_K562_1,false,CLIP,"{'id': 'Hs', 'name': 'Human'}",,ENCFF128MAP.fastq.gz,Experiment date released: 2015-11-09; Audit notes:,,,eCLIP,NNNNNNNNNN,GSM2423064,ENCODE,Gene Yeo,,SND1,,,,,,Gene Yeo,,Illumina HiSeq 2000,,K562,,,,,,
523943332699993118,RBP ENCODE Data,404119009178860050,TRA2A_K562_2,false,CLIP,"{'id': 'Hs', 'name': 'Human'}",,ENCFF349ZAH.fastq.gz,Experiment date released: 2015-07-15; Audit notes:,,,eCLIP,NNNNNNNNNN,GSM2423380,ENCODE,Gene Yeo,,TRA2A,,,,,,Gene Yeo,,Illumina HiSeq 2000,,K562,,,,,,
523943332699993118,RBP ENCODE Data,226085629732329315,QKI_HepG2_1,false,CLIP,"{'id': 'Hs', 'name': 'Human'}",,ENCFF746GSO.fastq.gz,Experiment date released: 2016-04-26; Audit notes:,,,eCLIP,NNNNNNNNNN,GSM2423687,ENCODE,Gene Yeo,,QKI,,,,,,Gene Yeo,,Illumina HiSeq 4000,,HepG2,,,,,,
523943332699993118,RBP ENCODE Data,198673695797218423,XRCC6_HepG2_1,false,CLIP,"{'id': 'Hs', 'name': 'Human'}",,ENCFF632XDW.fastq.gz,Experiment date released: 2016-09-21; Audit notes:,,,eCLIP,NNNNNNNNNN,GSM2423689,ENCODE,Gene Yeo,,XRCC6,,,,,,Gene Yeo,,Illumina HiSeq 2000,,HepG2,,,,,,
523943332699993118,RBP ENCODE Data,530657387392686665,TAF15_HepG2_2,false,CLIP,"{'id': 'Hs', 'name': 'Human'}",,ENCFF192XSY.fastq.gz,Experiment date released: 2015-11-09; Audit notes: mixed read lengths,,,eCLIP,NNNNNNNNNN,GSM2424042,ENCODE,Gene Yeo,,TAF15,,,,,,Gene Yeo,,Illumina HiSeq 2000,,HepG2,,,,,,
523943332699993118,RBP ENCODE Data,883261388374487093,ZRANB2_K562_1,false,CLIP,"{'id': 'Hs', 'name': 'Human'}",,ENCFF897MPT.fastq.gz,Experiment date released: 2016-04-26; Audit notes:,,,eCLIP,NNNNNNNNNN,GSM2423826,ENCODE,Gene Yeo,,ZRANB2,,,,,,Gene Yeo,,Illumina HiSeq 4000,,K562,,,,,,
523943332699993118,RBP ENCODE Data,155605310715793162,TIA1_HepG2_1,false,CLIP,"{'id': 'Hs', 'name': 'Human'}",,ENCFF506BUC.fastq.gz,Experiment date released: 2015-07-15; Audit notes:,,,eCLIP,NNNNNNNNNN,GSM2423757,ENCODE,Gene Yeo,,TIA1,,,,,,Gene Yeo,,Illumina HiSeq 2000,,HepG2,,,,,,
523943332699993118,RBP ENCODE Data,701184569986973611,NOLC1_HepG2_2,false,CLIP,"{'id': 'Hs', 'name': 'Human'}",,ENCFF091OGJ.fastq.gz,Experiment date released: 2017-11-19; Audit notes:,,,eCLIP,NNNNNNNNNN,GSM5370383,ENCODE,Gene Yeo,,NOLC1,,,,,,Gene Yeo,,Illumina HiSeq 4000,,HepG2,,,,,,
523943332699993118,RBP ENCODE Data,258898264244750520,RPS3_HepG2_2,false,CLIP,"{'id': 'Hs', 'name': 'Human'}",,ENCFF368GUH.fastq.gz,Experiment date released: 2017-08-15; Audit notes:,,,eCLIP,NNNNNNNNNN,GSM5378642,ENCODE,Gene Yeo,,RPS3,,,,,,Gene Yeo,,Illumina HiSeq 4000,,HepG2,,,,,,
523943332699993118,RBP ENCODE Data,203131790910799495,RBM5_HepG2_1,false,CLIP,"{'id': 'Hs', 'name': 'Human'}",,ENCFF253SAE.fastq.gz,Experiment date released: 2017-08-15; Audit notes:,,,eCLIP,NNNNNNNNNN,GSM5374715,ENCODE,Gene Yeo,,RBM5,,,,,,Gene Yeo,,Illumina HiSeq 4000,,HepG2,,,,,,
523943332699993118,RBP ENCODE Data,925917819583756407,XRCC6_HepG2_2,false,CLIP,"{'id': 'Hs', 'name': 'Human'}",,ENCFF246PWB.fastq.gz,Experiment date released: 2016-09-21; Audit notes:,,,eCLIP,NNNNNNNNNN,GSM2423690,ENCODE,Gene Yeo,,XRCC6,,,,,,Gene Yeo,,Illumina HiSeq 2000,,HepG2,,,,,,
523943332699993118,RBP ENCODE Data,542004621915920792,SLTM_HepG2_2,false,CLIP,"{'id': 'Hs', 'name': 'Human'}",,ENCFF208JVP.fastq.gz,Experiment date released: 2015-11-09; Audit notes:,,,eCLIP,NNNNNNNNNN,GSM2423362,ENCODE,Gene Yeo,,SLTM,,,,,,Gene Yeo,,Illumina HiSeq 2000,,HepG2,,,,,,
523943332699993118,RBP ENCODE Data,914238144240530928,SLTM_K562_1,false,CLIP,"{'id': 'Hs', 'name': 'Human'}",,ENCFF506XBB.fastq.gz,Experiment date released: 2015-07-15; Audit notes:,,,eCLIP,NNNNNNNNNN,GSM2422873,ENCODE,Gene Yeo,,SLTM,,,,,,Gene Yeo,,Illumina HiSeq 2000,,K562,,,,,,
523943332699993118,RBP ENCODE Data,825752505584138149,SND1_K562_2,false,CLIP,"{'id': 'Hs', 'name': 'Human'}",,ENCFF157LOT.fastq.gz,Experiment date released: 2015-11-09; Audit notes:,,,eCLIP,NNNNNNNNNN,GSM2423065,ENCODE,Gene Yeo,,SND1,,,,,,Gene Yeo,,Illumina HiSeq 2000,,K562,,,,,,
523943332699993118,RBP ENCODE Data,274082908436659059,RPS11_K562_2,false,CLIP,"{'id': 'Hs', 'name': 'Human'}",,ENCFF463FQZ.fastq.gz,Experiment date released: 2016-04-26; Audit notes:,,,eCLIP,NNNNNNNNNN,GSM2423244,ENCODE,Gene Yeo,,RPS11,,,,,,Gene Yeo,,Illumina HiSeq 4000,,K562,,,,,,
523943332699993118,RBP ENCODE Data,691001417086071536,RBM15_K562_2,false,CLIP,"{'id': 'Hs', 'name': 'Human'}",,ENCFF418DFE.fastq.gz,Experiment date released: 2016-04-26; Audit notes:,,,eCLIP,NNNNNNNNNN,GSM2423137,ENCODE,Gene Yeo,,RBM15,,,,,,Gene Yeo,,Illumina HiSeq 4000,,K562,,,,,,
523943332699993118,RBP ENCODE Data,922581894823094708,XPO5_HepG2_2,false,CLIP,"{'id': 'Hs', 'name': 'Human'}",,ENCFF989AWZ.fastq.gz,Experiment date released: 2016-08-19; Audit notes:,,,eCLIP,NNNNNNNNNN,GSM2424159,ENCODE,Gene Yeo,,XPO5,,,,,,Gene Yeo,,Illumina HiSeq 4000,,HepG2,,,,,,
523943332699993118,RBP ENCODE Data,447726038144556013,UCHL5_K562_1,false,CLIP,"{'id': 'Hs', 'name': 'Human'}",,ENCFF787FER.fastq.gz,Experiment date released: 2016-08-19; Audit notes: mixed read lengths,,,eCLIP,NNNNNNNNNN,GSM2423358,ENCODE,Gene Yeo,,UCHL5,,,,,,Gene Yeo,,Illumina HiSeq 4000,,K562,,,,,,
523943332699993118,RBP ENCODE Data,361935534368606694,SND1_HepG2_1,false,CLIP,"{'id': 'Hs', 'name': 'Human'}",,ENCFF169YJW.fastq.gz,Experiment date released: 2015-11-09; Audit notes: mixed read lengths,,,eCLIP,NNNNNNNNNN,GSM2422941,ENCODE,Gene Yeo,,SND1,,,,,,Gene Yeo,,Illumina HiSeq 2000,,HepG2,,,,,,
523943332699993118,RBP ENCODE Data,144982620517303809,SRSF1_K562_1,false,CLIP,"{'id': 'Hs', 'name': 'Human'}",,ENCFF632XBD.fastq.gz,Experiment date released: 2015-11-09; Audit notes:,,,eCLIP,NNNNNNNNNN,GSM2423475,ENCODE,Gene Yeo,,SRSF1,,,,,,Gene Yeo,,Illumina HiSeq 2000,,K562,,,,,,
523943332699993118,RBP ENCODE Data,991456772490613850,SF3B4_K562_1,false,CLIP,"{'id': 'Hs', 'name': 'Human'}",,ENCFF063MAF.fastq.gz,Experiment date released: 2016-04-26; Audit notes: mixed read lengths,,,eCLIP,NNNNNNNNNN,GSM2423238,ENCODE,Gene Yeo,,SF3B4,,,,,,Gene Yeo,,Illumina HiSeq 4000,,K562,,,,,,
523943332699993118,RBP ENCODE Data,397659451568064451,RBM15_K562_1,false,CLIP,"{'id': 'Hs', 'name': 'Human'}",,ENCFF452DMI.fastq.gz,Experiment date released: 2016-04-26; Audit notes:,,,eCLIP,NNNNNNNNNN,GSM2423138,ENCODE,Gene Yeo,,RBM15,,,,,,Gene Yeo,,Illumina HiSeq 4000,,K562,,,,,,
523943332699993118,RBP ENCODE Data,267592393159445829,U2AF1_K562_1,false,CLIP,"{'id': 'Hs', 'name': 'Human'}",,ENCFF663SQD.fastq.gz,Experiment date released: 2015-07-15; Audit notes:,,,eCLIP,NNNNNNNNNN,GSM2424063,ENCODE,Gene Yeo,,U2AF1,,,,,,Gene Yeo,,Illumina HiSeq 2000,,K562,,,,,,
523943332699993118,RBP ENCODE Data,187795303354726160,SND1_HepG2_2,false,CLIP,"{'id': 'Hs', 'name': 'Human'}",,ENCFF335KAS.fastq.gz,Experiment date released: 2015-11-09; Audit notes: mixed read lengths,,,eCLIP,NNNNNNNNNN,GSM2422940,ENCODE,Gene Yeo,,SND1,,,,,,Gene Yeo,,Illumina HiSeq 2000,,HepG2,,,,,,
523943332699993118,RBP ENCODE Data,112532427653554059,TRA2A_HepG2_1,false,CLIP,"{'id': 'Hs', 'name': 'Human'}",,ENCFF065AKB.fastq.gz,Experiment date released: 2015-07-15; Audit notes:,,,eCLIP,NNNNNNNNNN,GSM2423303,ENCODE,Gene Yeo,,TRA2A,,,,,,Gene Yeo,,Illumina HiSeq 2000,,HepG2,,,,,,
523943332699993118,RBP ENCODE Data,316872270125263800,RPS11_K562_1,false,CLIP,"{'id': 'Hs', 'name': 'Human'}",,ENCFF449AWG.fastq.gz,Experiment date released: 2016-04-26; Audit notes:,,,eCLIP,NNNNNNNNNN,GSM2423243,ENCODE,Gene Yeo,,RPS11,,,,,,Gene Yeo,,Illumina HiSeq 4000,,K562,,,,,,
523943332699993118,RBP ENCODE Data,523014550559844625,UPF1_K562_1,false,CLIP,"{'id': 'Hs', 'name': 'Human'}",,ENCFF493EKO.fastq.gz,Experiment date released: 2016-04-26; Audit notes:,,,eCLIP,NNNNNNNNNN,GSM2423505,ENCODE,Gene Yeo,,UPF1,,,,,,Gene Yeo,,Illumina HiSeq 2500,,K562,,,,,,
523943332699993118,RBP ENCODE Data,405083630939724434,METAP2_K562_2,false,CLIP,"{'id': 'Hs', 'name': 'Human'}",,ENCFF255JDZ.fastq.gz,Experiment date released: 2016-04-26; Audit notes: mixed read lengths,,,eCLIP,NNNNNNNNNN,GSM2423289,ENCODE,Gene Yeo,,METAP2,,,,,,Gene Yeo,,Illumina HiSeq 4000,,K562,,,,,,
523943332699993118,RBP ENCODE Data,236345276573216462,SF3A3_HepG2_2,false,CLIP,"{'id': 'Hs', 'name': 'Human'}",,ENCFF912UMI.fastq.gz,Experiment date released: 2015-11-09; Audit notes:,,,eCLIP,NNNNNNNNNN,GSM2423323,ENCODE,Gene Yeo,,SF3A3,,,,,,Gene Yeo,,Illumina HiSeq 2000,,HepG2,,,,,,
523943332699993118,RBP ENCODE Data,719135415792387104,TRA2A_K562_1,false,CLIP,"{'id': 'Hs', 'name': 'Human'}",,ENCFF116QDH.fastq.gz,Experiment date released: 2015-07-15; Audit notes:,,,eCLIP,NNNNNNNNNN,GSM2423379,ENCODE,Gene Yeo,,TRA2A,,,,,,Gene Yeo,,Illumina HiSeq 2000,,K562,,,,,,
523943332699993118,RBP ENCODE Data,323101241402028745,RPS3_HepG2_1,false,CLIP,"{'id': 'Hs', 'name': 'Human'}",,ENCFF048FYV.fastq.gz,Experiment date released: 2017-08-15; Audit notes:,,,eCLIP,NNNNNNNNNN,GSM5378641,ENCODE,Gene Yeo,,RPS3,,,,,,Gene Yeo,,Illumina HiSeq 4000,,HepG2,,,,,,
523943332699993118,RBP ENCODE Data,416624905204246413,NOLC1_K562_1,false,CLIP,"{'id': 'Hs', 'name': 'Human'}",,ENCFF974GXQ.fastq.gz,Experiment date released: 2017-11-19; Audit notes:,,,eCLIP,NNNNNNNNNN,GSM5369549,ENCODE,Gene Yeo,,NOLC1,,,,,,Gene Yeo,,Illumina HiSeq 4000,,K562,,,,,,
523943332699993118,RBP ENCODE Data,516787685753615363,SMNDC1_HepG2_1,false,CLIP,"{'id': 'Hs', 'name': 'Human'}",,ENCFF963AVW.fastq.gz,Experiment date released: 2015-11-09; Audit notes: mixed read lengths,,,eCLIP,NNNNNNNNNN,GSM2423387,ENCODE,Gene Yeo,,SMNDC1,,,,,,Gene Yeo,,Illumina HiSeq 2000,,HepG2,,,,,,
523943332699993118,RBP ENCODE Data,553949841530477852,SBDS_K562_1,false,CLIP,"{'id': 'Hs', 'name': 'Human'}",,ENCFF932LRA.fastq.gz,Experiment date released: 2015-11-09; Audit notes:,,,eCLIP,NNNNNNNNNN,GSM2422938,ENCODE,Gene Yeo,,SBDS,,,,,,Gene Yeo,,Illumina HiSeq 2000,,K562,,,,,,
523943332699993118,RBP ENCODE Data,504911826707337089,U2AF2_K562_2,false,CLIP,"{'id': 'Hs', 'name': 'Human'}",,ENCFF708UWK.fastq.gz,Experiment date released: 2015-07-15; Audit notes:,,,eCLIP,NNNNNNNNNN,GSM2424118,ENCODE,Gene Yeo,,U2AF2,,,,,,Gene Yeo,,Illumina HiSeq 2000,,K562,,,,,,
523943332699993118,RBP ENCODE Data,289456646044486718,SRSF1_HepG2_2,false,CLIP,"{'id': 'Hs', 'name': 'Human'}",,ENCFF286FKW.fastq.gz,Experiment date released: 2015-11-09; Audit notes:,,,eCLIP,NNNNNNNNNN,GSM2424242,ENCODE,Gene Yeo,,SRSF1,,,,,,Gene Yeo,,Illumina HiSeq 2000,,HepG2,,,,,,
523943332699993118,RBP ENCODE Data,929857426660908046,SMNDC1_K562_1,false,CLIP,"{'id': 'Hs', 'name': 'Human'}",,ENCFF457GTR.fastq.gz,Experiment date released: 2015-12-16; Audit notes:,,,eCLIP,NNNNNNNNNN,GSM2423821,ENCODE,Gene Yeo,,SMNDC1,,,,,,Gene Yeo,,Illumina HiSeq 2500,,K562,,,,,,
523943332699993118,RBP ENCODE Data,124033536623512705,LARP7_HepG2_1,false,CLIP,"{'id': 'Hs', 'name': 'Human'}",,ENCFF419HTA.fastq.gz,Experiment date released: 2015-11-09; Audit notes:,,,eCLIP,NNNNNNNNNN,GSM2424199,ENCODE,Gene Yeo,,LARP7,,,,,,Gene Yeo,,Illumina HiSeq 2000,,HepG2,,,,,,
523943332699993118,RBP ENCODE Data,816953555535084261,SRSF7_K562_2,false,CLIP,"{'id': 'Hs', 'name': 'Human'}",,ENCFF931PJS.fastq.gz,Experiment date released: 2016-04-26; Audit notes: mixed read lengths,,,eCLIP,NNNNNNNNNN,GSM2423524,ENCODE,Gene Yeo,,SRSF7,,,,,,Gene Yeo,,Illumina HiSeq 2500,,K562,,,,,,
523943332699993118,RBP ENCODE Data,571248422307364844,U2AF1_K562_2,false,CLIP,"{'id': 'Hs', 'name': 'Human'}",,ENCFF208AKL.fastq.gz,Experiment date released: 2015-07-15; Audit notes:,,,eCLIP,NNNNNNNNNN,GSM2424062,ENCODE,Gene Yeo,,U2AF1,,,,,,Gene Yeo,,Illumina HiSeq 2000,,K562,,,,,,
523943332699993118,RBP ENCODE Data,576969838859228696,RBM22_HepG2_1,false,CLIP,"{'id': 'Hs', 'name': 'Human'}",,ENCFF210HLS.fastq.gz,Experiment date released: 2016-04-26; Audit notes:,,,eCLIP,NNNNNNNNNN,GSM2423508,ENCODE,Gene Yeo,,RBM22,,,,,,Gene Yeo,,Illumina HiSeq 4000,,HepG2,,,,,,
523943332699993118,RBP ENCODE Data,220547243888263689,PRPF8_K562_2,false,CLIP,"{'id': 'Hs', 'name': 'Human'}",,ENCFF343JQN.fastq.gz,Experiment date released: 2015-07-15; Audit notes: mixed read lengths,,,eCLIP,NNNNNNNNNN,GSM2423631,ENCODE,Gene Yeo,,PRPF8,,,,,,Gene Yeo,,Illumina HiSeq 2000,,K562,,,,,,
523943332699993118,RBP ENCODE Data,314155460704291556,RBM22_K562_1,false,CLIP,"{'id': 'Hs', 'name': 'Human'}",,ENCFF999SQE.fastq.gz,Experiment date released: 2015-11-09; Audit notes:,,,eCLIP,NNNNNNNNNN,GSM2423275,ENCODE,Gene Yeo,,RBM22,,,,,,Gene Yeo,,Illumina HiSeq 2000,,K562,,,,,,
523943332699993118,RBP ENCODE Data,514406010659416201,SMNDC1_HepG2_2,false,CLIP,"{'id': 'Hs', 'name': 'Human'}",,ENCFF911CAB.fastq.gz,Experiment date released: 2015-11-09; Audit notes: mixed read lengths,,,eCLIP,NNNNNNNNNN,GSM2423386,ENCODE,Gene Yeo,,SMNDC1,,,,,,Gene Yeo,,Illumina HiSeq 2000,,HepG2,,,,,,
523943332699993118,RBP ENCODE Data,200335232836459270,IGF2BP3_HepG2_1,false,CLIP,"{'id': 'Hs', 'name': 'Human'}",,ENCFF333RHN.fastq.gz,Experiment date released: 2015-07-15; Audit notes:,,,eCLIP,NNNNNNNNNN,GSM2424251,ENCODE,Gene Yeo,,IGF2BP3,,,,,,Gene Yeo,,Illumina HiSeq 2000,,HepG2,,,,,,
523943332699993118,RBP ENCODE Data,594597871341464177,SERBP1_K562_2,false,CLIP,"{'id': 'Hs', 'name': 'Human'}",,ENCFF007VAP.fastq.gz,Experiment date released: 2016-09-21; Audit notes:,,,eCLIP,NNNNNNNNNN,GSM2423050,ENCODE,Gene Yeo,,SERBP1,,,,,,Gene Yeo,,Illumina HiSeq 4000,,K562,,,,,,
523943332699993118,RBP ENCODE Data,165203343905832816,QKI_K562_1,false,CLIP,"{'id': 'Hs', 'name': 'Human'}",,ENCFF120WPV.fastq.gz,Experiment date released: 2016-04-26; Audit notes: mixed read lengths,,,eCLIP,NNNNNNNNNN,GSM2423382,ENCODE,Gene Yeo,,QKI,,,,,,Gene Yeo,,Illumina HiSeq 4000,,K562,,,,,,
523943332699993118,RBP ENCODE Data,573681146313389432,SRSF1_K562_2,false,CLIP,"{'id': 'Hs', 'name': 'Human'}",,ENCFF559MWF.fastq.gz,Experiment date released: 2015-11-09; Audit notes:,,,eCLIP,NNNNNNNNNN,GSM2423476,ENCODE,Gene Yeo,,SRSF1,,,,,,Gene Yeo,,Illumina HiSeq 2000,,K562,,,,,,
523943332699993118,RBP ENCODE Data,375641456934010816,NSUN2_K562_2,false,CLIP,"{'id': 'Hs', 'name': 'Human'}",,ENCFF852NUQ.fastq.gz,Experiment date released: 2016-09-21; Audit notes: mixed read lengths,,,eCLIP,NNNNNNNNNN,GSM2422968,ENCODE,Gene Yeo,,NSUN2,,,,,,Gene Yeo,,Illumina HiSeq 2500,,K562,,,,,,
523943332699993118,RBP ENCODE Data,771958635768337489,LARP4_K562_1,false,CLIP,"{'id': 'Hs', 'name': 'Human'}",,ENCFF780ORI.fastq.gz,Experiment date released: 2016-04-26; Audit notes: mixed read lengths,,,eCLIP,NNNNNNNNNN,GSM2424111,ENCODE,Gene Yeo,,LARP4,,,,,,Gene Yeo,,Illumina HiSeq 4000,,K562,,,,,,
523943332699993118,RBP ENCODE Data,922514887836368661,PCBP2_HepG2_1,false,CLIP,"{'id': 'Hs', 'name': 'Human'}",,ENCFF893VXG.fastq.gz,Experiment date released: 2015-11-09; Audit notes: mixed read lengths,,,eCLIP,NNNNNNNNNN,GSM2423344,ENCODE,Gene Yeo,,PCBP2,,,,,,Gene Yeo,,Illumina HiSeq 2000,,HepG2,,,,,,
523943332699993118,RBP ENCODE Data,855110956554887152,RBM22_K562_2,false,CLIP,"{'id': 'Hs', 'name': 'Human'}",,ENCFF080OLT.fastq.gz,Experiment date released: 2015-11-09; Audit notes:,,,eCLIP,NNNNNNNNNN,GSM2423274,ENCODE,Gene Yeo,,RBM22,,,,,,Gene Yeo,,Illumina HiSeq 2000,,K562,,,,,,
523943332699993118,RBP ENCODE Data,261416388808549372,SF3B4_HepG2_1,false,CLIP,"{'id': 'Hs', 'name': 'Human'}",,ENCFF869UXX.fastq.gz,Experiment date released: 2015-11-09; Audit notes:,,,eCLIP,NNNNNNNNNN,GSM2423260,ENCODE,Gene Yeo,,SF3B4,,,,,,Gene Yeo,,Illumina HiSeq 2000,,HepG2,,,,,,
523943332699993118,RBP ENCODE Data,104172959353148563,ILF3_K562_1,false,CLIP,"{'id': 'Hs', 'name': 'Human'}",,ENCFF824RQD.fastq.gz,Experiment date released: 2015-11-09; Audit notes:,,,eCLIP,NNNNNNNNNN,GSM2423481,ENCODE,Gene Yeo,,ILF3,,,,,,Gene Yeo,,Illumina HiSeq 2000,,K562,,,,,,
523943332699993118,RBP ENCODE Data,713461412697966768,QKI_HepG2_2,false,CLIP,"{'id': 'Hs', 'name': 'Human'}",,ENCFF180SZL.fastq.gz,Experiment date released: 2016-04-26; Audit notes:,,,eCLIP,NNNNNNNNNN,GSM2423688,ENCODE,Gene Yeo,,QKI,,,,,,Gene Yeo,,Illumina HiSeq 4000,,HepG2,,,,,,
523943332699993118,RBP ENCODE Data,264588702824765643,SF3B4_HepG2_2,false,CLIP,"{'id': 'Hs', 'name': 'Human'}",,ENCFF722QLW.fastq.gz,Experiment date released: 2015-11-09; Audit notes:,,,eCLIP,NNNNNNNNNN,GSM2423259,ENCODE,Gene Yeo,,SF3B4,,,,,,Gene Yeo,,Illumina HiSeq 2000,,HepG2,,,,,,
523943332699993118,RBP ENCODE Data,523503868631805496,IGF2BP2_K562_2,false,CLIP,"{'id': 'Hs', 'name': 'Human'}",,ENCFF418NBV.fastq.gz,Experiment date released: 2015-07-15; Audit notes:,,,eCLIP,NNNNNNNNNN,GSM2422945,ENCODE,Gene Yeo,,IGF2BP2,,,,,,Gene Yeo,,Illumina HiSeq 2000,,K562,,,,,,
523943332699993118,RBP ENCODE Data,788787522660713844,LARP4_K562_2,false,CLIP,"{'id': 'Hs', 'name': 'Human'}",,ENCFF498JIR.fastq.gz,Experiment date released: 2016-04-26; Audit notes: mixed read lengths,,,eCLIP,NNNNNNNNNN,GSM2424110,ENCODE,Gene Yeo,,LARP4,,,,,,Gene Yeo,,Illumina HiSeq 4000,,K562,,,,,,
523943332699993118,RBP ENCODE Data,656298154649431923,GNL3_K562_1,false,CLIP,"{'id': 'Hs', 'name': 'Human'}",,ENCFF509YYT.fastq.gz,Experiment date released: 2015-11-09; Audit notes: mixed read lengths,,,eCLIP,NNNNNNNNNN,GSM2423285,ENCODE,Gene Yeo,,GNL3,,,,,,Gene Yeo,,Illumina HiSeq 2000,,K562,,,,,,
523943332699993118,RBP ENCODE Data,211190441640425145,SLTM_HepG2_1,false,CLIP,"{'id': 'Hs', 'name': 'Human'}",,ENCFF142LPF.fastq.gz,Experiment date released: 2015-11-09; Audit notes:,,,eCLIP,NNNNNNNNNN,GSM2423361,ENCODE,Gene Yeo,,SLTM,,,,,,Gene Yeo,,Illumina HiSeq 2000,,HepG2,,,,,,
523943332699993118,RBP ENCODE Data,363024613146537711,RBFOX2_K562_2,false,CLIP,"{'id': 'Hs', 'name': 'Human'}",,ENCFF942TPA.fastq.gz,Experiment date released: 2016-09-21; Audit notes:,,,eCLIP,NNNNNNNNNN,GSM2423926,ENCODE,Gene Yeo,,RBFOX2,,,,,,Gene Yeo,,Illumina HiSeq 4000,,K562,,,,,,
523943332699993118,RBP ENCODE Data,849857689659173712,SFPQ_HepG2_2,false,CLIP,"{'id': 'Hs', 'name': 'Human'}",,ENCFF822GVL.fastq.gz,Experiment date released: 2016-04-26; Audit notes: mixed read lengths,,,eCLIP,NNNNNNNNNN,GSM2424203,ENCODE,Gene Yeo,,SFPQ,,,,,,Gene Yeo,,Illumina HiSeq 4000,,HepG2,,,,,,
523943332699993118,RBP ENCODE Data,873795849564049062,SF3A3_HepG2_1,false,CLIP,"{'id': 'Hs', 'name': 'Human'}",,ENCFF358LEO.fastq.gz,Experiment date released: 2015-11-09; Audit notes:,,,eCLIP,NNNNNNNNNN,GSM2423324,ENCODE,Gene Yeo,,SF3A3,,,,,,Gene Yeo,,Illumina HiSeq 2000,,HepG2,,,,,,
523943332699993118,RBP ENCODE Data,460378685441305843,PPIG_HepG2_1,false,CLIP,"{'id': 'Hs', 'name': 'Human'}",,ENCFF193XUL.fastq.gz,Experiment date released: 2016-04-26; Audit notes:,,,eCLIP,NNNNNNNNNN,GSM2423002,ENCODE,Gene Yeo,,PPIG,,,,,,Gene Yeo,,Illumina HiSeq 4000,,HepG2,,,,,,
523943332699993118,RBP ENCODE Data,699093092583856511,METAP2_K562_1,false,CLIP,"{'id': 'Hs', 'name': 'Human'}",,ENCFF385LMB.fastq.gz,Experiment date released: 2016-04-26; Audit notes: mixed read lengths,,,eCLIP,NNNNNNNNNN,GSM2423290,ENCODE,Gene Yeo,,METAP2,,,,,,Gene Yeo,,Illumina HiSeq 4000,,K562,,,,,,
523943332699993118,RBP ENCODE Data,924729173785939859,ILF3_K562_2,false,CLIP,"{'id': 'Hs', 'name': 'Human'}",,ENCFF526EKC.fastq.gz,Experiment date released: 2015-11-09; Audit notes:,,,eCLIP,NNNNNNNNNN,GSM2423480,ENCODE,Gene Yeo,,ILF3,,,,,,Gene Yeo,,Illumina HiSeq 2000,,K562,,,,,,
523943332699993118,RBP ENCODE Data,651297104124201176,PPIG_HepG2_2,false,CLIP,"{'id': 'Hs', 'name': 'Human'}",,ENCFF343FWV.fastq.gz,Experiment date released: 2016-04-26; Audit notes:,,,eCLIP,NNNNNNNNNN,GSM2423001,ENCODE,Gene Yeo,,PPIG,,,,,,Gene Yeo,,Illumina HiSeq 4000,,HepG2,,,,,,
523943332699993118,RBP ENCODE Data,701238059431065224,PTBP1_K562_1,false,CLIP,"{'id': 'Hs', 'name': 'Human'}",,ENCFF689XJE.fastq.gz,Experiment date released: 2015-11-09; Audit notes: mixed read lengths,,,eCLIP,NNNNNNNNNN,GSM2424224,ENCODE,Gene Yeo,,PTBP1,,,,,,Gene Yeo,,Illumina HiSeq 2000,,K562,,,,,,
523943332699993118,RBP ENCODE Data,926223946806831982,LARP7_HepG2_2,false,CLIP,"{'id': 'Hs', 'name': 'Human'}",,ENCFF237QRX.fastq.gz,Experiment date released: 2015-11-09; Audit notes:,,,eCLIP,NNNNNNNNNN,GSM2424200,ENCODE,Gene Yeo,,LARP7,,,,,,Gene Yeo,,Illumina HiSeq 2000,,HepG2,,,,,,
523943332699993118,RBP ENCODE Data,764258288143163002,PTBP1_K562_2,false,CLIP,"{'id': 'Hs', 'name': 'Human'}",,ENCFF273VIJ.fastq.gz,Experiment date released: 2015-11-09; Audit notes: mixed read lengths,,,eCLIP,NNNNNNNNNN,GSM2424223,ENCODE,Gene Yeo,,PTBP1,,,,,,Gene Yeo,,Illumina HiSeq 2000,,K562,,,,,,
523943332699993118,RBP ENCODE Data,889067328920062793,IGF2BP3_HepG2_2,false,CLIP,"{'id': 'Hs', 'name': 'Human'}",,ENCFF860PRT.fastq.gz,Experiment date released: 2015-07-15; Audit notes:,,,eCLIP,NNNNNNNNNN,GSM2424252,ENCODE,Gene Yeo,,IGF2BP3,,,,,,Gene Yeo,,Illumina HiSeq 2000,,HepG2,,,,,,
523943332699993118,RBP ENCODE Data,876574975008361697,SLBP_K562_2,false,CLIP,"{'id': 'Hs', 'name': 'Human'}",,ENCFF833YXA.fastq.gz,Experiment date released: 2015-07-15; Audit notes:,,,eCLIP,NNNNNNNNNN,GSM2423548,ENCODE,Gene Yeo,,SLBP,,,,,,Gene Yeo,,Illumina HiSeq 2000,,K562,,,,,,
523943332699993118,RBP ENCODE Data,672526821017716721,HNRNPC_HepG2_1,false,CLIP,"{'id': 'Hs', 'name': 'Human'}",,ENCFF040BGS.fastq.gz,Experiment date released: 2015-11-09; Audit notes: mixed read lengths,,,eCLIP,NNNNNNNNNN,GSM2423647,ENCODE,Gene Yeo,,HNRNPC,,,,,,Gene Yeo,,Illumina HiSeq 2000,,HepG2,,,,,,
523943332699993118,RBP ENCODE Data,134205844499301773,PUM2_K562_1,false,CLIP,"{'id': 'Hs', 'name': 'Human'}",,ENCFF133DNM.fastq.gz,Experiment date released: 2016-04-26; Audit notes:,,,eCLIP,NNNNNNNNNN,GSM2423825,ENCODE,Gene Yeo,,PUM2,,,,,,Gene Yeo,,Illumina HiSeq 2500,,K562,,,,,,
523943332699993118,RBP ENCODE Data,834197399077457594,GRWD1_HepG2_1,false,CLIP,"{'id': 'Hs', 'name': 'Human'}",,ENCFF874PLO.fastq.gz,Experiment date released: 2016-04-26; Audit notes:,,,eCLIP,NNNNNNNNNN,GSM2424116,ENCODE,Gene Yeo,,GRWD1,,,,,,Gene Yeo,,Illumina HiSeq 4000,,HepG2,,,,,,
523943332699993118,RBP ENCODE Data,274776752436232196,LARP4_HepG2_1,false,CLIP,"{'id': 'Hs', 'name': 'Human'}",,ENCFF276CTM.fastq.gz,Experiment date released: 2016-04-26; Audit notes:,,,eCLIP,NNNNNNNNNN,GSM2423994,ENCODE,Gene Yeo,,LARP4,,,,,,Gene Yeo,,Illumina HiSeq 4000,,HepG2,,,,,,
523943332699993118,RBP ENCODE Data,980779649883428519,CDC40_HepG2_1,false,CLIP,"{'id': 'Hs', 'name': 'Human'}",,ENCFF570ACD.fastq.gz,Experiment date released: 2016-10-31; Audit notes:,,,eCLIP,NNNNNNNNNN,GSM2424003,ENCODE,Gene Yeo,,CDC40,,,,,,Gene Yeo,,Illumina HiSeq 4000,,HepG2,,,,,,
523943332699993118,RBP ENCODE Data,254397580593991990,KHDRBS1_K562_2,false,CLIP,"{'id': 'Hs', 'name': 'Human'}",,ENCFF676NAG.fastq.gz,Experiment date released: 2015-11-09; Audit notes: mixed read lengths,,,eCLIP,NNNNNNNNNN,GSM2423764,ENCODE,Gene Yeo,,KHDRBS1,,,,,,Gene Yeo,,Illumina HiSeq 2000,,K562,,,,,,
523943332699993118,RBP ENCODE Data,739169733335943329,HNRNPU_adrenal-gland_1,false,CLIP,"{'id': 'Hs', 'name': 'Human'}",,ENCFF517EXT.fastq.gz,Experiment date released: 2016-04-26; Audit notes: antibody characterized with exemption,,,eCLIP,NNNNNNNNNN,GSM2423384,ENCODE,Gene Yeo,,HNRNPU,,,,,,Gene Yeo,,Illumina HiSeq 4000,,adrenal gland,,,,,,
523943332699993118,RBP ENCODE Data,690237065461616325,KHSRP_K562_2,false,CLIP,"{'id': 'Hs', 'name': 'Human'}",,ENCFF901KIG.fastq.gz,Experiment date released: 2015-12-16; Audit notes: mixed read lengths,,,eCLIP,NNNNNNNNNN,GSM2423478,ENCODE,Gene Yeo,,KHSRP,,,,,,Gene Yeo,,Illumina HiSeq 2500,,K562,,,,,,
523943332699993118,RBP ENCODE Data,898034035754598654,PUM2_K562_2,false,CLIP,"{'id': 'Hs', 'name': 'Human'}",,ENCFF462SCV.fastq.gz,Experiment date released: 2016-04-26; Audit notes:,,,eCLIP,NNNNNNNNNN,GSM2423824,ENCODE,Gene Yeo,,PUM2,,,,,,Gene Yeo,,Illumina HiSeq 2500,,K562,,,,,,
523943332699993118,RBP ENCODE Data,623964005158613037,TRA2A_HepG2_2,false,CLIP,"{'id': 'Hs', 'name': 'Human'}",,ENCFF253TTK.fastq.gz,Experiment date released: 2015-07-15; Audit notes:,,,eCLIP,NNNNNNNNNN,GSM2423304,ENCODE,Gene Yeo,,TRA2A,,,,,,Gene Yeo,,Illumina HiSeq 2000,,HepG2,,,,,,
523943332699993118,RBP ENCODE Data,384990601742247751,HNRNPU_adrenal-gland_2,false,CLIP,"{'id': 'Hs', 'name': 'Human'}",,ENCFF444KRB.fastq.gz,Experiment date released: 2016-04-26; Audit notes: antibody characterized with exemption,,,eCLIP,NNNNNNNNNN,GSM2423383,ENCODE,Gene Yeo,,HNRNPU,,,,,,Gene Yeo,,Illumina HiSeq 4000,,adrenal gland,,,,,,
523943332699993118,RBP ENCODE Data,349106878150379704,LSM11_HepG2_1,false,CLIP,"{'id': 'Hs', 'name': 'Human'}",,ENCFF453KFP.fastq.gz,Experiment date released: 2016-04-26; Audit notes:,,,eCLIP,NNNNNNNNNN,GSM2423078,ENCODE,Gene Yeo,,LSM11,,,,,,Gene Yeo,,Illumina HiSeq 4000,,HepG2,,,,,,
523943332699993118,RBP ENCODE Data,999957520830748829,NOL12_HepG2_2,false,CLIP,"{'id': 'Hs', 'name': 'Human'}",,ENCFF906PLZ.fastq.gz,Experiment date released: 2016-04-26; Audit notes:,,,eCLIP,NNNNNNNNNN,GSM2424013,ENCODE,Gene Yeo,,NOL12,,,,,,Gene Yeo,,Illumina HiSeq 4000,,HepG2,,,,,,
523943332699993118,RBP ENCODE Data,401319860259541064,MTPAP_K562_2,false,CLIP,"{'id': 'Hs', 'name': 'Human'}",,ENCFF386BEJ.fastq.gz,Experiment date released: 2016-04-26; Audit notes: mixed read lengths,,,eCLIP,NNNNNNNNNN,GSM2423153,ENCODE,Gene Yeo,,MTPAP,,,,,,Gene Yeo,,Illumina HiSeq 4000,,K562,,,,,,
523943332699993118,RBP ENCODE Data,428563430364559156,SLTM_K562_2,false,CLIP,"{'id': 'Hs', 'name': 'Human'}",,ENCFF896KIF.fastq.gz,Experiment date released: 2015-07-15; Audit notes:,,,eCLIP,NNNNNNNNNN,GSM2422874,ENCODE,Gene Yeo,,SLTM,,,,,,Gene Yeo,,Illumina HiSeq 2000,,K562,,,,,,
523943332699993118,RBP ENCODE Data,461246143307852691,GRWD1_HepG2_2,false,CLIP,"{'id': 'Hs', 'name': 'Human'}",,ENCFF933DLG.fastq.gz,Experiment date released: 2016-04-26; Audit notes:,,,eCLIP,NNNNNNNNNN,GSM2424117,ENCODE,Gene Yeo,,GRWD1,,,,,,Gene Yeo,,Illumina HiSeq 4000,,HepG2,,,,,,
523943332699993118,RBP ENCODE Data,887606606233779785,HNRNPL_K562_1,false,CLIP,"{'id': 'Hs', 'name': 'Human'}",,ENCFF669YDE.fastq.gz,Experiment date released: 2017-12-04; Audit notes:,,,eCLIP,NNNNNNNNNN,GSM5378819,ENCODE,Gene Yeo,,HNRNPL,,,,,,Gene Yeo,,Illumina HiSeq 4000,,K562,,,,,,
523943332699993118,RBP ENCODE Data,383052497515269155,HNRNPL_K562_2,false,CLIP,"{'id': 'Hs', 'name': 'Human'}",,ENCFF549QWD.fastq.gz,Experiment date released: 2017-12-04; Audit notes:,,,eCLIP,NNNNNNNNNN,GSM5378818,ENCODE,Gene Yeo,,HNRNPL,,,,,,Gene Yeo,,Illumina HiSeq 4000,,K562,,,,,,
523943332699993118,RBP ENCODE Data,552778350975016813,LARP4_HepG2_2,false,CLIP,"{'id': 'Hs', 'name': 'Human'}",,ENCFF163HLQ.fastq.gz,Experiment date released: 2016-04-26; Audit notes:,,,eCLIP,NNNNNNNNNN,GSM2423995,ENCODE,Gene Yeo,,LARP4,,,,,,Gene Yeo,,Illumina HiSeq 4000,,HepG2,,,,,,
523943332699993118,RBP ENCODE Data,578717023322620230,SERBP1_K562_1,false,CLIP,"{'id': 'Hs', 'name': 'Human'}",,ENCFF412TCD.fastq.gz,Experiment date released: 2016-09-21; Audit notes:,,,eCLIP,NNNNNNNNNN,GSM2423049,ENCODE,Gene Yeo,,SERBP1,,,,,,Gene Yeo,,Illumina HiSeq 4000,,K562,,,,,,
523943332699993118,RBP ENCODE Data,881452157987375006,KHDRBS1_K562_1,false,CLIP,"{'id': 'Hs', 'name': 'Human'}",,ENCFF947CCD.fastq.gz,Experiment date released: 2015-11-09; Audit notes: mixed read lengths,,,eCLIP,NNNNNNNNNN,GSM2423763,ENCODE,Gene Yeo,,KHDRBS1,,,,,,Gene Yeo,,Illumina HiSeq 2000,,K562,,,,,,
523943332699993118,RBP ENCODE Data,995664333753920197,LSM11_HepG2_2,false,CLIP,"{'id': 'Hs', 'name': 'Human'}",,ENCFF754DEC.fastq.gz,Experiment date released: 2016-04-26; Audit notes:,,,eCLIP,NNNNNNNNNN,GSM2423077,ENCODE,Gene Yeo,,LSM11,,,,,,Gene Yeo,,Illumina HiSeq 4000,,HepG2,,,,,,
523943332699993118,RBP ENCODE Data,247434315041020850,FASTKD2_HepG2_1,false,CLIP,"{'id': 'Hs', 'name': 'Human'}",,ENCFF540UVX.fastq.gz,Experiment date released: 2016-08-19; Audit notes:,,,eCLIP,NNNNNNNNNN,GSM2422909,ENCODE,Gene Yeo,,FASTKD2,,,,,,Gene Yeo,,Illumina HiSeq 4000,,HepG2,,,,,,
523943332699993118,RBP ENCODE Data,121926982646781235,HNRNPC_HepG2_2,false,CLIP,"{'id': 'Hs', 'name': 'Human'}",,ENCFF065BIC.fastq.gz,Experiment date released: 2015-11-09; Audit notes: mixed read lengths,,,eCLIP,NNNNNNNNNN,GSM2423648,ENCODE,Gene Yeo,,HNRNPC,,,,,,Gene Yeo,,Illumina HiSeq 2000,,HepG2,,,,,,
523943332699993118,RBP ENCODE Data,358678363303437871,ILF3_HepG2_1,false,CLIP,"{'id': 'Hs', 'name': 'Human'}",,ENCFF431PMM.fastq.gz,Experiment date released: 2016-08-19; Audit notes:,,,eCLIP,NNNNNNNNNN,GSM2423974,ENCODE,Gene Yeo,,ILF3,,,,,,Gene Yeo,,Illumina HiSeq 4000,,HepG2,,,,,,
523943332699993118,RBP ENCODE Data,763673170729612107,GRSF1_HepG2_1,false,CLIP,"{'id': 'Hs', 'name': 'Human'}",,ENCFF886HXX.fastq.gz,Experiment date released: 2016-04-26; Audit notes:,,,eCLIP,NNNNNNNNNN,GSM2423838,ENCODE,Gene Yeo,,GRSF1,,,,,,Gene Yeo,,Illumina HiSeq 4000,,HepG2,,,,,,
523943332699993118,RBP ENCODE Data,885134473641904299,HNRNPUL1_HepG2_1,false,CLIP,"{'id': 'Hs', 'name': 'Human'}",,ENCFF168AGB.fastq.gz,Experiment date released: 2015-11-09; Audit notes:,,,eCLIP,NNNNNNNNNN,GSM2423924,ENCODE,Gene Yeo,,HNRNPUL1,,,,,,Gene Yeo,,Illumina HiSeq 2000,,HepG2,,,,,,
523943332699993118,RBP ENCODE Data,263874511836627704,NPM1_K562_2,false,CLIP,"{'id': 'Hs', 'name': 'Human'}",,ENCFF938BSK.fastq.gz,Experiment date released: 2015-11-09; Audit notes: mixed read lengths,,,eCLIP,NNNNNNNNNN,GSM2424075,ENCODE,Gene Yeo,,NPM1,,,,,,Gene Yeo,,Illumina HiSeq 2000,,K562,,,,,,
523943332699993118,RBP ENCODE Data,888745839832819110,PRPF8_K562_1,false,CLIP,"{'id': 'Hs', 'name': 'Human'}",,ENCFF975SKP.fastq.gz,Experiment date released: 2015-07-15; Audit notes: mixed read lengths,,,eCLIP,NNNNNNNNNN,GSM2423630,ENCODE,Gene Yeo,,PRPF8,,,,,,Gene Yeo,,Illumina HiSeq 2000,,K562,,,,,,
523943332699993118,RBP ENCODE Data,539132609243008643,HNRNPA1_HepG2_1,false,CLIP,"{'id': 'Hs', 'name': 'Human'}",,ENCFF224UUW.fastq.gz,Experiment date released: 2015-07-15; Audit notes: mixed read lengths,,,eCLIP,NNNNNNNNNN,GSM2423944,ENCODE,Gene Yeo,,HNRNPA1,,,,,,Gene Yeo,,Illumina HiSeq 2000,,HepG2,,,,,,
523943332699993118,RBP ENCODE Data,472668771992370032,IGF2BP2_K562_1,false,CLIP,"{'id': 'Hs', 'name': 'Human'}",,ENCFF563WIX.fastq.gz,Experiment date released: 2015-07-15; Audit notes:,,,eCLIP,NNNNNNNNNN,GSM2422944,ENCODE,Gene Yeo,,IGF2BP2,,,,,,Gene Yeo,,Illumina HiSeq 2000,,K562,,,,,,
523943332699993118,RBP ENCODE Data,371898197163464819,NOLC1_HepG2_1,false,CLIP,"{'id': 'Hs', 'name': 'Human'}",,ENCFF161CIM.fastq.gz,Experiment date released: 2017-11-19; Audit notes:,,,eCLIP,NNNNNNNNNN,GSM5370382,ENCODE,Gene Yeo,,NOLC1,,,,,,Gene Yeo,,Illumina HiSeq 4000,,HepG2,,,,,,
523943332699993118,RBP ENCODE Data,530918684761078691,SLBP_K562_1,false,CLIP,"{'id': 'Hs', 'name': 'Human'}",,ENCFF929QLP.fastq.gz,Experiment date released: 2015-07-15; Audit notes:,,,eCLIP,NNNNNNNNNN,GSM2423549,ENCODE,Gene Yeo,,SLBP,,,,,,Gene Yeo,,Illumina HiSeq 2000,,K562,,,,,,
523943332699993118,RBP ENCODE Data,472378344481049088,SBDS_K562_2,false,CLIP,"{'id': 'Hs', 'name': 'Human'}",,ENCFF385QVY.fastq.gz,Experiment date released: 2015-11-09; Audit notes:,,,eCLIP,NNNNNNNNNN,GSM2422937,ENCODE,Gene Yeo,,SBDS,,,,,,Gene Yeo,,Illumina HiSeq 2000,,K562,,,,,,
523943332699993118,RBP ENCODE Data,827194281136804192,ILF3_HepG2_2,false,CLIP,"{'id': 'Hs', 'name': 'Human'}",,ENCFF357DPL.fastq.gz,Experiment date released: 2016-08-19; Audit notes:,,,eCLIP,NNNNNNNNNN,GSM2423973,ENCODE,Gene Yeo,,ILF3,,,,,,Gene Yeo,,Illumina HiSeq 4000,,HepG2,,,,,,
523943332699993118,RBP ENCODE Data,564491343345479214,NOLC1_K562_2,false,CLIP,"{'id': 'Hs', 'name': 'Human'}",,ENCFF678KRL.fastq.gz,Experiment date released: 2017-11-19; Audit notes:,,,eCLIP,NNNNNNNNNN,GSM5369550,ENCODE,Gene Yeo,,NOLC1,,,,,,Gene Yeo,,Illumina HiSeq 4000,,K562,,,,,,
523943332699993118,RBP ENCODE Data,209036768408715211,QKI_K562_2,false,CLIP,"{'id': 'Hs', 'name': 'Human'}",,ENCFF776ISN.fastq.gz,Experiment date released: 2016-04-26; Audit notes: mixed read lengths,,,eCLIP,NNNNNNNNNN,GSM2423381,ENCODE,Gene Yeo,,QKI,,,,,,Gene Yeo,,Illumina HiSeq 4000,,K562,,,,,,
523943332699993118,RBP ENCODE Data,368111162263472217,FKBP4_HepG2_1,false,CLIP,"{'id': 'Hs', 'name': 'Human'}",,ENCFF437VVV.fastq.gz,Experiment date released: 2015-07-15; Audit notes:,,,eCLIP,NNNNNNNNNN,GSM2422898,ENCODE,Gene Yeo,,FKBP4,,,,,,Gene Yeo,,Illumina HiSeq 2000,,HepG2,,,,,,
523943332699993118,RBP ENCODE Data,394480768090203114,NSUN2_K562_1,false,CLIP,"{'id': 'Hs', 'name': 'Human'}",,ENCFF877FZZ.fastq.gz,Experiment date released: 2016-09-21; Audit notes: mixed read lengths,,,eCLIP,NNNNNNNNNN,GSM2422967,ENCODE,Gene Yeo,,NSUN2,,,,,,Gene Yeo,,Illumina HiSeq 2500,,K562,,,,,,
523943332699993118,RBP ENCODE Data,929093055432309481,HLTF_K562_2,false,CLIP,"{'id': 'Hs', 'name': 'Human'}",,ENCFF814HAY.fastq.gz,Experiment date released: 2016-04-26; Audit notes: mixed read lengths,,,eCLIP,NNNNNNNNNN,GSM2423711,ENCODE,Gene Yeo,,HLTF,,,,,,Gene Yeo,,Illumina HiSeq 4000,,K562,,,,,,
523943332699993118,RBP ENCODE Data,733968625910300464,U2AF2_HepG2_1,false,CLIP,"{'id': 'Hs', 'name': 'Human'}",,ENCFF559BLA.fastq.gz,Experiment date released: 2015-11-09; Audit notes: mixed read lengths,,,eCLIP,NNNNNNNNNN,GSM2423156,ENCODE,Gene Yeo,,U2AF2,,,,,,Gene Yeo,,Illumina HiSeq 2000,,HepG2,,,,,,
523943332699993118,RBP ENCODE Data,349786621911150582,RBFOX2_K562_1,false,CLIP,"{'id': 'Hs', 'name': 'Human'}",,ENCFF462CMF.fastq.gz,Experiment date released: 2016-09-21; Audit notes:,,,eCLIP,NNNNNNNNNN,GSM2423925,ENCODE,Gene Yeo,,RBFOX2,,,,,,Gene Yeo,,Illumina HiSeq 4000,,K562,,,,,,
523943332699993118,RBP ENCODE Data,801499319979493947,HNRNPUL1_HepG2_2,false,CLIP,"{'id': 'Hs', 'name': 'Human'}",,ENCFF648UJC.fastq.gz,Experiment date released: 2015-11-09; Audit notes:,,,eCLIP,NNNNNNNNNN,GSM2423923,ENCODE,Gene Yeo,,HNRNPUL1,,,,,,Gene Yeo,,Illumina HiSeq 2000,,HepG2,,,,,,
523943332699993118,RBP ENCODE Data,125793987885674147,LIN28B_HepG2_1,false,CLIP,"{'id': 'Hs', 'name': 'Human'}",,ENCFF459WIT.fastq.gz,Experiment date released: 2015-11-09; Audit notes:,,,eCLIP,NNNNNNNNNN,GSM2424056,ENCODE,Gene Yeo,,LIN28B,,,,,,Gene Yeo,,Illumina HiSeq 2000,,HepG2,,,,,,
523943332699993118,RBP ENCODE Data,604690025755887695,FASTKD2_HepG2_2,false,CLIP,"{'id': 'Hs', 'name': 'Human'}",,ENCFF761ZXY.fastq.gz,Experiment date released: 2016-08-19; Audit notes:,,,eCLIP,NNNNNNNNNN,GSM2422908,ENCODE,Gene Yeo,,FASTKD2,,,,,,Gene Yeo,,Illumina HiSeq 4000,,HepG2,,,,,,
523943332699993118,RBP ENCODE Data,217780489005807260,FKBP4_HepG2_2,false,CLIP,"{'id': 'Hs', 'name': 'Human'}",,ENCFF487PAA.fastq.gz,Experiment date released: 2015-07-15; Audit notes:,,,eCLIP,NNNNNNNNNN,GSM2422899,ENCODE,Gene Yeo,,FKBP4,,,,,,Gene Yeo,,Illumina HiSeq 2000,,HepG2,,,,,,
523943332699993118,RBP ENCODE Data,777032260848789952,HNRNPUL1_K562_2,false,CLIP,"{'id': 'Hs', 'name': 'Human'}",,ENCFF831UXT.fastq.gz,Experiment date released: 2015-11-09; Audit notes: mixed read lengths,,,eCLIP,NNNNNNNNNN,GSM2423692,ENCODE,Gene Yeo,,HNRNPUL1,,,,,,Gene Yeo,,Illumina HiSeq 2000,,K562,,,,,,
523943332699993118,RBP ENCODE Data,824032688885008835,FAM120A_K562_2,false,CLIP,"{'id': 'Hs', 'name': 'Human'}",,ENCFF820TME.fastq.gz,Experiment date released: 2015-11-09; Audit notes: mixed read lengths,,,eCLIP,NNNNNNNNNN,GSM2422883,ENCODE,Gene Yeo,,FAM120A,,,,,,Gene Yeo,,Illumina HiSeq 2000,,K562,,,,,,
523943332699993118,RBP ENCODE Data,432627757982447066,HNRNPM_HepG2_1,false,CLIP,"{'id': 'Hs', 'name': 'Human'}",,ENCFF817WMP.fastq.gz,Experiment date released: 2015-07-15; Audit notes:,,,eCLIP,NNNNNNNNNN,GSM2423239,ENCODE,Gene Yeo,,HNRNPM,,,,,,Gene Yeo,,Illumina HiSeq 2000,,HepG2,,,,,,
523943332699993118,RBP ENCODE Data,359719726234844764,FUBP3_HepG2_1,false,CLIP,"{'id': 'Hs', 'name': 'Human'}",,ENCFF938RNB.fastq.gz,Experiment date released: 2016-09-21; Audit notes: mixed read lengths,,,eCLIP,NNNNNNNNNN,GSM2423557,ENCODE,Gene Yeo,,FUBP3,,,,,,Gene Yeo,,Illumina HiSeq 4000,,HepG2,,,,,,
523943332699993118,RBP ENCODE Data,160932653896014697,FAM120A_K562_1,false,CLIP,"{'id': 'Hs', 'name': 'Human'}",,ENCFF094VBR.fastq.gz,Experiment date released: 2015-11-09; Audit notes: mixed read lengths,,,eCLIP,NNNNNNNNNN,GSM2422882,ENCODE,Gene Yeo,,FAM120A,,,,,,Gene Yeo,,Illumina HiSeq 2000,,K562,,,,,,
523943332699993118,RBP ENCODE Data,843621005379989287,HNRNPM_K562_2,false,CLIP,"{'id': 'Hs', 'name': 'Human'}",,ENCFF315KYY.fastq.gz,Experiment date released: 2015-07-15; Audit notes:,,,eCLIP,NNNNNNNNNN,GSM2423451,ENCODE,Gene Yeo,,HNRNPM,,,,,,Gene Yeo,,Illumina HiSeq 2000,,K562,,,,,,
523943332699993118,RBP ENCODE Data,204314516676006334,AARS_K562_2,false,CLIP,"{'id': 'Hs', 'name': 'Human'}",,ENCFF249ULX.fastq.gz,Experiment date released: 2016-04-26; Audit notes:,,,eCLIP,NNNNNNNNNN,GSM2424020,ENCODE,Gene Yeo,,AARS,,,,,,Gene Yeo,,Illumina HiSeq 4000,,K562,,,,,,
523943332699993118,RBP ENCODE Data,152411585833215380,HNRNPL_HepG2_2,false,CLIP,"{'id': 'Hs', 'name': 'Human'}",,ENCFF149UBH.fastq.gz,Experiment date released: 2017-12-04; Audit notes:,,,eCLIP,NNNNNNNNNN,GSM5375422,ENCODE,Gene Yeo,,HNRNPL,,,,,,Gene Yeo,,Illumina HiSeq 4000,,HepG2,,,,,,
523943332699993118,RBP ENCODE Data,177660626588814548,PCBP2_HepG2_2,false,CLIP,"{'id': 'Hs', 'name': 'Human'}",,ENCFF488GID.fastq.gz,Experiment date released: 2015-11-09; Audit notes: mixed read lengths,,,eCLIP,NNNNNNNNNN,GSM2423343,ENCODE,Gene Yeo,,PCBP2,,,,,,Gene Yeo,,Illumina HiSeq 2000,,HepG2,,,,,,
523943332699993118,RBP ENCODE Data,657724184860485609,HNRNPM_K562_1,false,CLIP,"{'id': 'Hs', 'name': 'Human'}",,ENCFF024KBB.fastq.gz,Experiment date released: 2015-07-15; Audit notes:,,,eCLIP,NNNNNNNNNN,GSM2423452,ENCODE,Gene Yeo,,HNRNPM,,,,,,Gene Yeo,,Illumina HiSeq 2000,,K562,,,,,,
523943332699993118,RBP ENCODE Data,267235588914957195,GRSF1_HepG2_2,false,CLIP,"{'id': 'Hs', 'name': 'Human'}",,ENCFF955NYU.fastq.gz,Experiment date released: 2016-04-26; Audit notes:,,,eCLIP,NNNNNNNNNN,GSM2423837,ENCODE,Gene Yeo,,GRSF1,,,,,,Gene Yeo,,Illumina HiSeq 4000,,HepG2,,,,,,
523943332699993118,RBP ENCODE Data,931586916555907663,HNRNPUL1_K562_1,false,CLIP,"{'id': 'Hs', 'name': 'Human'}",,ENCFF342XLD.fastq.gz,Experiment date released: 2015-11-09; Audit notes: mixed read lengths,,,eCLIP,NNNNNNNNNN,GSM2423691,ENCODE,Gene Yeo,,HNRNPUL1,,,,,,Gene Yeo,,Illumina HiSeq 2000,,K562,,,,,,
523943332699993118,RBP ENCODE Data,300410478457369530,HNRNPK_HepG2_1,false,CLIP,"{'id': 'Hs', 'name': 'Human'}",,ENCFF120AAW.fastq.gz,Experiment date released: 2015-11-09; Audit notes:,,,eCLIP,NNNNNNNNNN,GSM2424027,ENCODE,Gene Yeo,,HNRNPK,,,,,,Gene Yeo,,Illumina HiSeq 2000,,HepG2,,,,,,
523943332699993118,RBP ENCODE Data,366100508153737107,DROSHA_HepG2_1,false,CLIP,"{'id': 'Hs', 'name': 'Human'}",,ENCFF673CDP.fastq.gz,Experiment date released: 2018-04-24; Audit notes: antibody characterized with exemption,,,eCLIP,NNNNNNNNNN,GSM5379160,ENCODE,Gene Yeo,,DROSHA,,,,,,Gene Yeo,,Illumina HiSeq 4000,,HepG2,,,,,,
523943332699993118,RBP ENCODE Data,279586780875495601,BUD13_HepG2_1,false,CLIP,"{'id': 'Hs', 'name': 'Human'}",,ENCFF918HTG.fastq.gz,Experiment date released: 2015-12-15; Audit notes:,,,eCLIP,NNNNNNNNNN,GSM2424030,ENCODE,Gene Yeo,,BUD13,,,,,,Gene Yeo,,Illumina HiSeq 4000,,HepG2,,,,,,
523943332699993118,RBP ENCODE Data,602471794910153348,LIN28B_HepG2_2,false,CLIP,"{'id': 'Hs', 'name': 'Human'}",,ENCFF917QVW.fastq.gz,Experiment date released: 2015-11-09; Audit notes:,,,eCLIP,NNNNNNNNNN,GSM2424057,ENCODE,Gene Yeo,,LIN28B,,,,,,Gene Yeo,,Illumina HiSeq 2000,,HepG2,,,,,,
523943332699993118,RBP ENCODE Data,643216797948334874,BUD13_K562_2,false,CLIP,"{'id': 'Hs', 'name': 'Human'}",,ENCFF608MEF.fastq.gz,Experiment date released: 2016-04-26; Audit notes: mixed read lengths,,,eCLIP,NNNNNNNNNN,GSM2423828,ENCODE,Gene Yeo,,BUD13,,,,,,Gene Yeo,,Illumina HiSeq 4000,,K562,,,,,,
523943332699993118,RBP ENCODE Data,915638859252368308,GPKOW_K562_2,false,CLIP,"{'id': 'Hs', 'name': 'Human'}",,ENCFF085PPS.fastq.gz,Experiment date released: 2016-10-31; Audit notes: mixed read lengths,,,eCLIP,NNNNNNNNNN,GSM2423797,ENCODE,Gene Yeo,,GPKOW,,,,,,Gene Yeo,,Illumina HiSeq 2500,,K562,,,,,,
523943332699993118,RBP ENCODE Data,237222177587422912,GPKOW_K562_1,false,CLIP,"{'id': 'Hs', 'name': 'Human'}",,ENCFF062JEH.fastq.gz,Experiment date released: 2016-10-31; Audit notes: mixed read lengths,,,eCLIP,NNNNNNNNNN,GSM2423796,ENCODE,Gene Yeo,,GPKOW,,,,,,Gene Yeo,,Illumina HiSeq 2500,,K562,,,,,,
523943332699993118,RBP ENCODE Data,101040322804882832,NPM1_K562_1,false,CLIP,"{'id': 'Hs', 'name': 'Human'}",,ENCFF996KND.fastq.gz,Experiment date released: 2015-11-09; Audit notes: mixed read lengths,,,eCLIP,NNNNNNNNNN,GSM2424074,ENCODE,Gene Yeo,,NPM1,,,,,,Gene Yeo,,Illumina HiSeq 2000,,K562,,,,,,
523943332699993118,RBP ENCODE Data,304297051265676167,BUD13_HepG2_2,false,CLIP,"{'id': 'Hs', 'name': 'Human'}",,ENCFF201ZNG.fastq.gz,Experiment date released: 2015-12-15; Audit notes:,,,eCLIP,NNNNNNNNNN,GSM2424031,ENCODE,Gene Yeo,,BUD13,,,,,,Gene Yeo,,Illumina HiSeq 4000,,HepG2,,,,,,
523943332699993118,RBP ENCODE Data,847882160063717154,HLTF_K562_1,false,CLIP,"{'id': 'Hs', 'name': 'Human'}",,ENCFF442CAN.fastq.gz,Experiment date released: 2016-04-26; Audit notes: mixed read lengths,,,eCLIP,NNNNNNNNNN,GSM2423712,ENCODE,Gene Yeo,,HLTF,,,,,,Gene Yeo,,Illumina HiSeq 4000,,K562,,,,,,
523943332699993118,RBP ENCODE Data,862424187171807778,FUBP3_HepG2_2,false,CLIP,"{'id': 'Hs', 'name': 'Human'}",,ENCFF126AZS.fastq.gz,Experiment date released: 2016-09-21; Audit notes: mixed read lengths,,,eCLIP,NNNNNNNNNN,GSM2423558,ENCODE,Gene Yeo,,FUBP3,,,,,,Gene Yeo,,Illumina HiSeq 4000,,HepG2,,,,,,
523943332699993118,RBP ENCODE Data,284439437856758606,HNRNPA1_HepG2_2,false,CLIP,"{'id': 'Hs', 'name': 'Human'}",,ENCFF361AWK.fastq.gz,Experiment date released: 2015-07-15; Audit notes: mixed read lengths,,,eCLIP,NNNNNNNNNN,GSM2423943,ENCODE,Gene Yeo,,HNRNPA1,,,,,,Gene Yeo,,Illumina HiSeq 2000,,HepG2,,,,,,
523943332699993118,RBP ENCODE Data,863152039057220079,HNRNPL_HepG2_1,false,CLIP,"{'id': 'Hs', 'name': 'Human'}",,ENCFF081VYS.fastq.gz,Experiment date released: 2017-12-04; Audit notes:,,,eCLIP,NNNNNNNNNN,GSM5375423,ENCODE,Gene Yeo,,HNRNPL,,,,,,Gene Yeo,,Illumina HiSeq 4000,,HepG2,,,,,,
523943332699993118,RBP ENCODE Data,111742903276226123,HNRNPK_HepG2_2,false,CLIP,"{'id': 'Hs', 'name': 'Human'}",,ENCFF924WZQ.fastq.gz,Experiment date released: 2015-11-09; Audit notes:,,,eCLIP,NNNNNNNNNN,GSM2424028,ENCODE,Gene Yeo,,HNRNPK,,,,,,Gene Yeo,,Illumina HiSeq 2000,,HepG2,,,,,,
523943332699993118,RBP ENCODE Data,379173556800253767,GTF2F1_HepG2_2,false,CLIP,"{'id': 'Hs', 'name': 'Human'}",,ENCFF692APB.fastq.gz,Experiment date released: 2015-11-09; Audit notes:,,,eCLIP,NNNNNNNNNN,GSM2423233,ENCODE,Gene Yeo,,GTF2F1,,,,,,Gene Yeo,,Illumina HiSeq 2000,,HepG2,,,,,,
523943332699993118,RBP ENCODE Data,787988300237846050,DROSHA_HepG2_2,false,CLIP,"{'id': 'Hs', 'name': 'Human'}",,ENCFF110FOW.fastq.gz,Experiment date released: 2018-04-24; Audit notes: antibody characterized with exemption,,,eCLIP,NNNNNNNNNN,GSM5379159,ENCODE,Gene Yeo,,DROSHA,,,,,,Gene Yeo,,Illumina HiSeq 4000,,HepG2,,,,,,
523943332699993118,RBP ENCODE Data,952081163582627035,GNL3_K562_2,false,CLIP,"{'id': 'Hs', 'name': 'Human'}",,ENCFF410KLG.fastq.gz,Experiment date released: 2015-11-09; Audit notes: mixed read lengths,,,eCLIP,NNNNNNNNNN,GSM2423286,ENCODE,Gene Yeo,,GNL3,,,,,,Gene Yeo,,Illumina HiSeq 2000,,K562,,,,,,
523943332699993118,RBP ENCODE Data,480574598380308070,EIF3H_HepG2_2,false,CLIP,"{'id': 'Hs', 'name': 'Human'}",,ENCFF105SXR.fastq.gz,Experiment date released: 2017-08-15; Audit notes:,,,eCLIP,NNNNNNNNNN,GSM5378990,ENCODE,Gene Yeo,,EIF3H,,,,,,Gene Yeo,,Illumina HiSeq 4000,,HepG2,,,,,,
523943332699993118,RBP ENCODE Data,209230543619158357,DKC1_HepG2_2,false,CLIP,"{'id': 'Hs', 'name': 'Human'}",,ENCFF494NKD.fastq.gz,Experiment date released: 2016-04-26; Audit notes: mixed read lengths,,,eCLIP,NNNNNNNNNN,GSM2423284,ENCODE,Gene Yeo,,DKC1,,,,,,Gene Yeo,,Illumina HiSeq 4000,,HepG2,,,,,,
523943332699993118,RBP ENCODE Data,724164584243743452,DHX30_HepG2_1,false,CLIP,"{'id': 'Hs', 'name': 'Human'}",,ENCFF969FSD.fastq.gz,Experiment date released: 2016-08-19; Audit notes:,,,eCLIP,NNNNNNNNNN,GSM2423677,ENCODE,Gene Yeo,,DHX30,,,,,,Gene Yeo,,Illumina HiSeq 4000,,HepG2,,,,,,
523943332699993118,RBP ENCODE Data,545277446510722001,EFTUD2_HepG2_1,false,CLIP,"{'id': 'Hs', 'name': 'Human'}",,ENCFF454UOS.fastq.gz,Experiment date released: 2016-04-26; Audit notes:,,,eCLIP,NNNNNNNNNN,GSM2423616,ENCODE,Gene Yeo,,EFTUD2,,,,,,Gene Yeo,,Illumina HiSeq 4000,,HepG2,,,,,,
523943332699993118,RBP ENCODE Data,863625230812485191,HNRNPA1_K562_1,false,CLIP,"{'id': 'Hs', 'name': 'Human'}",,ENCFF546OAU.fastq.gz,Experiment date released: 2015-07-15; Audit notes:,,,eCLIP,NNNNNNNNNN,GSM2423097,ENCODE,Gene Yeo,,HNRNPA1,,,,,,Gene Yeo,,Illumina HiSeq 2000,,K562,,,,,,
523943332699993118,RBP ENCODE Data,336422491936853654,DDX6_K562_2,false,CLIP,"{'id': 'Hs', 'name': 'Human'}",,ENCFF915SRQ.fastq.gz,Experiment date released: 2016-04-26; Audit notes: mixed read lengths,,,eCLIP,NNNNNNNNNN,GSM2424114,ENCODE,Gene Yeo,,DDX6,,,,,,Gene Yeo,,Illumina HiSeq 4000,,K562,,,,,,
523943332699993118,RBP ENCODE Data,655197024283265620,DDX3X_HepG2_1,false,CLIP,"{'id': 'Hs', 'name': 'Human'}",,ENCFF244ADV.fastq.gz,Experiment date released: 2016-04-26; Audit notes:,,,eCLIP,NNNNNNNNNN,GSM2423803,ENCODE,Gene Yeo,,DDX3X,,,,,,Gene Yeo,,Illumina HiSeq 4000,,HepG2,,,,,,
523943332699993118,RBP ENCODE Data,598358460880716356,DDX3X_HepG2_2,false,CLIP,"{'id': 'Hs', 'name': 'Human'}",,ENCFF059FHR.fastq.gz,Experiment date released: 2016-04-26; Audit notes:,,,eCLIP,NNNNNNNNNN,GSM2423802,ENCODE,Gene Yeo,,DDX3X,,,,,,Gene Yeo,,Illumina HiSeq 4000,,HepG2,,,,,,
523943332699993118,RBP ENCODE Data,297552281437416308,HNRNPM_HepG2_2,false,CLIP,"{'id': 'Hs', 'name': 'Human'}",,ENCFF136GAI.fastq.gz,Experiment date released: 2015-07-15; Audit notes:,,,eCLIP,NNNNNNNNNN,GSM2423240,ENCODE,Gene Yeo,,HNRNPM,,,,,,Gene Yeo,,Illumina HiSeq 2000,,HepG2,,,,,,
523943332699993118,RBP ENCODE Data,319206554046744913,DHX30_HepG2_2,false,CLIP,"{'id': 'Hs', 'name': 'Human'}",,ENCFF827KOV.fastq.gz,Experiment date released: 2016-08-19; Audit notes:,,,eCLIP,NNNNNNNNNN,GSM2423678,ENCODE,Gene Yeo,,DHX30,,,,,,Gene Yeo,,Illumina HiSeq 4000,,HepG2,,,,,,
523943332699993118,RBP ENCODE Data,310004383850535820,CSTF2T_HepG2_1,false,CLIP,"{'id': 'Hs', 'name': 'Human'}",,ENCFF093WJU.fastq.gz,Experiment date released: 2015-11-09; Audit notes: mixed read lengths,,,eCLIP,NNNNNNNNNN,GSM2424154,ENCODE,Gene Yeo,,CSTF2T,,,,,,Gene Yeo,,Illumina HiSeq 2000,,HepG2,,,,,,
523943332699993118,RBP ENCODE Data,896517874673226403,GTF2F1_K562_1,false,CLIP,"{'id': 'Hs', 'name': 'Human'}",,ENCFF520MEC.fastq.gz,Experiment date released: 2015-11-09; Audit notes: mixed read lengths,,,eCLIP,NNNNNNNNNN,GSM2423907,ENCODE,Gene Yeo,,GTF2F1,,,,,,Gene Yeo,,Illumina HiSeq 2000,,K562,,,,,,
523943332699993118,RBP ENCODE Data,302009601954429112,AGGF1_K562_2,false,CLIP,"{'id': 'Hs', 'name': 'Human'}",,ENCFF914VHS.fastq.gz,Experiment date released: 2016-04-26; Audit notes:,,,eCLIP,NNNNNNNNNN,GSM2423898,ENCODE,Gene Yeo,,AGGF1,,,,,,Gene Yeo,,Illumina HiSeq 4000,,K562,,,,,,
523943332699993118,RBP ENCODE Data,317618951432226614,GTF2F1_HepG2_1,false,CLIP,"{'id': 'Hs', 'name': 'Human'}",,ENCFF321BPE.fastq.gz,Experiment date released: 2015-11-09; Audit notes:,,,eCLIP,NNNNNNNNNN,GSM2423232,ENCODE,Gene Yeo,,GTF2F1,,,,,,Gene Yeo,,Illumina HiSeq 2000,,HepG2,,,,,,
523943332699993118,RBP ENCODE Data,190223505101786280,BUD13_K562_1,false,CLIP,"{'id': 'Hs', 'name': 'Human'}",,ENCFF912DJK.fastq.gz,Experiment date released: 2016-04-26; Audit notes: mixed read lengths,,,eCLIP,NNNNNNNNNN,GSM2423829,ENCODE,Gene Yeo,,BUD13,,,,,,Gene Yeo,,Illumina HiSeq 4000,,K562,,,,,,
523943332699993118,RBP ENCODE Data,870650651653428255,GTF2F1_K562_2,false,CLIP,"{'id': 'Hs', 'name': 'Human'}",,ENCFF634ATL.fastq.gz,Experiment date released: 2015-11-09; Audit notes: mixed read lengths,,,eCLIP,NNNNNNNNNN,GSM2423906,ENCODE,Gene Yeo,,GTF2F1,,,,,,Gene Yeo,,Illumina HiSeq 2000,,K562,,,,,,
523943332699993118,RBP ENCODE Data,705945556120315930,EFTUD2_HepG2_2,false,CLIP,"{'id': 'Hs', 'name': 'Human'}",,ENCFF727KTZ.fastq.gz,Experiment date released: 2016-04-26; Audit notes:,,,eCLIP,NNNNNNNNNN,GSM2423615,ENCODE,Gene Yeo,,EFTUD2,,,,,,Gene Yeo,,Illumina HiSeq 4000,,HepG2,,,,,,
523943332699993118,RBP ENCODE Data,433472478700638394,FASTKD2_K562_2,false,CLIP,"{'id': 'Hs', 'name': 'Human'}",,ENCFF567KSY.fastq.gz,Experiment date released: 2016-04-26; Audit notes: mixed read lengths,,,eCLIP,NNNNNNNNNN,GSM2424103,ENCODE,Gene Yeo,,FASTKD2,,,,,,Gene Yeo,,Illumina HiSeq 4000,,K562,,,,,,
523943332699993118,RBP ENCODE Data,527340983402160232,SRSF7_K562_1,false,CLIP,"{'id': 'Hs', 'name': 'Human'}",,ENCFF447CPA.fastq.gz,Experiment date released: 2016-04-26; Audit notes: mixed read lengths,,,eCLIP,NNNNNNNNNN,GSM2423525,ENCODE,Gene Yeo,,SRSF7,,,,,,Gene Yeo,,Illumina HiSeq 2500,,K562,,,,,,
523943332699993118,RBP ENCODE Data,844177067377337037,EIF3H_HepG2_1,false,CLIP,"{'id': 'Hs', 'name': 'Human'}",,ENCFF146VOH.fastq.gz,Experiment date released: 2017-08-15; Audit notes:,,,eCLIP,NNNNNNNNNN,GSM5378991,ENCODE,Gene Yeo,,EIF3H,,,,,,Gene Yeo,,Illumina HiSeq 4000,,HepG2,,,,,,
523943332699993118,RBP ENCODE Data,436911777067160876,IGF2BP1_HepG2_2,false,CLIP,"{'id': 'Hs', 'name': 'Human'}",,ENCFF362JFX.fastq.gz,Experiment date released: 2015-07-15; Audit notes: mixed read lengths,,,eCLIP,NNNNNNNNNN,GSM2423912,ENCODE,Gene Yeo,,IGF2BP1,,,,,,Gene Yeo,,Illumina HiSeq 2000,,HepG2,,,,,,
523943332699993118,RBP ENCODE Data,977662925177118605,DDX6_K562_1,false,CLIP,"{'id': 'Hs', 'name': 'Human'}",,ENCFF163DCH.fastq.gz,Experiment date released: 2016-04-26; Audit notes: mixed read lengths,,,eCLIP,NNNNNNNNNN,GSM2424115,ENCODE,Gene Yeo,,DDX6,,,,,,Gene Yeo,,Illumina HiSeq 4000,,K562,,,,,,
523943332699993118,RBP ENCODE Data,562866028213234232,AGGF1_K562_1,false,CLIP,"{'id': 'Hs', 'name': 'Human'}",,ENCFF243EOW.fastq.gz,Experiment date released: 2016-04-26; Audit notes:,,,eCLIP,NNNNNNNNNN,GSM2423899,ENCODE,Gene Yeo,,AGGF1,,,,,,Gene Yeo,,Illumina HiSeq 4000,,K562,,,,,,
523943332699993118,RBP ENCODE Data,995392636430685602,AARS_K562_1,false,CLIP,"{'id': 'Hs', 'name': 'Human'}",,ENCFF698SDU.fastq.gz,Experiment date released: 2016-04-26; Audit notes:,,,eCLIP,NNNNNNNNNN,GSM2424021,ENCODE,Gene Yeo,,AARS,,,,,,Gene Yeo,,Illumina HiSeq 4000,,K562,,,,,,
523943332699993118,RBP ENCODE Data,419699578081417588,IGF2BP1_K562_2,false,CLIP,"{'id': 'Hs', 'name': 'Human'}",,ENCFF271KYF.fastq.gz,Experiment date released: 2015-07-15; Audit notes:,,,eCLIP,NNNNNNNNNN,GSM2424216,ENCODE,Gene Yeo,,IGF2BP1,,,,,,Gene Yeo,,Illumina HiSeq 2000,,K562,,,,,,
523943332699993118,RBP ENCODE Data,190155076903728872,DGCR8_adrenal-gland_1,false,CLIP,"{'id': 'Hs', 'name': 'Human'}",,ENCFF082KBD.fastq.gz,Experiment date released: 2017-04-10; Audit notes: antibody characterized with exemption,,,eCLIP,NNNNNNNNNN,GSM5378567,ENCODE,Gene Yeo,,DGCR8,,,,,,Gene Yeo,,Illumina HiSeq 4000,,adrenal gland,,,,,,
523943332699993118,RBP ENCODE Data,243114069271302310,FASTKD2_K562_1,false,CLIP,"{'id': 'Hs', 'name': 'Human'}",,ENCFF111XRA.fastq.gz,Experiment date released: 2016-04-26; Audit notes: mixed read lengths,,,eCLIP,NNNNNNNNNN,GSM2424102,ENCODE,Gene Yeo,,FASTKD2,,,,,,Gene Yeo,,Illumina HiSeq 4000,,K562,,,,,,
523943332699993118,RBP ENCODE Data,649186540518467296,CSTF2T_HepG2_2,false,CLIP,"{'id': 'Hs', 'name': 'Human'}",,ENCFF313BCR.fastq.gz,Experiment date released: 2015-11-09; Audit notes: mixed read lengths,,,eCLIP,NNNNNNNNNN,GSM2424153,ENCODE,Gene Yeo,,CSTF2T,,,,,,Gene Yeo,,Illumina HiSeq 2000,,HepG2,,,,,,
523943332699993118,RBP ENCODE Data,250650052859160529,HNRNPA1_K562_2,false,CLIP,"{'id': 'Hs', 'name': 'Human'}",,ENCFF850NCY.fastq.gz,Experiment date released: 2015-07-15; Audit notes:,,,eCLIP,NNNNNNNNNN,GSM2423098,ENCODE,Gene Yeo,,HNRNPA1,,,,,,Gene Yeo,,Illumina HiSeq 2000,,K562,,,,,,
523943332699993118,RBP ENCODE Data,324846384908984012,DGCR8_adrenal-gland_2,false,CLIP,"{'id': 'Hs', 'name': 'Human'}",,ENCFF554LXY.fastq.gz,Experiment date released: 2017-04-10; Audit notes: antibody characterized with exemption,,,eCLIP,NNNNNNNNNN,GSM5378566,ENCODE,Gene Yeo,,DGCR8,,,,,,Gene Yeo,,Illumina HiSeq 4000,,adrenal gland,,,,,,
523943332699993118,RBP ENCODE Data,118144371660398313,DDX55_K562_2,false,CLIP,"{'id': 'Hs', 'name': 'Human'}",,ENCFF667IWN.fastq.gz,Experiment date released: 2016-04-26; Audit notes:,,,eCLIP,NNNNNNNNNN,GSM2424162,ENCODE,Gene Yeo,,DDX55,,,,,,Gene Yeo,,Illumina HiSeq 4000,,K562,,,,,,
523943332699993118,RBP ENCODE Data,548792701245058779,DDX6_HepG2_2,false,CLIP,"{'id': 'Hs', 'name': 'Human'}",,ENCFF566VWD.fastq.gz,Experiment date released: 2016-04-26; Audit notes:,,,eCLIP,NNNNNNNNNN,GSM2423085,ENCODE,Gene Yeo,,DDX6,,,,,,Gene Yeo,,Illumina HiSeq 4000,,HepG2,,,,,,
523943332699993118,RBP ENCODE Data,490715039049630095,DDX55_K562_1,false,CLIP,"{'id': 'Hs', 'name': 'Human'}",,ENCFF438QZI.fastq.gz,Experiment date released: 2016-04-26; Audit notes:,,,eCLIP,NNNNNNNNNN,GSM2424161,ENCODE,Gene Yeo,,DDX55,,,,,,Gene Yeo,,Illumina HiSeq 4000,,K562,,,,,,
523943332699993118,RBP ENCODE Data,999619935047759345,FAM120A_HepG2_2,false,CLIP,"{'id': 'Hs', 'name': 'Human'}",,ENCFF319ICK.fastq.gz,Experiment date released: 2015-11-09; Audit notes:,,,eCLIP,NNNNNNNNNN,GSM2424236,ENCODE,Gene Yeo,,FAM120A,,,,,,Gene Yeo,,Illumina HiSeq 2000,,HepG2,,,,,,
523943332699993118,RBP ENCODE Data,459514176704606246,DKC1_HepG2_1,false,CLIP,"{'id': 'Hs', 'name': 'Human'}",,ENCFF565YYP.fastq.gz,Experiment date released: 2016-04-26; Audit notes: mixed read lengths,,,eCLIP,NNNNNNNNNN,GSM2423283,ENCODE,Gene Yeo,,DKC1,,,,,,Gene Yeo,,Illumina HiSeq 4000,,HepG2,,,,,,
523943332699993118,RBP ENCODE Data,771809326223820815,DHX30_K562_1,false,CLIP,"{'id': 'Hs', 'name': 'Human'}",,ENCFF413RCX.fastq.gz,Experiment date released: 2016-09-21; Audit notes:,,,eCLIP,NNNNNNNNNN,GSM2423620,ENCODE,Gene Yeo,,DHX30,,,,,,Gene Yeo,,Illumina HiSeq 4000,,K562,,,,,,
523943332699993118,RBP ENCODE Data,675217302051518892,IGF2BP1_K562_1,false,CLIP,"{'id': 'Hs', 'name': 'Human'}",,ENCFF088JXR.fastq.gz,Experiment date released: 2015-07-15; Audit notes:,,,eCLIP,NNNNNNNNNN,GSM2424217,ENCODE,Gene Yeo,,IGF2BP1,,,,,,Gene Yeo,,Illumina HiSeq 2000,,K562,,,,,,
523943332699993118,RBP ENCODE Data,712094229835432083,DHX30_K562_2,false,CLIP,"{'id': 'Hs', 'name': 'Human'}",,ENCFF510RNY.fastq.gz,Experiment date released: 2016-09-21; Audit notes:,,,eCLIP,NNNNNNNNNN,GSM2423621,ENCODE,Gene Yeo,,DHX30,,,,,,Gene Yeo,,Illumina HiSeq 4000,,K562,,,,,,
523943332699993118,RBP ENCODE Data,334647129885168753,DDX3X_K562_1,false,CLIP,"{'id': 'Hs', 'name': 'Human'}",,ENCFF029BAQ.fastq.gz,Experiment date released: 2015-11-09; Audit notes: mixed read lengths,,,eCLIP,NNNNNNNNNN,GSM2424173,ENCODE,Gene Yeo,,DDX3X,,,,,,Gene Yeo,,Illumina HiSeq 2000,,K562,,,,,,
523943332699993118,RBP ENCODE Data,546976682261116509,FAM120A_HepG2_1,false,CLIP,"{'id': 'Hs', 'name': 'Human'}",,ENCFF815UFF.fastq.gz,Experiment date released: 2015-11-09; Audit notes:,,,eCLIP,NNNNNNNNNN,GSM2424237,ENCODE,Gene Yeo,,FAM120A,,,,,,Gene Yeo,,Illumina HiSeq 2000,,HepG2,,,,,,
523943332699993118,RBP ENCODE Data,214501641053647132,DDX55_HepG2_2,false,CLIP,"{'id': 'Hs', 'name': 'Human'}",,ENCFF718DYI.fastq.gz,Experiment date released: 2016-04-26; Audit notes:,,,eCLIP,NNNNNNNNNN,GSM2424045,ENCODE,Gene Yeo,,DDX55,,,,,,Gene Yeo,,Illumina HiSeq 4000,,HepG2,,,,,,
523943332699993118,RBP ENCODE Data,830953191484740494,IGF2BP1_HepG2_1,false,CLIP,"{'id': 'Hs', 'name': 'Human'}",,ENCFF539YWE.fastq.gz,Experiment date released: 2015-07-15; Audit notes: mixed read lengths,,,eCLIP,NNNNNNNNNN,GSM2423913,ENCODE,Gene Yeo,,IGF2BP1,,,,,,Gene Yeo,,Illumina HiSeq 2000,,HepG2,,,,,,
523943332699993118,RBP ENCODE Data,259289856021632957,DDX6_HepG2_1,false,CLIP,"{'id': 'Hs', 'name': 'Human'}",,ENCFF057WYD.fastq.gz,Experiment date released: 2016-04-26; Audit notes:,,,eCLIP,NNNNNNNNNN,GSM2423086,ENCODE,Gene Yeo,,DDX6,,,,,,Gene Yeo,,Illumina HiSeq 4000,,HepG2,,,,,,
523943332699993118,RBP ENCODE Data,844627572828663505,DDX55_HepG2_1,false,CLIP,"{'id': 'Hs', 'name': 'Human'}",,ENCFF802XHE.fastq.gz,Experiment date released: 2016-04-26; Audit notes:,,,eCLIP,NNNNNNNNNN,GSM2424046,ENCODE,Gene Yeo,,DDX55,,,,,,Gene Yeo,,Illumina HiSeq 4000,,HepG2,,,,,,
523943332699993118,RBP ENCODE Data,630683605336458943,EIF4G2_K562_2,false,CLIP,"{'id': 'Hs', 'name': 'Human'}",,ENCFF683WKJ.fastq.gz,Experiment date released: 2015-07-15; Audit notes:,,,eCLIP,NNNNNNNNNN,GSM2423297,ENCODE,Gene Yeo,,EIF4G2,,,,,,Gene Yeo,,Illumina HiSeq 2000,,K562,,,,,,
523943332699993118,RBP ENCODE Data,700253194899721214,DDX3X_K562_2,false,CLIP,"{'id': 'Hs', 'name': 'Human'}",,ENCFF357NSP.fastq.gz,Experiment date released: 2015-11-09; Audit notes: mixed read lengths,,,eCLIP,NNNNNNNNNN,GSM2424172,ENCODE,Gene Yeo,,DDX3X,,,,,,Gene Yeo,,Illumina HiSeq 2000,,K562,,,,,,
523943332699993118,RBP ENCODE Data,137854677887204826,CPSF6_K562_1,false,CLIP,"{'id': 'Hs', 'name': 'Human'}",,ENCFF394FNH.fastq.gz,Experiment date released: 2015-07-15; Audit notes:,,,eCLIP,NNNNNNNNNN,GSM2423628,ENCODE,Gene Yeo,,CPSF6,,,,,,Gene Yeo,,Illumina HiSeq 2000,,K562,,,,,,
523943332699993118,RBP ENCODE Data,769275171906155088,DGCR8_K562_2,false,CLIP,"{'id': 'Hs', 'name': 'Human'}",,ENCFF905DBX.fastq.gz,Experiment date released: 2015-11-09; Audit notes: mixed read lengths,,,eCLIP,NNNNNNNNNN,GSM2424183,ENCODE,Gene Yeo,,DGCR8,,,,,,Gene Yeo,,Illumina HiSeq 2000,,K562,,,,,,
523943332699993118,RBP ENCODE Data,618912350652475006,DGCR8_K562_1,false,CLIP,"{'id': 'Hs', 'name': 'Human'}",,ENCFF162KZD.fastq.gz,Experiment date released: 2015-11-09; Audit notes: mixed read lengths,,,eCLIP,NNNNNNNNNN,GSM2424184,ENCODE,Gene Yeo,,DGCR8,,,,,,Gene Yeo,,Illumina HiSeq 2000,,K562,,,,,,
523943332699993118,RBP ENCODE Data,853478267542184060,DDX42_K562_2,false,CLIP,"{'id': 'Hs', 'name': 'Human'}",,ENCFF032CWK.fastq.gz,Experiment date released: 2015-07-15; Audit notes:,,,eCLIP,NNNNNNNNNN,GSM2423695,ENCODE,Gene Yeo,,DDX42,,,,,,Gene Yeo,,Illumina HiSeq 2000,,K562,,,,,,
523943332699993118,RBP ENCODE Data,468596251773889034,CPSF6_K562_2,false,CLIP,"{'id': 'Hs', 'name': 'Human'}",,ENCFF420PXR.fastq.gz,Experiment date released: 2015-07-15; Audit notes:,,,eCLIP,NNNNNNNNNN,GSM2423629,ENCODE,Gene Yeo,,CPSF6,,,,,,Gene Yeo,,Illumina HiSeq 2000,,K562,,,,,,
523943332699993118,RBP ENCODE Data,471910939696786367,CSTF2T_K562_1,false,CLIP,"{'id': 'Hs', 'name': 'Human'}",,ENCFF251DNT.fastq.gz,Experiment date released: 2015-11-09; Audit notes:,,,eCLIP,NNNNNNNNNN,GSM2424039,ENCODE,Gene Yeo,,CSTF2T,,,,,,Gene Yeo,,Illumina HiSeq 2000,,K562,,,,,,
523943332699993118,RBP ENCODE Data,493663091016876603,EIF4G2_K562_1,false,CLIP,"{'id': 'Hs', 'name': 'Human'}",,ENCFF723JSM.fastq.gz,Experiment date released: 2015-07-15; Audit notes:,,,eCLIP,NNNNNNNNNN,GSM2423298,ENCODE,Gene Yeo,,EIF4G2,,,,,,Gene Yeo,,Illumina HiSeq 2000,,K562,,,,,,
523943332699993118,RBP ENCODE Data,241035824920056962,CSTF2T_K562_2,false,CLIP,"{'id': 'Hs', 'name': 'Human'}",,ENCFF084WXF.fastq.gz,Experiment date released: 2015-11-09; Audit notes:,,,eCLIP,NNNNNNNNNN,GSM2424038,ENCODE,Gene Yeo,,CSTF2T,,,,,,Gene Yeo,,Illumina HiSeq 2000,,K562,,,,,,
523943332699993118,RBP ENCODE Data,848112903168805028,POLR2G_HepG2_1,false,CLIP,"{'id': 'Hs', 'name': 'Human'}",,ENCFF086EHM.fastq.gz,Experiment date released: 2017-11-19; Audit notes:,,,eCLIP,NNNNNNNNNN,GSM5379028,ENCODE,Gene Yeo,,POLR2G,,,,,,Gene Yeo,,Illumina HiSeq 4000,,HepG2,,,,,,
523943332699993118,RBP ENCODE Data,104521501147470310,PPIL4_K562_1,false,CLIP,"{'id': 'Hs', 'name': 'Human'}",,ENCFF427FOO.fastq.gz,Experiment date released: 2016-04-26; Audit notes: mixed read lengths,,,eCLIP,NNNNNNNNNN,GSM2423144,ENCODE,Gene Yeo,,PPIL4,,,,,,Gene Yeo,,Illumina HiSeq 4000,,K562,,,,,,
523943332699993118,RBP ENCODE Data,859366797755358570,GEMIN5_K562_1,false,CLIP,"{'id': 'Hs', 'name': 'Human'}",,ENCFF921PTG.fastq.gz,Experiment date released: 2016-09-21; Audit notes:,,,eCLIP,NNNNNNNNNN,GSM2423214,ENCODE,Gene Yeo,,GEMIN5,,,,,,Gene Yeo,,Illumina HiSeq 4000,,K562,,,,,,
523943332699993118,RBP ENCODE Data,192189275775009297,GEMIN5_K562_2,false,CLIP,"{'id': 'Hs', 'name': 'Human'}",,ENCFF175TMY.fastq.gz,Experiment date released: 2016-09-21; Audit notes:,,,eCLIP,NNNNNNNNNN,GSM2423213,ENCODE,Gene Yeo,,GEMIN5,,,,,,Gene Yeo,,Illumina HiSeq 4000,,K562,,,,,,
523943332699993118,RBP ENCODE Data,673105435002286518,BCCIP_HepG2_2,false,CLIP,"{'id': 'Hs', 'name': 'Human'}",,ENCFF896YHT.fastq.gz,Experiment date released: 2015-07-15; Audit notes:,,,eCLIP,NNNNNNNNNN,GSM2423552,ENCODE,Gene Yeo,,BCCIP,,,,,,Gene Yeo,,Illumina HiSeq 2000,,HepG2,,,,,,
523943332699993118,RBP ENCODE Data,719798675664826294,NKRF_HepG2_2,false,CLIP,"{'id': 'Hs', 'name': 'Human'}",,ENCFF660VTK.fastq.gz,Experiment date released: 2016-04-26; Audit notes: mixed read lengths,,,eCLIP,NNNNNNNNNN,GSM2423249,ENCODE,Gene Yeo,,NKRF,,,,,,Gene Yeo,,Illumina HiSeq 4000,,HepG2,,,,,,
523943332699993118,RBP ENCODE Data,573208147274830407,DDX42_K562_1,false,CLIP,"{'id': 'Hs', 'name': 'Human'}",,ENCFF092NLI.fastq.gz,Experiment date released: 2015-07-15; Audit notes:,,,eCLIP,NNNNNNNNNN,GSM2423694,ENCODE,Gene Yeo,,DDX42,,,,,,Gene Yeo,,Illumina HiSeq 2000,,K562,,,,,,
523943332699993118,RBP ENCODE Data,341733607122562401,NCBP2_HepG2_2,false,CLIP,"{'id': 'Hs', 'name': 'Human'}",,ENCFF444ZHJ.fastq.gz,Experiment date released: 2016-04-26; Audit notes:,,,eCLIP,NNNNNNNNNN,GSM2422896,ENCODE,Gene Yeo,,NCBP2,,,,,,Gene Yeo,,Illumina HiSeq 4000,,HepG2,,,,,,
523943332699993118,RBP ENCODE Data,393995277996857799,BCCIP_HepG2_1,false,CLIP,"{'id': 'Hs', 'name': 'Human'}",,ENCFF292ANE.fastq.gz,Experiment date released: 2015-07-15; Audit notes:,,,eCLIP,NNNNNNNNNN,GSM2423553,ENCODE,Gene Yeo,,BCCIP,,,,,,Gene Yeo,,Illumina HiSeq 2000,,HepG2,,,,,,
523943332699993118,RBP ENCODE Data,360563012179725989,POLR2G_HepG2_2,false,CLIP,"{'id': 'Hs', 'name': 'Human'}",,ENCFF219FAE.fastq.gz,Experiment date released: 2017-11-19; Audit notes:,,,eCLIP,NNNNNNNNNN,GSM5379029,ENCODE,Gene Yeo,,POLR2G,,,,,,Gene Yeo,,Illumina HiSeq 4000,,HepG2,,,,,,
523943332699993118,RBP ENCODE Data,810891237815575289,NOL12_HepG2_1,false,CLIP,"{'id': 'Hs', 'name': 'Human'}",,ENCFF765OCP.fastq.gz,Experiment date released: 2016-04-26; Audit notes:,,,eCLIP,NNNNNNNNNN,GSM2424012,ENCODE,Gene Yeo,,NOL12,,,,,,Gene Yeo,,Illumina HiSeq 4000,,HepG2,,,,,,
523943332699993118,RBP ENCODE Data,664140863834905922,YWHAG_K562_1,false,CLIP,"{'id': 'Hs', 'name': 'Human'}",,ENCFF973PMP.fastq.gz,Experiment date released: 2015-11-09; Audit notes:,,,eCLIP,NNNNNNNNNN,GSM2424077,ENCODE,Gene Yeo,,YWHAG,,,,,,Gene Yeo,,Illumina HiSeq 2000,,K562,,,,,,
523943332699993118,RBP ENCODE Data,219314706165117964,NKRF_HepG2_1,false,CLIP,"{'id': 'Hs', 'name': 'Human'}",,ENCFF430JKC.fastq.gz,Experiment date released: 2016-04-26; Audit notes: mixed read lengths,,,eCLIP,NNNNNNNNNN,GSM2423248,ENCODE,Gene Yeo,,NKRF,,,,,,Gene Yeo,,Illumina HiSeq 4000,,HepG2,,,,,,
523943332699993118,RBP ENCODE Data,627898238927325511,PPIL4_K562_2,false,CLIP,"{'id': 'Hs', 'name': 'Human'}",,ENCFF854FTL.fastq.gz,Experiment date released: 2016-04-26; Audit notes: mixed read lengths,,,eCLIP,NNNNNNNNNN,GSM2423143,ENCODE,Gene Yeo,,PPIL4,,,,,,Gene Yeo,,Illumina HiSeq 4000,,K562,,,,,,
523943332699993118,RBP ENCODE Data,633569419342994682,NCBP2_HepG2_1,false,CLIP,"{'id': 'Hs', 'name': 'Human'}",,ENCFF838SXG.fastq.gz,Experiment date released: 2016-04-26; Audit notes:,,,eCLIP,NNNNNNNNNN,GSM2422897,ENCODE,Gene Yeo,,NCBP2,,,,,,Gene Yeo,,Illumina HiSeq 4000,,HepG2,,,,,,
523943332699993118,RBP ENCODE Data,356482341224257442,YWHAG_K562_2,false,CLIP,"{'id': 'Hs', 'name': 'Human'}",,ENCFF803FES.fastq.gz,Experiment date released: 2015-11-09; Audit notes:,,,eCLIP,NNNNNNNNNN,GSM2424076,ENCODE,Gene Yeo,,YWHAG,,,,,,Gene Yeo,,Illumina HiSeq 2000,,K562,,,,,,
523943332699993118,RBP ENCODE Data,793803502099677858,PUS1_K562_2,false,CLIP,"{'id': 'Hs', 'name': 'Human'}",,ENCFF320HAD.fastq.gz,Experiment date released: 2016-09-21; Audit notes:,,,eCLIP,NNNNNNNNNN,GSM2423271,ENCODE,Gene Yeo,,PUS1,,,,,,Gene Yeo,,Illumina HiSeq 4000,,K562,,,,,,
523943332699993118,RBP ENCODE Data,141704358582040846,NCBP2_K562_2,false,CLIP,"{'id': 'Hs', 'name': 'Human'}",,ENCFF098RUK.fastq.gz,Experiment date released: 2016-04-26; Audit notes:,,,eCLIP,NNNNNNNNNN,GSM2423551,ENCODE,Gene Yeo,,NCBP2,,,,,,Gene Yeo,,Illumina HiSeq 4000,,K562,,,,,,
523943332699993118,RBP ENCODE Data,280989353828947559,NCBP2_K562_1,false,CLIP,"{'id': 'Hs', 'name': 'Human'}",,ENCFF608TLJ.fastq.gz,Experiment date released: 2016-04-26; Audit notes:,,,eCLIP,NNNNNNNNNN,GSM2423550,ENCODE,Gene Yeo,,NCBP2,,,,,,Gene Yeo,,Illumina HiSeq 4000,,K562,,,,,,
523943332699993118,RBP ENCODE Data,225365604956935421,DDX24_K562_1,false,CLIP,"{'id': 'Hs', 'name': 'Human'}",,ENCFF661UCF.fastq.gz,Experiment date released: 2016-04-26; Audit notes: mixed read lengths,,,eCLIP,NNNNNNNNNN,GSM2424262,ENCODE,Gene Yeo,,DDX24,,,,,,Gene Yeo,,Illumina HiSeq 4000,,K562,,,,,,
523943332699993118,RBP ENCODE Data,967042377307255470,PUS1_K562_1,false,CLIP,"{'id': 'Hs', 'name': 'Human'}",,ENCFF479SQA.fastq.gz,Experiment date released: 2016-09-21; Audit notes:,,,eCLIP,NNNNNNNNNN,GSM2423270,ENCODE,Gene Yeo,,PUS1,,,,,,Gene Yeo,,Illumina HiSeq 4000,,K562,,,,,,
523943332699993118,RBP ENCODE Data,183013979846538118,AGGF1_HepG2_2,false,CLIP,"{'id': 'Hs', 'name': 'Human'}",,ENCFF958HKG.fastq.gz,Experiment date released: 2016-04-26; Audit notes:,,,eCLIP,NNNNNNNNNN,GSM2423642,ENCODE,Gene Yeo,,AGGF1,,,,,,Gene Yeo,,Illumina HiSeq 4000,,HepG2,,,,,,
523943332699993118,RBP ENCODE Data,976725437651197404,EWSR1_K562_2,false,CLIP,"{'id': 'Hs', 'name': 'Human'}",,ENCFF529KND.fastq.gz,Experiment date released: 2016-04-26; Audit notes: mixed read lengths,,,eCLIP,NNNNNNNNNN,GSM2424104,ENCODE,Gene Yeo,,EWSR1,,,,,,Gene Yeo,,Illumina HiSeq 2500,,K562,,,,,,
523943332699993118,RBP ENCODE Data,284808226772563457,UCHL5_HepG2_2,false,CLIP,"{'id': 'Hs', 'name': 'Human'}",,ENCFF769IXL.fastq.gz,Experiment date released: 2016-04-26; Audit notes:,,,eCLIP,NNNNNNNNNN,GSM2423565,ENCODE,Gene Yeo,,UCHL5,,,,,,Gene Yeo,,Illumina HiSeq 4000,,HepG2,,,,,,
523943332699993118,RBP ENCODE Data,345812898329647216,AGGF1_HepG2_1,false,CLIP,"{'id': 'Hs', 'name': 'Human'}",,ENCFF164QUS.fastq.gz,Experiment date released: 2016-04-26; Audit notes:,,,eCLIP,NNNNNNNNNN,GSM2423643,ENCODE,Gene Yeo,,AGGF1,,,,,,Gene Yeo,,Illumina HiSeq 4000,,HepG2,,,,,,
523943332699993118,RBP ENCODE Data,475713945772776474,EWSR1_K562_1,false,CLIP,"{'id': 'Hs', 'name': 'Human'}",,ENCFF514NRD.fastq.gz,Experiment date released: 2016-04-26; Audit notes: mixed read lengths,,,eCLIP,NNNNNNNNNN,GSM2424105,ENCODE,Gene Yeo,,EWSR1,,,,,,Gene Yeo,,Illumina HiSeq 2500,,K562,,,,,,
523943332699993118,RBP ENCODE Data,586764945684227433,DDX24_K562_2,false,CLIP,"{'id': 'Hs', 'name': 'Human'}",,ENCFF091DPF.fastq.gz,Experiment date released: 2016-04-26; Audit notes: mixed read lengths,,,eCLIP,NNNNNNNNNN,GSM2424263,ENCODE,Gene Yeo,,DDX24,,,,,,Gene Yeo,,Illumina HiSeq 4000,,K562,,,,,,
523943332699993118,RBP ENCODE Data,371373332002958436,SRSF7_HepG2_2,false,CLIP,"{'id': 'Hs', 'name': 'Human'}",,ENCFF578OMQ.fastq.gz,Experiment date released: 2015-11-09; Audit notes:,,,eCLIP,NNNNNNNNNN,GSM2423592,ENCODE,Gene Yeo,,SRSF7,,,,,,Gene Yeo,,Illumina HiSeq 2000,,HepG2,,,,,,
523943332699993118,RBP ENCODE Data,857011696543652917,UCHL5_HepG2_1,false,CLIP,"{'id': 'Hs', 'name': 'Human'}",,ENCFF101IOW.fastq.gz,Experiment date released: 2016-04-26; Audit notes:,,,eCLIP,NNNNNNNNNN,GSM2423566,ENCODE,Gene Yeo,,UCHL5,,,,,,Gene Yeo,,Illumina HiSeq 4000,,HepG2,,,,,,
523943332699993118,RBP ENCODE Data,872495813823869465,ZNF622_K562_1,false,CLIP,"{'id': 'Hs', 'name': 'Human'}",,ENCFF241RKD.fastq.gz,Experiment date released: 2016-04-26; Audit notes:,,,eCLIP,NNNNNNNNNN,GSM2423818,ENCODE,Gene Yeo,,ZNF622,,,,,,Gene Yeo,,Illumina HiSeq 4000,,K562,,,,,,
523943332699993118,RBP ENCODE Data,441407218217400629,FXR2_K562_2,false,CLIP,"{'id': 'Hs', 'name': 'Human'}",,ENCFF616XVI.fastq.gz,Experiment date released: 2015-11-09; Audit notes: mixed read lengths,,,eCLIP,NNNNNNNNNN,GSM2423194,ENCODE,Gene Yeo,,FXR2,,,,,,Gene Yeo,,Illumina HiSeq 2000,,K562,,,,,,
523943332699993118,RBP ENCODE Data,129693185681622972,ZNF622_K562_2,false,CLIP,"{'id': 'Hs', 'name': 'Human'}",,ENCFF005MIK.fastq.gz,Experiment date released: 2016-04-26; Audit notes:,,,eCLIP,NNNNNNNNNN,GSM2423817,ENCODE,Gene Yeo,,ZNF622,,,,,,Gene Yeo,,Illumina HiSeq 4000,,K562,,,,,,
523943332699993118,RBP ENCODE Data,125415707940590919,FXR2_K562_1,false,CLIP,"{'id': 'Hs', 'name': 'Human'}",,ENCFF179VQL.fastq.gz,Experiment date released: 2015-11-09; Audit notes: mixed read lengths,,,eCLIP,NNNNNNNNNN,GSM2423193,ENCODE,Gene Yeo,,FXR2,,,,,,Gene Yeo,,Illumina HiSeq 2000,,K562,,,,,,
523943332699993118,RBP ENCODE Data,711493473935427193,SRSF7_HepG2_1,false,CLIP,"{'id': 'Hs', 'name': 'Human'}",,ENCFF605JFT.fastq.gz,Experiment date released: 2015-11-09; Audit notes:,,,eCLIP,NNNNNNNNNN,GSM2423591,ENCODE,Gene Yeo,,SRSF7,,,,,,Gene Yeo,,Illumina HiSeq 2000,,HepG2,,,,,,
523943332699993118,RBP ENCODE Data,501124018122459780,SAFB2_K562_2,false,CLIP,"{'id': 'Hs', 'name': 'Human'}",,ENCFF899HPH.fastq.gz,Experiment date released: 2015-07-15; Audit notes:,,,eCLIP,NNNNNNNNNN,GSM2424180,ENCODE,Gene Yeo,,SAFB2,,,,,,Gene Yeo,,Illumina HiSeq 2000,,K562,,,,,,
523943332699993118,RBP ENCODE Data,101281506734162464,CSTF2_HepG2_1,false,CLIP,"{'id': 'Hs', 'name': 'Human'}",,ENCFF180MDZ.fastq.gz,Experiment date released: 2016-08-19; Audit notes: mixed read lengths,,,eCLIP,NNNNNNNNNN,GSM2423403,ENCODE,Gene Yeo,,CSTF2,,,,,,Gene Yeo,,Illumina HiSeq 4000,,HepG2,,,,,,
523943332699993118,RBP ENCODE Data,499697545784008430,SAFB2_K562_1,false,CLIP,"{'id': 'Hs', 'name': 'Human'}",,ENCFF878YBB.fastq.gz,Experiment date released: 2015-07-15; Audit notes:,,,eCLIP,NNNNNNNNNN,GSM2424181,ENCODE,Gene Yeo,,SAFB2,,,,,,Gene Yeo,,Illumina HiSeq 2000,,K562,,,,,,
523943332699993118,RBP ENCODE Data,734542179793979117,TBRG4_K562_2,false,CLIP,"{'id': 'Hs', 'name': 'Human'}",,ENCFF345TKW.fastq.gz,Experiment date released: 2016-04-26; Audit notes:,,,eCLIP,NNNNNNNNNN,GSM2423584,ENCODE,Gene Yeo,,TBRG4,,,,,,Gene Yeo,,Illumina HiSeq 4000,,K562,,,,,,
523943332699993118,RBP ENCODE Data,464985259323625968,CSTF2_HepG2_2,false,CLIP,"{'id': 'Hs', 'name': 'Human'}",,ENCFF408GJH.fastq.gz,Experiment date released: 2016-08-19; Audit notes: mixed read lengths,,,eCLIP,NNNNNNNNNN,GSM2423402,ENCODE,Gene Yeo,,CSTF2,,,,,,Gene Yeo,,Illumina HiSeq 4000,,HepG2,,,,,,
523943332699993118,RBP ENCODE Data,387034156795904052,TBRG4_K562_1,false,CLIP,"{'id': 'Hs', 'name': 'Human'}",,ENCFF582GSU.fastq.gz,Experiment date released: 2016-04-26; Audit notes:,,,eCLIP,NNNNNNNNNN,GSM2423585,ENCODE,Gene Yeo,,TBRG4,,,,,,Gene Yeo,,Illumina HiSeq 4000,,K562,,,,,,
523943332699993118,RBP ENCODE Data,861836523839809195,MATR3_HepG2_1,false,CLIP,"{'id': 'Hs', 'name': 'Human'}",,ENCFF927IJF.fastq.gz,Experiment date released: 2018-04-24; Audit notes:,,,eCLIP,NNNNNNNNNN,GSM5370546,ENCODE,Gene Yeo,,MATR3,,,,,,Gene Yeo,,Illumina HiSeq 4000,,HepG2,,,,,,
523943332699993118,RBP ENCODE Data,697893791067946264,MATR3_HepG2_2,false,CLIP,"{'id': 'Hs', 'name': 'Human'}",,ENCFF527QLM.fastq.gz,Experiment date released: 2018-04-24; Audit notes:,,,eCLIP,NNNNNNNNNN,GSM5370545,ENCODE,Gene Yeo,,MATR3,,,,,,Gene Yeo,,Illumina HiSeq 4000,,HepG2,,,,,,
523943332699993118,RBP ENCODE Data,381873509979957541,TROVE2_K562_1,false,CLIP,"{'id': 'Hs', 'name': 'Human'}",,ENCFF145LAT.fastq.gz,Experiment date released: 2015-12-16; Audit notes:,,,eCLIP,NNNNNNNNNN,GSM2423634,ENCODE,Gene Yeo,,TROVE2,,,,,,Gene Yeo,,Illumina HiSeq 2500,,K562,,,,,,
523943332699993118,RBP ENCODE Data,299692204474781920,DGCR8_HepG2_1,false,CLIP,"{'id': 'Hs', 'name': 'Human'}",,ENCFF347OGO.fastq.gz,Experiment date released: 2017-08-15; Audit notes:,,,eCLIP,NNNNNNNNNN,GSM5370187,ENCODE,Gene Yeo,,DGCR8,,,,,,Gene Yeo,,Illumina HiSeq 2000,,HepG2,,,,,,
523943332699993118,RBP ENCODE Data,541860871825615024,ZC3H11A_HepG2_2,false,CLIP,"{'id': 'Hs', 'name': 'Human'}",,ENCFF481WSB.fastq.gz,Experiment date released: 2018-04-24; Audit notes:,,,eCLIP,NNNNNNNNNN,GSM5378941,ENCODE,Gene Yeo,,ZC3H11A,,,,,,Gene Yeo,,Illumina HiSeq 4000,,HepG2,,,,,,
523943332699993118,RBP ENCODE Data,120958686360200107,TROVE2_K562_2,false,CLIP,"{'id': 'Hs', 'name': 'Human'}",,ENCFF053TCK.fastq.gz,Experiment date released: 2015-12-16; Audit notes:,,,eCLIP,NNNNNNNNNN,GSM2423635,ENCODE,Gene Yeo,,TROVE2,,,,,,Gene Yeo,,Illumina HiSeq 2500,,K562,,,,,,
523943332699993118,RBP ENCODE Data,710801766838173727,DDX59_HepG2_1,false,CLIP,"{'id': 'Hs', 'name': 'Human'}",,ENCFF298QDG.fastq.gz,Experiment date released: 2016-10-31; Audit notes:,,,eCLIP,NNNNNNNNNN,GSM2423175,ENCODE,Gene Yeo,,DDX59,,,,,,Gene Yeo,,Illumina HiSeq 4000,,HepG2,,,,,,
523943332699993118,RBP ENCODE Data,551282822535143521,PRPF8_HepG2_1,false,CLIP,"{'id': 'Hs', 'name': 'Human'}",,ENCFF770UHE.fastq.gz,Experiment date released: 2015-11-09; Audit notes:,,,eCLIP,NNNNNNNNNN,GSM2423051,ENCODE,Gene Yeo,,PRPF8,,,,,,Gene Yeo,,Illumina HiSeq 2000,,HepG2,,,,,,
523943332699993118,RBP ENCODE Data,101239424704481465,DGCR8_HepG2_2,false,CLIP,"{'id': 'Hs', 'name': 'Human'}",,ENCFF420ZZD.fastq.gz,Experiment date released: 2017-08-15; Audit notes:,,,eCLIP,NNNNNNNNNN,GSM5370188,ENCODE,Gene Yeo,,DGCR8,,,,,,Gene Yeo,,Illumina HiSeq 2000,,HepG2,,,,,,
523943332699993118,RBP ENCODE Data,231786527163956070,EFTUD2_K562_2,false,CLIP,"{'id': 'Hs', 'name': 'Human'}",,ENCFF688KVW.fastq.gz,Experiment date released: 2016-04-26; Audit notes: mixed read lengths,,,eCLIP,NNNNNNNNNN,GSM2424043,ENCODE,Gene Yeo,,EFTUD2,,,,,,Gene Yeo,,Illumina HiSeq 4000,,K562,,,,,,
523943332699993118,RBP ENCODE Data,621052975040747699,PRPF8_HepG2_2,false,CLIP,"{'id': 'Hs', 'name': 'Human'}",,ENCFF419BEO.fastq.gz,Experiment date released: 2015-11-09; Audit notes:,,,eCLIP,NNNNNNNNNN,GSM2423052,ENCODE,Gene Yeo,,PRPF8,,,,,,Gene Yeo,,Illumina HiSeq 2000,,HepG2,,,,,,
523943332699993118,RBP ENCODE Data,477914777426407172,DDX59_HepG2_2,false,CLIP,"{'id': 'Hs', 'name': 'Human'}",,ENCFF191WAJ.fastq.gz,Experiment date released: 2016-10-31; Audit notes:,,,eCLIP,NNNNNNNNNN,GSM2423176,ENCODE,Gene Yeo,,DDX59,,,,,,Gene Yeo,,Illumina HiSeq 4000,,HepG2,,,,,,
523943332699993118,RBP ENCODE Data,639368620971180039,AKAP8L_K562_2,false,CLIP,"{'id': 'Hs', 'name': 'Human'}",,ENCFF228RUA.fastq.gz,Experiment date released: 2016-04-26; Audit notes: mixed read lengths,,,eCLIP,NNNNNNNNNN,GSM2423162,ENCODE,Gene Yeo,,AKAP8L,,,,,,Gene Yeo,,Illumina HiSeq 4000,,K562,,,,,,
523943332699993118,RBP ENCODE Data,455874809822745930,LIN28B_K562_1,false,CLIP,"{'id': 'Hs', 'name': 'Human'}",,ENCFF594JCF.fastq.gz,Experiment date released: 2015-11-09; Audit notes: mixed read lengths,,,eCLIP,NNNNNNNNNN,GSM2424213,ENCODE,Gene Yeo,,LIN28B,,,,,,Gene Yeo,,Illumina HiSeq 2000,,K562,,,,,,
523943332699993118,RBP ENCODE Data,107408789455493833,AKAP8L_K562_1,false,CLIP,"{'id': 'Hs', 'name': 'Human'}",,ENCFF443KRX.fastq.gz,Experiment date released: 2016-04-26; Audit notes: mixed read lengths,,,eCLIP,NNNNNNNNNN,GSM2423163,ENCODE,Gene Yeo,,AKAP8L,,,,,,Gene Yeo,,Illumina HiSeq 4000,,K562,,,,,,
523943332699993118,RBP ENCODE Data,875231013181003991,EIF3D_HepG2_2,false,CLIP,"{'id': 'Hs', 'name': 'Human'}",,ENCFF957IOQ.fastq.gz,Experiment date released: 2016-04-26; Audit notes:,,,eCLIP,NNNNNNNNNN,GSM2422923,ENCODE,Gene Yeo,,EIF3D,,,,,,Gene Yeo,,Illumina HiSeq 4000,,HepG2,,,,,,
523943332699993118,RBP ENCODE Data,482804660398185561,RBFOX2_HepG2_2,false,CLIP,"{'id': 'Hs', 'name': 'Human'}",,ENCFF289OFA.fastq.gz,Experiment date released: 2015-07-15; Audit notes: mixed read lengths,,,eCLIP,NNNNNNNNNN,GSM2424235,ENCODE,Gene Yeo,,RBFOX2,,,,,,Gene Yeo,,Illumina HiSeq 2000,,HepG2,,,,,,
523943332699993118,RBP ENCODE Data,139258774022416418,RBFOX2_HepG2_1,false,CLIP,"{'id': 'Hs', 'name': 'Human'}",,ENCFF647KDW.fastq.gz,Experiment date released: 2015-07-15; Audit notes: mixed read lengths,,,eCLIP,NNNNNNNNNN,GSM2424234,ENCODE,Gene Yeo,,RBFOX2,,,,,,Gene Yeo,,Illumina HiSeq 2000,,HepG2,,,,,,
523943332699993118,RBP ENCODE Data,459448382532420882,SUPV3L1_HepG2_1,false,CLIP,"{'id': 'Hs', 'name': 'Human'}",,ENCFF728OEM.fastq.gz,Experiment date released: 2016-08-19; Audit notes:,,,eCLIP,NNNNNNNNNN,GSM2423702,ENCODE,Gene Yeo,,SUPV3L1,,,,,,Gene Yeo,,Illumina HiSeq 4000,,HepG2,,,,,,
523943332699993118,RBP ENCODE Data,945186671364473105,EFTUD2_K562_1,false,CLIP,"{'id': 'Hs', 'name': 'Human'}",,ENCFF273YUG.fastq.gz,Experiment date released: 2016-04-26; Audit notes: mixed read lengths,,,eCLIP,NNNNNNNNNN,GSM2424044,ENCODE,Gene Yeo,,EFTUD2,,,,,,Gene Yeo,,Illumina HiSeq 4000,,K562,,,,,,
523943332699993118,RBP ENCODE Data,152215821633373193,NONO_K562_2,false,CLIP,"{'id': 'Hs', 'name': 'Human'}",,ENCFF008LDP.fastq.gz,Experiment date released: 2015-11-09; Audit notes:,,,eCLIP,NNNNNNNNNN,GSM2424058,ENCODE,Gene Yeo,,NONO,,,,,,Gene Yeo,,Illumina HiSeq 2000,,K562,,,,,,
523943332699993118,RBP ENCODE Data,862090517098571120,LIN28B_K562_2,false,CLIP,"{'id': 'Hs', 'name': 'Human'}",,ENCFF557FKM.fastq.gz,Experiment date released: 2015-11-09; Audit notes: mixed read lengths,,,eCLIP,NNNNNNNNNN,GSM2424212,ENCODE,Gene Yeo,,LIN28B,,,,,,Gene Yeo,,Illumina HiSeq 2000,,K562,,,,,,
523943332699993118,RBP ENCODE Data,205590055230387354,NONO_K562_1,false,CLIP,"{'id': 'Hs', 'name': 'Human'}",,ENCFF896KWG.fastq.gz,Experiment date released: 2015-11-09; Audit notes:,,,eCLIP,NNNNNNNNNN,GSM2424059,ENCODE,Gene Yeo,,NONO,,,,,,Gene Yeo,,Illumina HiSeq 2000,,K562,,,,,,
523943332699993118,RBP ENCODE Data,833381288545670310,SUPV3L1_HepG2_2,false,CLIP,"{'id': 'Hs', 'name': 'Human'}",,ENCFF349HRX.fastq.gz,Experiment date released: 2016-08-19; Audit notes:,,,eCLIP,NNNNNNNNNN,GSM2423703,ENCODE,Gene Yeo,,SUPV3L1,,,,,,Gene Yeo,,Illumina HiSeq 4000,,HepG2,,,,,,
523943332699993118,RBP ENCODE Data,107543833996824852,ZC3H11A_HepG2_1,false,CLIP,"{'id': 'Hs', 'name': 'Human'}",,ENCFF458RXV.fastq.gz,Experiment date released: 2018-04-24; Audit notes:,,,eCLIP,NNNNNNNNNN,GSM5378942,ENCODE,Gene Yeo,,ZC3H11A,,,,,,Gene Yeo,,Illumina HiSeq 4000,,HepG2,,,,,,
523943332699993118,RBP ENCODE Data,338539457778855630,EIF3D_HepG2_1,false,CLIP,"{'id': 'Hs', 'name': 'Human'}",,ENCFF329LNT.fastq.gz,Experiment date released: 2016-04-26; Audit notes:,,,eCLIP,NNNNNNNNNN,GSM2422924,ENCODE,Gene Yeo,,EIF3D,,,,,,Gene Yeo,,Illumina HiSeq 4000,,HepG2,,,,,,
523943332699993118,RBP ENCODE Data,730226683023042737,LARP7_K562_1,false,CLIP,"{'id': 'Hs', 'name': 'Human'}",,ENCFF327HGP.fastq.gz,Experiment date released: 2015-07-15; Audit notes:,,,eCLIP,NNNNNNNNNN,GSM2423510,ENCODE,Gene Yeo,,LARP7,,,,,,Gene Yeo,,Illumina HiSeq 2000,,K562,,,,,,
523943332699993118,RBP ENCODE Data,550237986478006394,LARP7_K562_2,false,CLIP,"{'id': 'Hs', 'name': 'Human'}",,ENCFF256RGM.fastq.gz,Experiment date released: 2015-07-15; Audit notes:,,,eCLIP,NNNNNNNNNN,GSM2423509,ENCODE,Gene Yeo,,LARP7,,,,,,Gene Yeo,,Illumina HiSeq 2000,,K562,,,,,,
523943332699993118,RBP ENCODE Data,714269665261776501,LSM11_K562_2,false,CLIP,"{'id': 'Hs', 'name': 'Human'}",,ENCFF875THF.fastq.gz,Experiment date released: 2015-12-16; Audit notes:,,,eCLIP,NNNNNNNNNN,GSM2422905,ENCODE,Gene Yeo,,LSM11,,,,,,Gene Yeo,,Illumina HiSeq 2500,,K562,,,,,,
523943332699993118,RBP ENCODE Data,534391390584672468,PTBP1_HepG2_2,false,CLIP,"{'id': 'Hs', 'name': 'Human'}",,ENCFF515WDT.fastq.gz,Experiment date released: 2016-09-21; Audit notes:,,,eCLIP,NNNNNNNNNN,GSM2423400,ENCODE,Gene Yeo,,PTBP1,,,,,,Gene Yeo,,Illumina HiSeq 4000,,HepG2,,,,,,
523943332699993118,RBP ENCODE Data,997166630859971313,HNRNPU_K562_1,false,CLIP,"{'id': 'Hs', 'name': 'Human'}",,ENCFF253HOY.fastq.gz,Experiment date released: 2015-07-15; Audit notes:,,,eCLIP,NNNNNNNNNN,GSM2423602,ENCODE,Gene Yeo,,HNRNPU,,,,,,Gene Yeo,,Illumina HiSeq 2000,,K562,,,,,,
523943332699993118,RBP ENCODE Data,801835913556216872,DROSHA_K562_1,false,CLIP,"{'id': 'Hs', 'name': 'Human'}",,ENCFF307CXZ.fastq.gz,Experiment date released: 2016-04-26; Audit notes: mixed read lengths,,,eCLIP,NNNNNNNNNN,GSM2423807,ENCODE,Gene Yeo,,DROSHA,,,,,,Gene Yeo,,Illumina HiSeq 4000,,K562,,,,,,
523943332699993118,RBP ENCODE Data,580688720931087148,FTO_K562_1,false,CLIP,"{'id': 'Hs', 'name': 'Human'}",,ENCFF877URW.fastq.gz,Experiment date released: 2016-10-31; Audit notes: mixed read lengths,,,eCLIP,NNNNNNNNNN,GSM2424241,ENCODE,Gene Yeo,,FTO,,,,,,Gene Yeo,,Illumina HiSeq 2500,,K562,,,,,,
523943332699993118,RBP ENCODE Data,253098356961508091,FTO_K562_2,false,CLIP,"{'id': 'Hs', 'name': 'Human'}",,ENCFF185EIE.fastq.gz,Experiment date released: 2016-10-31; Audit notes: mixed read lengths,,,eCLIP,NNNNNNNNNN,GSM2424240,ENCODE,Gene Yeo,,FTO,,,,,,Gene Yeo,,Illumina HiSeq 2500,,K562,,,,,,
523943332699993118,RBP ENCODE Data,394475083546727030,HNRNPU_K562_2,false,CLIP,"{'id': 'Hs', 'name': 'Human'}",,ENCFF145OZZ.fastq.gz,Experiment date released: 2015-07-15; Audit notes:,,,eCLIP,NNNNNNNNNN,GSM2423603,ENCODE,Gene Yeo,,HNRNPU,,,,,,Gene Yeo,,Illumina HiSeq 2000,,K562,,,,,,
523943332699993118,RBP ENCODE Data,747557695920230463,PHF6_K562_1,false,CLIP,"{'id': 'Hs', 'name': 'Human'}",,ENCFF042XJN.fastq.gz,Experiment date released: 2018-08-30; Audit notes:,,,eCLIP,NNNNNNNNNN,GSM5369545,ENCODE,Gene Yeo,,PHF6,,,,,,Gene Yeo,,Illumina HiSeq 4000,,K562,,,,,,
523943332699993118,RBP ENCODE Data,135897114114983720,MATR3_K562_1,false,CLIP,"{'id': 'Hs', 'name': 'Human'}",,ENCFF806OBL.fastq.gz,Experiment date released: 2018-08-30; Audit notes:,,,eCLIP,NNNNNNNNNN,GSM5374331,ENCODE,Gene Yeo,,MATR3,,,,,,Gene Yeo,,Illumina HiSeq 4000,,K562,,,,,,
523943332699993118,RBP ENCODE Data,555475885123540290,HNRNPU_HepG2_1,false,CLIP,"{'id': 'Hs', 'name': 'Human'}",,ENCFF739PWI.fastq.gz,Experiment date released: 2015-07-15; Audit notes: mixed read lengths,,,eCLIP,NNNNNNNNNN,GSM2423215,ENCODE,Gene Yeo,,HNRNPU,,,,,,Gene Yeo,,Illumina HiSeq 2000,,HepG2,,,,,,
523943332699993118,RBP ENCODE Data,482122817419121840,WDR43_K562_2,false,CLIP,"{'id': 'Hs', 'name': 'Human'}",,ENCFF188RTW.fastq.gz,Experiment date released: 2018-08-30; Audit notes: mixed read lengths,,,eCLIP,NNNNNNNNNN,GSM5374305,ENCODE,Gene Yeo,,WDR43,,,,,,Gene Yeo,,Illumina HiSeq 4000,,K562,,,,,,
523943332699993118,RBP ENCODE Data,644028202414527342,LSM11_K562_1,false,CLIP,"{'id': 'Hs', 'name': 'Human'}",,ENCFF203JSP.fastq.gz,Experiment date released: 2015-12-16; Audit notes:,,,eCLIP,NNNNNNNNNN,GSM2422904,ENCODE,Gene Yeo,,LSM11,,,,,,Gene Yeo,,Illumina HiSeq 2500,,K562,,,,,,
523943332699993118,RBP ENCODE Data,968746576452217096,MATR3_K562_2,false,CLIP,"{'id': 'Hs', 'name': 'Human'}",,ENCFF358JCT.fastq.gz,Experiment date released: 2018-08-30; Audit notes:,,,eCLIP,NNNNNNNNNN,GSM5374330,ENCODE,Gene Yeo,,MATR3,,,,,,Gene Yeo,,Illumina HiSeq 4000,,K562,,,,,,
523943332699993118,RBP ENCODE Data,379899776675180495,WDR43_K562_1,false,CLIP,"{'id': 'Hs', 'name': 'Human'}",,ENCFF522XKE.fastq.gz,Experiment date released: 2018-08-30; Audit notes: mixed read lengths,,,eCLIP,NNNNNNNNNN,GSM5374304,ENCODE,Gene Yeo,,WDR43,,,,,,Gene Yeo,,Illumina HiSeq 4000,,K562,,,,,,
523943332699993118,RBP ENCODE Data,774253995759079332,PTBP1_HepG2_1,false,CLIP,"{'id': 'Hs', 'name': 'Human'}",,ENCFF176JNE.fastq.gz,Experiment date released: 2016-09-21; Audit notes:,,,eCLIP,NNNNNNNNNN,GSM2423401,ENCODE,Gene Yeo,,PTBP1,,,,,,Gene Yeo,,Illumina HiSeq 4000,,HepG2,,,,,,
523943332699993118,RBP ENCODE Data,326356142313391314,PUM1_K562_2,false,CLIP,"{'id': 'Hs', 'name': 'Human'}",,ENCFF019LLG.fastq.gz,Experiment date released: 2018-08-30; Audit notes:,,,eCLIP,NNNNNNNNNN,GSM5374043,ENCODE,Gene Yeo,,PUM1,,,,,,Gene Yeo,,Illumina HiSeq 4000,,K562,,,,,,
523943332699993118,RBP ENCODE Data,727135844880937057,HNRNPU_HepG2_2,false,CLIP,"{'id': 'Hs', 'name': 'Human'}",,ENCFF942SSU.fastq.gz,Experiment date released: 2015-07-15; Audit notes: mixed read lengths,,,eCLIP,NNNNNNNNNN,GSM2423216,ENCODE,Gene Yeo,,HNRNPU,,,,,,Gene Yeo,,Illumina HiSeq 2000,,HepG2,,,,,,
523943332699993118,RBP ENCODE Data,896591096502921109,PUM1_K562_1,false,CLIP,"{'id': 'Hs', 'name': 'Human'}",,ENCFF353ZJC.fastq.gz,Experiment date released: 2018-08-30; Audit notes:,,,eCLIP,NNNNNNNNNN,GSM5374042,ENCODE,Gene Yeo,,PUM1,,,,,,Gene Yeo,,Illumina HiSeq 4000,,K562,,,,,,
523943332699993118,RBP ENCODE Data,446344674225631744,FXR2_HepG2_1,false,CLIP,"{'id': 'Hs', 'name': 'Human'}",,ENCFF300OPL.fastq.gz,Experiment date released: 2018-08-30; Audit notes: antibody characterized with exemption,,,eCLIP,NNNNNNNNNN,GSM5379384,ENCODE,Gene Yeo,,FXR2,,,,,,Gene Yeo,,Illumina HiSeq 4000,,HepG2,,,,,,
523943332699993118,RBP ENCODE Data,301285495843777261,PHF6_K562_2,false,CLIP,"{'id': 'Hs', 'name': 'Human'}",,ENCFF165KAR.fastq.gz,Experiment date released: 2018-08-30; Audit notes:,,,eCLIP,NNNNNNNNNN,GSM5369546,ENCODE,Gene Yeo,,PHF6,,,,,,Gene Yeo,,Illumina HiSeq 4000,,K562,,,,,,
523943332699993118,RBP ENCODE Data,553757210231947297,DROSHA_K562_2,false,CLIP,"{'id': 'Hs', 'name': 'Human'}",,ENCFF521GGC.fastq.gz,Experiment date released: 2016-04-26; Audit notes: mixed read lengths,,,eCLIP,NNNNNNNNNN,GSM2423806,ENCODE,Gene Yeo,,DROSHA,,,,,,Gene Yeo,,Illumina HiSeq 4000,,K562,,,,,,
523943332699993118,RBP ENCODE Data,751421130015666977,FXR2_HepG2_2,false,CLIP,"{'id': 'Hs', 'name': 'Human'}",,ENCFF034XGK.fastq.gz,Experiment date released: 2018-08-30; Audit notes: antibody characterized with exemption,,,eCLIP,NNNNNNNNNN,GSM5379385,ENCODE,Gene Yeo,,FXR2,,,,,,Gene Yeo,,Illumina HiSeq 4000,,HepG2,,,,,,
523943332699993118,RBP ENCODE Data,762361022812829262,FTO_HepG2_2,false,CLIP,"{'id': 'Hs', 'name': 'Human'}",,ENCFF820YSI.fastq.gz,Experiment date released: 2018-08-30; Audit notes: mixed read lengths,,,eCLIP,NNNNNNNNNN,GSM5378916,ENCODE,Gene Yeo,,FTO,,,,,,Gene Yeo,,Illumina HiSeq 4000,,HepG2,,,,,,
523943332699993118,RBP ENCODE Data,582741544073317143,UTP18_HepG2_1,false,CLIP,"{'id': 'Hs', 'name': 'Human'}",,ENCFF466WOW.fastq.gz,Experiment date released: 2018-08-30; Audit notes:,,,eCLIP,NNNNNNNNNN,GSM5374713,ENCODE,Gene Yeo,,UTP18,,,,,,Gene Yeo,,Illumina HiSeq 4000,,HepG2,,,,,,
523943332699993118,RBP ENCODE Data,566743714336149236,UTP18_HepG2_2,false,CLIP,"{'id': 'Hs', 'name': 'Human'}",,ENCFF019ITV.fastq.gz,Experiment date released: 2018-08-30; Audit notes:,,,eCLIP,NNNNNNNNNN,GSM5374714,ENCODE,Gene Yeo,,UTP18,,,,,,Gene Yeo,,Illumina HiSeq 4000,,HepG2,,,,,,
523943332699993118,RBP ENCODE Data,463604653784099240,AKAP1_HepG2_1,false,CLIP,"{'id': 'Hs', 'name': 'Human'}",,ENCFF075DAU.fastq.gz,Experiment date released: 2018-08-30; Audit notes:,,,eCLIP,NNNNNNNNNN,GSM5374390,ENCODE,Gene Yeo,,AKAP1,,,,,,Gene Yeo,,Illumina HiSeq 4000,,HepG2,,,,,,
523943332699993118,RBP ENCODE Data,822970897940490382,AKAP1_HepG2_2,false,CLIP,"{'id': 'Hs', 'name': 'Human'}",,ENCFF990EAG.fastq.gz,Experiment date released: 2018-08-30; Audit notes:,,,eCLIP,NNNNNNNNNN,GSM5374391,ENCODE,Gene Yeo,,AKAP1,,,,,,Gene Yeo,,Illumina HiSeq 4000,,HepG2,,,,,,
523943332699993118,RBP ENCODE Data,965771118607504116,AQR_K562_1,false,CLIP,"{'id': 'Hs', 'name': 'Human'}",,ENCFF441OJX.fastq.gz,Experiment date released: 2018-08-30; Audit notes:,,,eCLIP,NNNNNNNNNN,GSM5375211,ENCODE,Gene Yeo,,AQR,,,,,,Gene Yeo,,Illumina HiSeq 4000,,K562,,,,,,
523943332699993118,RBP ENCODE Data,899180523340098650,AQR_K562_2,false,CLIP,"{'id': 'Hs', 'name': 'Human'}",,ENCFF300ZIN.fastq.gz,Experiment date released: 2018-08-30; Audit notes:,,,eCLIP,NNNNNNNNNN,GSM5375210,ENCODE,Gene Yeo,,AQR,,,,,,Gene Yeo,,Illumina HiSeq 4000,,K562,,,,,,
523943332699993118,RBP ENCODE Data,748419692778540713,AATF_K562_1,false,CLIP,"{'id': 'Hs', 'name': 'Human'}",,ENCFF647ZMG.fastq.gz,Experiment date released: 2018-08-30; Audit notes:,,,eCLIP,NNNNNNNNNN,GSM5379015,ENCODE,Gene Yeo,,AATF,,,,,,Gene Yeo,,Illumina HiSeq 4000,,K562,,,,,,
523943332699993118,RBP ENCODE Data,871722530961024006,AQR_HepG2_1,false,CLIP,"{'id': 'Hs', 'name': 'Human'}",,ENCFF166EBF.fastq.gz,Experiment date released: 2018-08-30; Audit notes: mixed read lengths,,,eCLIP,NNNNNNNNNN,GSM5369782,ENCODE,Gene Yeo,,AQR,,,,,,Gene Yeo,,Illumina HiSeq 4000,,HepG2,,,,,,
523943332699993118,RBP ENCODE Data,279951502912074776,NIPBL_K562_2,false,CLIP,"{'id': 'Hs', 'name': 'Human'}",,ENCFF325XUV.fastq.gz,Experiment date released: 2018-08-30; Audit notes:,,,eCLIP,NNNNNNNNNN,GSM5379503,ENCODE,Gene Yeo,,NIPBL,,,,,,Gene Yeo,,Illumina HiSeq 4000,,K562,,,,,,
523943332699993118,RBP ENCODE Data,355126173440425178,NIPBL_K562_1,false,CLIP,"{'id': 'Hs', 'name': 'Human'}",,ENCFF022RTU.fastq.gz,Experiment date released: 2018-08-30; Audit notes:,,,eCLIP,NNNNNNNNNN,ENCFF022RTU,ENCODE,Gene Yeo,,NIPBL,,,,,,Gene Yeo,,Illumina HiSeq 4000,,K562,,,,,,
523943332699993118,RBP ENCODE Data,639307563125525034,AATF_K562_2,false,CLIP,"{'id': 'Hs', 'name': 'Human'}",,ENCFF990ZCZ.fastq.gz,Experiment date released: 2018-08-30; Audit notes:,,,eCLIP,NNNNNNNNNN,GSM5379014,ENCODE,Gene Yeo,,AATF,,,,,,Gene Yeo,,Illumina HiSeq 4000,,K562,,,,,,
523943332699993118,RBP ENCODE Data,610740103159822708,SUPV3L1_K562_2,false,CLIP,"{'id': 'Hs', 'name': 'Human'}",,ENCFF813UKO.fastq.gz,Experiment date released: 2018-08-30; Audit notes:,,,eCLIP,NNNNNNNNNN,GSM5374726,ENCODE,Gene Yeo,,SUPV3L1,,,,,,Gene Yeo,,Illumina HiSeq 4000,,K562,,,,,,
523943332699993118,RBP ENCODE Data,302389127925061544,AQR_HepG2_2,false,CLIP,"{'id': 'Hs', 'name': 'Human'}",,ENCFF985BEH.fastq.gz,Experiment date released: 2018-08-30; Audit notes: mixed read lengths,,,eCLIP,NNNNNNNNNN,GSM5369783,ENCODE,Gene Yeo,,AQR,,,,,,Gene Yeo,,Illumina HiSeq 4000,,HepG2,,,,,,
523943332699993118,RBP ENCODE Data,634434517912974084,SUPV3L1_K562_1,false,CLIP,"{'id': 'Hs', 'name': 'Human'}",,ENCFF126HSF.fastq.gz,Experiment date released: 2018-08-30; Audit notes:,,,eCLIP,NNNNNNNNNN,GSM5374725,ENCODE,Gene Yeo,,SUPV3L1,,,,,,Gene Yeo,,Illumina HiSeq 4000,,K562,,,,,,
523943332699993118,RBP ENCODE Data,636807009963916369,NIP7_HepG2_2,false,CLIP,"{'id': 'Hs', 'name': 'Human'}",,ENCFF427MET.fastq.gz,Experiment date released: 2018-08-30; Audit notes:,,,eCLIP,NNNNNNNNNN,GSM5374418,ENCODE,Gene Yeo,,NIP7,,,,,,Gene Yeo,,Illumina HiSeq 4000,,HepG2,,,,,,
523943332699993118,RBP ENCODE Data,756905133682313728,GRWD1_K562_2,false,CLIP,"{'id': 'Hs', 'name': 'Human'}",,ENCFF727IRZ.fastq.gz,Experiment date released: 2018-08-30; Audit notes:,,,eCLIP,NNNNNNNNNN,GSM5379582,ENCODE,Gene Yeo,,GRWD1,,,,,,Gene Yeo,,Illumina HiSeq 4000,,K562,,,,,,
523943332699993118,RBP ENCODE Data,448296325916630253,WDR3_K562_1,false,CLIP,"{'id': 'Hs', 'name': 'Human'}",,ENCFF270QTE.fastq.gz,Experiment date released: 2018-08-30; Audit notes:,,,eCLIP,NNNNNNNNNN,GSM5369625,ENCODE,Gene Yeo,,WDR3,,,,,,Gene Yeo,,Illumina HiSeq 4000,,K562,,,,,,
523943332699993118,RBP ENCODE Data,502570746228713841,WDR43_HepG2_1,false,CLIP,"{'id': 'Hs', 'name': 'Human'}",,ENCFF133XVB.fastq.gz,Experiment date released: 2018-08-30; Audit notes:,,,eCLIP,NNNNNNNNNN,GSM5370471,ENCODE,Gene Yeo,,WDR43,,,,,,Gene Yeo,,Illumina HiSeq 4000,,HepG2,,,,,,
523943332699993118,RBP ENCODE Data,692896667159323269,NIP7_HepG2_1,false,CLIP,"{'id': 'Hs', 'name': 'Human'}",,ENCFF134AMO.fastq.gz,Experiment date released: 2018-08-30; Audit notes:,,,eCLIP,NNNNNNNNNN,GSM5374417,ENCODE,Gene Yeo,,NIP7,,,,,,Gene Yeo,,Illumina HiSeq 4000,,HepG2,,,,,,
523943332699993118,RBP ENCODE Data,511414438512886599,WDR3_K562_2,false,CLIP,"{'id': 'Hs', 'name': 'Human'}",,ENCFF733LSZ.fastq.gz,Experiment date released: 2018-08-30; Audit notes:,,,eCLIP,NNNNNNNNNN,GSM5369624,ENCODE,Gene Yeo,,WDR3,,,,,,Gene Yeo,,Illumina HiSeq 4000,,K562,,,,,,
523943332699993118,RBP ENCODE Data,458899169597279527,CDC40_HepG2_2,false,CLIP,"{'id': 'Hs', 'name': 'Human'}",,ENCFF886RPO.fastq.gz,Experiment date released: 2016-10-31; Audit notes:,,,eCLIP,NNNNNNNNNN,GSM2424002,ENCODE,Gene Yeo,,CDC40,,,,,,Gene Yeo,,Illumina HiSeq 4000,,HepG2,,,,,,
523943332699993118,RBP ENCODE Data,829825427404093533,WDR43_HepG2_2,false,CLIP,"{'id': 'Hs', 'name': 'Human'}",,ENCFF291FNE.fastq.gz,Experiment date released: 2018-08-30; Audit notes:,,,eCLIP,NNNNNNNNNN,GSM5370470,ENCODE,Gene Yeo,,WDR43,,,,,,Gene Yeo,,Illumina HiSeq 4000,,HepG2,,,,,,
523943332699993118,RBP ENCODE Data,253348090916876849,GRWD1_K562_1,false,CLIP,"{'id': 'Hs', 'name': 'Human'}",,ENCFF569HJH.fastq.gz,Experiment date released: 2018-08-30; Audit notes:,,,eCLIP,NNNNNNNNNN,GSM5379581,ENCODE,Gene Yeo,,GRWD1,,,,,,Gene Yeo,,Illumina HiSeq 4000,,K562,,,,,,
523943332699993118,RBP ENCODE Data,305360963765922582,PABPC4_K562_1,false,CLIP,"{'id': 'Hs', 'name': 'Human'}",,ENCFF440SQF.fastq.gz,Experiment date released: 2018-08-30; Audit notes:,,,eCLIP,NNNNNNNNNN,GSM5379302,ENCODE,Gene Yeo,,PABPC4,,,,,,Gene Yeo,,Illumina HiSeq 4000,,K562,,,,,,
523943332699993118,RBP ENCODE Data,513285052001904409,DDX51_K562_1,false,CLIP,"{'id': 'Hs', 'name': 'Human'}",,ENCFF258EAW.fastq.gz,Experiment date released: 2018-08-30; Audit notes:,,,eCLIP,NNNNNNNNNN,GSM5370062,ENCODE,Gene Yeo,,DDX51,,,,,,Gene Yeo,,Illumina HiSeq 4000,,K562,,,,,,
523943332699993118,RBP ENCODE Data,219258266714039066,WRN_K562_1,false,CLIP,"{'id': 'Hs', 'name': 'Human'}",,ENCFF137XEJ.fastq.gz,Experiment date released: 2018-08-30; Audit notes: mixed read lengths,,,eCLIP,NNNNNNNNNN,GSM5369959,ENCODE,Gene Yeo,,WRN,,,,,,Gene Yeo,,Illumina HiSeq 4000,,K562,,,,,,
523943332699993118,RBP ENCODE Data,248603230864820011,PABPC4_K562_2,false,CLIP,"{'id': 'Hs', 'name': 'Human'}",,ENCFF478YTR.fastq.gz,Experiment date released: 2018-08-30; Audit notes:,,,eCLIP,NNNNNNNNNN,GSM5379303,ENCODE,Gene Yeo,,PABPC4,,,,,,Gene Yeo,,Illumina HiSeq 4000,,K562,,,,,,
523943332699993118,RBP ENCODE Data,912657154627696514,PCBP1_K562_1,false,CLIP,"{'id': 'Hs', 'name': 'Human'}",,ENCFF795GKY.fastq.gz,Experiment date released: 2018-08-30; Audit notes:,,,eCLIP,NNNNNNNNNN,GSM5379038,ENCODE,Gene Yeo,,PCBP1,,,,,,Gene Yeo,,Illumina HiSeq 4000,,K562,,,,,,
523943332699993118,RBP ENCODE Data,734136505202306810,ABCF1_K562_2,false,CLIP,"{'id': 'Hs', 'name': 'Human'}",,ENCFF781LAN.fastq.gz,Experiment date released: 2018-08-30; Audit notes:,,,eCLIP,NNNNNNNNNN,GSM5370481,ENCODE,Gene Yeo,,ABCF1,,,,,,Gene Yeo,,Illumina HiSeq 4000,,K562,,,,,,
523943332699993118,RBP ENCODE Data,166277548586767285,PCBP1_K562_2,false,CLIP,"{'id': 'Hs', 'name': 'Human'}",,ENCFF466YKR.fastq.gz,Experiment date released: 2018-08-30; Audit notes:,,,eCLIP,NNNNNNNNNN,GSM5379037,ENCODE,Gene Yeo,,PCBP1,,,,,,Gene Yeo,,Illumina HiSeq 4000,,K562,,,,,,
523943332699993118,RBP ENCODE Data,469177349067519729,SSB_K562_2,false,CLIP,"{'id': 'Hs', 'name': 'Human'}",,ENCFF676BHH.fastq.gz,Experiment date released: 2018-08-30; Audit notes: mixed read lengths,,,eCLIP,NNNNNNNNNN,GSM5374378,ENCODE,Gene Yeo,,SSB,,,,,,Gene Yeo,,Illumina HiSeq 4000,,K562,,,,,,
523943332699993118,RBP ENCODE Data,572717028279984094,WRN_K562_2,false,CLIP,"{'id': 'Hs', 'name': 'Human'}",,ENCFF548GPO.fastq.gz,Experiment date released: 2018-08-30; Audit notes: mixed read lengths,,,eCLIP,NNNNNNNNNN,GSM5369958,ENCODE,Gene Yeo,,WRN,,,,,,Gene Yeo,,Illumina HiSeq 4000,,K562,,,,,,
523943332699993118,RBP ENCODE Data,593296521198806963,EXOSC5_HepG2_1,false,CLIP,"{'id': 'Hs', 'name': 'Human'}",,ENCFF507EGU.fastq.gz,Experiment date released: 2018-08-30; Audit notes: mixed read lengths,,,eCLIP,NNNNNNNNNN,GSM5378884,ENCODE,Gene Yeo,,EXOSC5,,,,,,Gene Yeo,,Illumina HiSeq 4000,,HepG2,,,,,,
523943332699993118,RBP ENCODE Data,324265312774792483,SSB_K562_1,false,CLIP,"{'id': 'Hs', 'name': 'Human'}",,ENCFF677KYJ.fastq.gz,Experiment date released: 2018-08-30; Audit notes: mixed read lengths,,,eCLIP,NNNNNNNNNN,GSM5374379,ENCODE,Gene Yeo,,SSB,,,,,,Gene Yeo,,Illumina HiSeq 4000,,K562,,,,,,
523943332699993118,RBP ENCODE Data,701832664916819458,SAFB_K562_2,false,CLIP,"{'id': 'Hs', 'name': 'Human'}",,ENCFF607DEZ.fastq.gz,Experiment date released: 2018-08-30; Audit notes: mixed read lengths,,,eCLIP,NNNNNNNNNN,GSM5374675,ENCODE,Gene Yeo,,SAFB,,,,,,Gene Yeo,,Illumina HiSeq 4000,,K562,,,,,,
523943332699993118,RBP ENCODE Data,741765163757554851,ABCF1_K562_1,false,CLIP,"{'id': 'Hs', 'name': 'Human'}",,ENCFF212LWQ.fastq.gz,Experiment date released: 2018-08-30; Audit notes:,,,eCLIP,NNNNNNNNNN,GSM5370480,ENCODE,Gene Yeo,,ABCF1,,,,,,Gene Yeo,,Illumina HiSeq 4000,,K562,,,,,,
523943332699993118,RBP ENCODE Data,242535221822317815,PRPF4_HepG2_2,false,CLIP,"{'id': 'Hs', 'name': 'Human'}",,ENCFF541DXC.fastq.gz,Experiment date released: 2018-08-30; Audit notes:,,,eCLIP,NNNNNNNNNN,GSM5379438,ENCODE,Gene Yeo,,PRPF4,,,,,,Gene Yeo,,Illumina HiSeq 4000,,HepG2,,,,,,
523943332699993118,RBP ENCODE Data,185864828099009520,EXOSC5_HepG2_2,false,CLIP,"{'id': 'Hs', 'name': 'Human'}",,"ENCFF165IYB.fastq.gz,ENCFF050JGG.fastq.gz,ENCFF735QHY.fastq.gz,ENCFF261AZU.fastq.gz",Experiment date released: 2018-08-30; Audit notes: mixed read lengths,,,eCLIP,NNNNNNNNNN,GSM5378883,ENCODE,Gene Yeo,,EXOSC5,,,,,,Gene Yeo,,Illumina HiSeq 4000,,HepG2,,,,,,
523943332699993118,RBP ENCODE Data,309495068559444330,SDAD1_HepG2_1,false,CLIP,"{'id': 'Hs', 'name': 'Human'}",,ENCFF861PYS.fastq.gz,Experiment date released: 2018-08-30; Audit notes: mixed read lengths,,,eCLIP,NNNNNNNNNN,GSM5370093,ENCODE,Gene Yeo,,SDAD1,,,,,,Gene Yeo,,Illumina HiSeq 4000,,HepG2,,,,,,
523943332699993118,RBP ENCODE Data,113752952226106693,DDX51_K562_2,false,CLIP,"{'id': 'Hs', 'name': 'Human'}",,ENCFF143MWR.fastq.gz,Experiment date released: 2018-08-30; Audit notes:,,,eCLIP,NNNNNNNNNN,GSM5370061,ENCODE,Gene Yeo,,DDX51,,,,,,Gene Yeo,,Illumina HiSeq 4000,,K562,,,,,,
523943332699993118,RBP ENCODE Data,205954406736227997,UTP18_K562_2,false,CLIP,"{'id': 'Hs', 'name': 'Human'}",,ENCFF038OVY.fastq.gz,Experiment date released: 2018-08-30; Audit notes:,,,eCLIP,NNNNNNNNNN,GSM5379334,ENCODE,Gene Yeo,,UTP18,,,,,,Gene Yeo,,Illumina HiSeq 4000,,K562,,,,,,
523943332699993118,RBP ENCODE Data,615845154266977868,UTP18_K562_1,false,CLIP,"{'id': 'Hs', 'name': 'Human'}",,ENCFF795DXS.fastq.gz,Experiment date released: 2018-08-30; Audit notes:,,,eCLIP,NNNNNNNNNN,GSM5379335,ENCODE,Gene Yeo,,UTP18,,,,,,Gene Yeo,,Illumina HiSeq 4000,,K562,,,,,,
523943332699993118,RBP ENCODE Data,411164583377167092,SAFB_K562_1,false,CLIP,"{'id': 'Hs', 'name': 'Human'}",,ENCFF983WHV.fastq.gz,Experiment date released: 2018-08-30; Audit notes: mixed read lengths,,,eCLIP,NNNNNNNNNN,GSM5374676,ENCODE,Gene Yeo,,SAFB,,,,,,Gene Yeo,,Illumina HiSeq 4000,,K562,,,,,,
523943332699993118,RBP ENCODE Data,918960279092333695,PRPF4_HepG2_1,false,CLIP,"{'id': 'Hs', 'name': 'Human'}",,ENCFF041DDW.fastq.gz,Experiment date released: 2018-08-30; Audit notes:,,,eCLIP,NNNNNNNNNN,GSM5379439,ENCODE,Gene Yeo,,PRPF4,,,,,,Gene Yeo,,Illumina HiSeq 4000,,HepG2,,,,,,
523943332699993118,RBP ENCODE Data,944833908163451484,SSB_HepG2_1,false,CLIP,"{'id': 'Hs', 'name': 'Human'}",,ENCFF432KDL.fastq.gz,Experiment date released: 2018-08-30; Audit notes:,,,eCLIP,NNNNNNNNNN,GSM5374333,ENCODE,Gene Yeo,,SSB,,,,,,Gene Yeo,,Illumina HiSeq 4000,,HepG2,,,,,,
523943332699993118,RBP ENCODE Data,835784356617062367,SDAD1_HepG2_2,false,CLIP,"{'id': 'Hs', 'name': 'Human'}",,ENCFF772OQA.fastq.gz,Experiment date released: 2018-08-30; Audit notes: mixed read lengths,,,eCLIP,NNNNNNNNNN,GSM5370092,ENCODE,Gene Yeo,,SDAD1,,,,,,Gene Yeo,,Illumina HiSeq 4000,,HepG2,,,,,,
523943332699993118,RBP ENCODE Data,441070336469244495,ZNF800_HepG2_1,false,CLIP,"{'id': 'Hs', 'name': 'Human'}",,ENCFF343DKZ.fastq.gz,"Experiment date released: 2018-08-30; Audit notes: mixed read lengths, antibody characterized with exemption",,,eCLIP,NNNNNNNNNN,GSM5378855,ENCODE,Gene Yeo,,ZNF800,,,,,,Gene Yeo,,Illumina HiSeq 4000,,HepG2,,,,,,
523943332699993118,RBP ENCODE Data,802556614903287757,ZNF800_HepG2_2,false,CLIP,"{'id': 'Hs', 'name': 'Human'}",,ENCFF959DLJ.fastq.gz,"Experiment date released: 2018-08-30; Audit notes: mixed read lengths, antibody characterized with exemption",,,eCLIP,NNNNNNNNNN,GSM5378856,ENCODE,Gene Yeo,,ZNF800,,,,,,Gene Yeo,,Illumina HiSeq 4000,,HepG2,,,,,,
523943332699993118,RBP ENCODE Data,248216011694832128,BCLAF1_HepG2_2,false,CLIP,"{'id': 'Hs', 'name': 'Human'}",,ENCFF490SCE.fastq.gz,Experiment date released: 2018-08-30; Audit notes:,,,eCLIP,NNNNNNNNNN,GSM5379443,ENCODE,Gene Yeo,,BCLAF1,,,,,,Gene Yeo,,Illumina HiSeq 4000,,HepG2,,,,,,
523943332699993118,RBP ENCODE Data,964303860598632404,HNRNPC_K562_2,false,CLIP,"{'id': 'Hs', 'name': 'Human'}",,ENCFF669MUY.fastq.gz,Experiment date released: 2018-08-30; Audit notes:,,,eCLIP,NNNNNNNNNN,GSM5370301,ENCODE,Gene Yeo,,HNRNPC,,,,,,Gene Yeo,,Illumina HiSeq 4000,,K562,,,,,,
523943332699993118,RBP ENCODE Data,453718618592881771,SSB_HepG2_2,false,CLIP,"{'id': 'Hs', 'name': 'Human'}",,ENCFF120ZCK.fastq.gz,Experiment date released: 2018-08-30; Audit notes:,,,eCLIP,NNNNNNNNNN,GSM5374332,ENCODE,Gene Yeo,,SSB,,,,,,Gene Yeo,,Illumina HiSeq 4000,,HepG2,,,,,,
523943332699993118,RBP ENCODE Data,253571956900710506,DDX52_HepG2_2,false,CLIP,"{'id': 'Hs', 'name': 'Human'}",,ENCFF522NFJ.fastq.gz,Experiment date released: 2018-08-30; Audit notes:,,,eCLIP,NNNNNNNNNN,GSM5379377,ENCODE,Gene Yeo,,DDX52,,,,,,Gene Yeo,,Illumina HiSeq 4000,,HepG2,,,,,,
523943332699993118,RBP ENCODE Data,606386861539306124,HNRNPC_K562_1,false,CLIP,"{'id': 'Hs', 'name': 'Human'}",,ENCFF149LRA.fastq.gz,Experiment date released: 2018-08-30; Audit notes:,,,eCLIP,NNNNNNNNNN,GSM5370302,ENCODE,Gene Yeo,,HNRNPC,,,,,,Gene Yeo,,Illumina HiSeq 4000,,K562,,,,,,
523943332699993118,RBP ENCODE Data,414932236986893626,EIF3G_K562_1,false,CLIP,"{'id': 'Hs', 'name': 'Human'}",,ENCFF908IVH.fastq.gz,Experiment date released: 2018-08-30; Audit notes:,,,eCLIP,NNNNNNNNNN,GSM5369830,ENCODE,Gene Yeo,,EIF3G,,,,,,Gene Yeo,,Illumina HiSeq 4000,,K562,,,,,,
523943332699993118,RBP ENCODE Data,551893421248734695,STAU2_HepG2_2,false,CLIP,"{'id': 'Hs', 'name': 'Human'}",,ENCFF366NPD.fastq.gz,Experiment date released: 2018-08-30; Audit notes:,,,eCLIP,NNNNNNNNNN,GSM5379462,ENCODE,Gene Yeo,,STAU2,,,,,,Gene Yeo,,Illumina HiSeq 4000,,HepG2,,,,,,
523943332699993118,RBP ENCODE Data,843494925008827002,EIF3G_K562_2,false,CLIP,"{'id': 'Hs', 'name': 'Human'}",,ENCFF364MMW.fastq.gz,Experiment date released: 2018-08-30; Audit notes:,,,eCLIP,NNNNNNNNNN,GSM5369831,ENCODE,Gene Yeo,,EIF3G,,,,,,Gene Yeo,,Illumina HiSeq 4000,,K562,,,,,,
523943332699993118,RBP ENCODE Data,566370834791939881,BCLAF1_HepG2_1,false,CLIP,"{'id': 'Hs', 'name': 'Human'}",,ENCFF695FAB.fastq.gz,Experiment date released: 2018-08-30; Audit notes:,,,eCLIP,NNNNNNNNNN,GSM5379442,ENCODE,Gene Yeo,,BCLAF1,,,,,,Gene Yeo,,Illumina HiSeq 4000,,HepG2,,,,,,
523943332699993118,RBP ENCODE Data,116723273126359491,DDX52_HepG2_1,false,CLIP,"{'id': 'Hs', 'name': 'Human'}",,ENCFF939HML.fastq.gz,Experiment date released: 2018-08-30; Audit notes:,,,eCLIP,NNNNNNNNNN,GSM5379376,ENCODE,Gene Yeo,,DDX52,,,,,,Gene Yeo,,Illumina HiSeq 4000,,HepG2,,,,,,
523943332699993118,RBP ENCODE Data,323287552073446194,APOBEC3C_K562_1,false,CLIP,"{'id': 'Hs', 'name': 'Human'}",,"ENCFF082VYL.fastq.gz,ENCFF655HJD.fastq.gz,ENCFF774VNR.fastq.gz,ENCFF392MTE.fastq.gz",Experiment date released: 2018-08-30; Audit notes: mixed read lengths,,,eCLIP,NNNNNNNNNN,GSM5375496,ENCODE,Gene Yeo,,APOBEC3C,,,,,,Gene Yeo,,Illumina HiSeq 4000,,K562,,,,,,
523943332699993118,RBP ENCODE Data,558661969112093896,APOBEC3C_K562_2,false,CLIP,"{'id': 'Hs', 'name': 'Human'}",,ENCFF315EQH.fastq.gz,Experiment date released: 2018-08-30; Audit notes: mixed read lengths,,,eCLIP,NNNNNNNNNN,GSM5375495,ENCODE,Gene Yeo,,APOBEC3C,,,,,,Gene Yeo,,Illumina HiSeq 4000,,K562,,,,,,
523943332699993118,RBP ENCODE Data,550558124688929969,STAU2_HepG2_1,false,CLIP,"{'id': 'Hs', 'name': 'Human'}",,ENCFF048PWH.fastq.gz,Experiment date released: 2018-08-30; Audit notes:,,,eCLIP,NNNNNNNNNN,GSM5379461,ENCODE,Gene Yeo,,STAU2,,,,,,Gene Yeo,,Illumina HiSeq 4000,,HepG2,,,,,,
523943332699993118,RBP ENCODE Data,183532256295757114,SAFB_HepG2_2,false,CLIP,"{'id': 'Hs', 'name': 'Human'}",,ENCFF707BBC.fastq.gz,Experiment date released: 2018-08-30; Audit notes: mixed read lengths,,,eCLIP,NNNNNNNNNN,GSM5374185,ENCODE,Gene Yeo,,SAFB,,,,,,Gene Yeo,,Illumina HiSeq 4000,,HepG2,,,,,,
523943332699993118,RBP ENCODE Data,327588183251156289,G3BP1_HepG2_2,false,CLIP,"{'id': 'Hs', 'name': 'Human'}",,ENCFF065SWB.fastq.gz,Experiment date released: 2018-08-30; Audit notes:,,,eCLIP,NNNNNNNNNN,GSM5375403,ENCODE,Gene Yeo,,G3BP1,,,,,,Gene Yeo,,Illumina HiSeq 4000,,HepG2,,,,,,
523943332699993118,RBP ENCODE Data,846825086423382451,PCBP1_HepG2_1,false,CLIP,"{'id': 'Hs', 'name': 'Human'}",,ENCFF627OUC.fastq.gz,Experiment date released: 2018-08-30; Audit notes:,,,eCLIP,NNNNNNNNNN,GSM5370311,ENCODE,Gene Yeo,,PCBP1,,,,,,Gene Yeo,,Illumina HiSeq 4000,,HepG2,,,,,,
523943332699993118,RBP ENCODE Data,348404483748004125,PCBP1_HepG2_2,false,CLIP,"{'id': 'Hs', 'name': 'Human'}",,ENCFF973FFS.fastq.gz,Experiment date released: 2018-08-30; Audit notes:,,,eCLIP,NNNNNNNNNN,GSM5370310,ENCODE,Gene Yeo,,PCBP1,,,,,,Gene Yeo,,Illumina HiSeq 4000,,HepG2,,,,,,
523943332699993118,RBP ENCODE Data,787019316348574108,G3BP1_HepG2_1,false,CLIP,"{'id': 'Hs', 'name': 'Human'}",,ENCFF342WGS.fastq.gz,Experiment date released: 2018-08-30; Audit notes:,,,eCLIP,NNNNNNNNNN,GSM5375404,ENCODE,Gene Yeo,,G3BP1,,,,,,Gene Yeo,,Illumina HiSeq 4000,,HepG2,,,,,,
523943332699993118,RBP ENCODE Data,951589148184371922,AKAP1_K562_2,false,CLIP,"{'id': 'Hs', 'name': 'Human'}",,ENCFF187YLY.fastq.gz,Experiment date released: 2018-08-30; Audit notes:,,,eCLIP,NNNNNNNNNN,GSM5370290,ENCODE,Gene Yeo,,AKAP1,,,,,,Gene Yeo,,Illumina HiSeq 4000,,K562,,,,,,
523943332699993118,RBP ENCODE Data,338742018356737732,AKAP1_K562_1,false,CLIP,"{'id': 'Hs', 'name': 'Human'}",,ENCFF013IBR.fastq.gz,Experiment date released: 2018-08-30; Audit notes:,,,eCLIP,NNNNNNNNNN,GSM5370291,ENCODE,Gene Yeo,,AKAP1,,,,,,Gene Yeo,,Illumina HiSeq 4000,,K562,,,,,,
523943332699993118,RBP ENCODE Data,988233157269669689,ZNF800_K562_1,false,CLIP,"{'id': 'Hs', 'name': 'Human'}",,ENCFF631INY.fastq.gz,"Experiment date released: 2018-08-30; Audit notes: mixed read lengths, antibody characterized with exemption",,,eCLIP,NNNNNNNNNN,GSM5374792,ENCODE,Gene Yeo,,ZNF800,,,,,,Gene Yeo,,Illumina HiSeq 4000,,K562,,,,,,
523943332699993118,RBP ENCODE Data,664030140957939544,PABPN1_HepG2_2,false,CLIP,"{'id': 'Hs', 'name': 'Human'}",,ENCFF049DAF.fastq.gz,Experiment date released: 2018-08-30; Audit notes:,,,eCLIP,NNNNNNNNNN,GSM5379027,ENCODE,Gene Yeo,,PABPN1,,,,,,Gene Yeo,,Illumina HiSeq 4000,,HepG2,,,,,,
523943332699993118,RBP ENCODE Data,915200521920614763,FUS_K562_2,false,CLIP,"{'id': 'Hs', 'name': 'Human'}",,ENCFF554AWP.fastq.gz,Experiment date released: 2018-08-30; Audit notes:,,,eCLIP,NNNNNNNNNN,GSM5370272,ENCODE,Gene Yeo,,FUS,,,,,,Gene Yeo,,Illumina HiSeq 4000,,K562,,,,,,
523943332699993118,RBP ENCODE Data,377233667344533069,EXOSC5_K562_1,false,CLIP,"{'id': 'Hs', 'name': 'Human'}",,ENCFF293TAU.fastq.gz,Experiment date released: 2017-11-19; Audit notes:,,,eCLIP,NNNNNNNNNN,GSM5369732,ENCODE,Gene Yeo,,EXOSC5,,,,,,Gene Yeo,,Illumina HiSeq 4000,,K562,,,,,,
523943332699993118,RBP ENCODE Data,603899015852737387,ZNF800_K562_2,false,CLIP,"{'id': 'Hs', 'name': 'Human'}",,ENCFF009EJC.fastq.gz,"Experiment date released: 2018-08-30; Audit notes: mixed read lengths, antibody characterized with exemption",,,eCLIP,NNNNNNNNNN,GSM5374791,ENCODE,Gene Yeo,,ZNF800,,,,,,Gene Yeo,,Illumina HiSeq 4000,,K562,,,,,,
523943332699993118,RBP ENCODE Data,256458287819271633,PABPN1_HepG2_1,false,CLIP,"{'id': 'Hs', 'name': 'Human'}",,ENCFF482ULC.fastq.gz,Experiment date released: 2018-08-30; Audit notes:,,,eCLIP,NNNNNNNNNN,GSM5379026,ENCODE,Gene Yeo,,PABPN1,,,,,,Gene Yeo,,Illumina HiSeq 4000,,HepG2,,,,,,
523943332699993118,RBP ENCODE Data,119025919444493457,UPF1_HepG2_1,false,CLIP,"{'id': 'Hs', 'name': 'Human'}",,ENCFF943HIX.fastq.gz,Experiment date released: 2018-08-30; Audit notes: mixed read lengths,,,eCLIP,NNNNNNNNNN,GSM5374393,ENCODE,Gene Yeo,,UPF1,,,,,,Gene Yeo,,Illumina HiSeq 4000,,HepG2,,,,,,
523943332699993118,RBP ENCODE Data,466701398927429685,FUS_HepG2_1,false,CLIP,"{'id': 'Hs', 'name': 'Human'}",,ENCFF161SRN.fastq.gz,Experiment date released: 2018-08-30; Audit notes:,,,eCLIP,NNNNNNNNNN,GSM5374523,ENCODE,Gene Yeo,,FUS,,,,,,Gene Yeo,,Illumina HiSeq 4000,,HepG2,,,,,,
523943332699993118,RBP ENCODE Data,283179380082587725,DDX52_K562_1,false,CLIP,"{'id': 'Hs', 'name': 'Human'}",,ENCFF018JZA.fastq.gz,Experiment date released: 2018-08-30; Audit notes:,,,eCLIP,NNNNNNNNNN,GSM5370151,ENCODE,Gene Yeo,,DDX52,,,,,,Gene Yeo,,Illumina HiSeq 4000,,K562,,,,,,
523943332699993118,RBP ENCODE Data,226458716095053671,FUS_K562_1,false,CLIP,"{'id': 'Hs', 'name': 'Human'}",,ENCFF841ZLV.fastq.gz,Experiment date released: 2018-08-30; Audit notes:,,,eCLIP,NNNNNNNNNN,GSM5370273,ENCODE,Gene Yeo,,FUS,,,,,,Gene Yeo,,Illumina HiSeq 4000,,K562,,,,,,
523943332699993118,RBP ENCODE Data,973752254546341960,SDAD1_K562_2,false,CLIP,"{'id': 'Hs', 'name': 'Human'}",,ENCFF856AGT.fastq.gz,Experiment date released: 2018-08-30; Audit notes: mixed read lengths,,,eCLIP,NNNNNNNNNN,GSM5378937,ENCODE,Gene Yeo,,SDAD1,,,,,,Gene Yeo,,Illumina HiSeq 4000,,K562,,,,,,
523943332699993118,RBP ENCODE Data,764722219479864644,EXOSC5_K562_2,false,CLIP,"{'id': 'Hs', 'name': 'Human'}",,ENCFF193VEK.fastq.gz,Experiment date released: 2017-11-19; Audit notes:,,,eCLIP,NNNNNNNNNN,GSM5369733,ENCODE,Gene Yeo,,EXOSC5,,,,,,Gene Yeo,,Illumina HiSeq 4000,,K562,,,,,,
523943332699993118,RBP ENCODE Data,865958455896955281,UPF1_HepG2_2,false,CLIP,"{'id': 'Hs', 'name': 'Human'}",,ENCFF528BUU.fastq.gz,Experiment date released: 2018-08-30; Audit notes: mixed read lengths,,,eCLIP,NNNNNNNNNN,GSM5374392,ENCODE,Gene Yeo,,UPF1,,,,,,Gene Yeo,,Illumina HiSeq 4000,,HepG2,,,,,,
523943332699993118,RBP ENCODE Data,798857798991853689,CPEB4_K562_2,false,CLIP,"{'id': 'Hs', 'name': 'Human'}",,ENCFF854FIH.fastq.gz,Experiment date released: 2018-08-30; Audit notes:,,,eCLIP,NNNNNNNNNN,GSM5370048,ENCODE,Gene Yeo,,CPEB4,,,,,,Gene Yeo,,Illumina HiSeq 4000,,K562,,,,,,
523943332699993118,RBP ENCODE Data,274962487028182476,CPEB4_K562_1,false,CLIP,"{'id': 'Hs', 'name': 'Human'}",,ENCFF423MRZ.fastq.gz,Experiment date released: 2018-08-30; Audit notes:,,,eCLIP,NNNNNNNNNN,GSM5370049,ENCODE,Gene Yeo,,CPEB4,,,,,,Gene Yeo,,Illumina HiSeq 4000,,K562,,,,,,
523943332699993118,RBP ENCODE Data,475784576961733700,SAFB_HepG2_1,false,CLIP,"{'id': 'Hs', 'name': 'Human'}",,ENCFF134UTH.fastq.gz,Experiment date released: 2018-08-30; Audit notes: mixed read lengths,,,eCLIP,NNNNNNNNNN,GSM5374186,ENCODE,Gene Yeo,,SAFB,,,,,,Gene Yeo,,Illumina HiSeq 4000,,HepG2,,,,,,
523943332699993118,RBP ENCODE Data,338085973550812407,FUS_HepG2_2,false,CLIP,"{'id': 'Hs', 'name': 'Human'}",,ENCFF821CAW.fastq.gz,Experiment date released: 2018-08-30; Audit notes:,,,eCLIP,NNNNNNNNNN,GSM5374524,ENCODE,Gene Yeo,,FUS,,,,,,Gene Yeo,,Illumina HiSeq 4000,,HepG2,,,,,,
523943332699993118,RBP ENCODE Data,226932666429831416,SDAD1_K562_1,false,CLIP,"{'id': 'Hs', 'name': 'Human'}",,ENCFF019OYM.fastq.gz,Experiment date released: 2018-08-30; Audit notes: mixed read lengths,,,eCLIP,NNNNNNNNNN,GSM5378936,ENCODE,Gene Yeo,,SDAD1,,,,,,Gene Yeo,,Illumina HiSeq 4000,,K562,,,,,,
523943332699993118,RBP ENCODE Data,965465987367611941,DDX52_K562_2,false,CLIP,"{'id': 'Hs', 'name': 'Human'}",,ENCFF592QGC.fastq.gz,Experiment date released: 2018-08-30; Audit notes:,,,eCLIP,NNNNNNNNNN,GSM5370152,ENCODE,Gene Yeo,,DDX52,,,,,,Gene Yeo,,Illumina HiSeq 4000,,K562,,,,,,
523943332699993118,RBP ENCODE Data,958547442650500221,UTP3_K562_1,false,CLIP,"{'id': 'Hs', 'name': 'Human'}",,ENCFF085FSS.fastq.gz,Experiment date released: 2018-08-30; Audit notes:,,,eCLIP,NNNNNNNNNN,GSM5375469,ENCODE,Gene Yeo,,UTP3,,,,,,Gene Yeo,,Illumina HiSeq 4000,,K562,,,,,,
523943332699993118,RBP ENCODE Data,804587688510652350,ZC3H8_K562_1,false,CLIP,"{'id': 'Hs', 'name': 'Human'}",,ENCFF222OHT.fastq.gz,Experiment date released: 2018-08-30; Audit notes:,,,eCLIP,NNNNNNNNNN,GSM5370309,ENCODE,Gene Yeo,,ZC3H8,,,,,,Gene Yeo,,Illumina HiSeq 4000,,K562,,,,,,
523943332699993118,RBP ENCODE Data,201780722105286751,ZC3H8_K562_2,false,CLIP,"{'id': 'Hs', 'name': 'Human'}",,ENCFF172VCZ.fastq.gz,Experiment date released: 2018-08-30; Audit notes:,,,eCLIP,NNNNNNNNNN,GSM5370308,ENCODE,Gene Yeo,,ZC3H8,,,,,,Gene Yeo,,Illumina HiSeq 4000,,K562,,,,,,
523943332699993118,RBP ENCODE Data,213818590388574665,DDX21_K562_2,false,CLIP,"{'id': 'Hs', 'name': 'Human'}",,ENCFF253EGX.fastq.gz,Experiment date released: 2018-08-30; Audit notes: mixed read lengths,,,eCLIP,NNNNNNNNNN,GSM5369974,ENCODE,Gene Yeo,,DDX21,,,,,,Gene Yeo,,Illumina HiSeq 4000,,K562,,,,,,
523943332699993118,RBP ENCODE Data,935429142656851018,TIAL1_HepG2_1,false,CLIP,"{'id': 'Hs', 'name': 'Human'}",,ENCFF708YAL.fastq.gz,Experiment date released: 2018-08-30; Audit notes:,,,eCLIP,NNNNNNNNNN,GSM5374083,ENCODE,Gene Yeo,,TIAL1,,,,,,Gene Yeo,,Illumina HiSeq 4000,,HepG2,,,,,,
523943332699993118,RBP ENCODE Data,329757563344364920,UTP3_K562_2,false,CLIP,"{'id': 'Hs', 'name': 'Human'}",,ENCFF612CUM.fastq.gz,Experiment date released: 2018-08-30; Audit notes:,,,eCLIP,NNNNNNNNNN,GSM5375470,ENCODE,Gene Yeo,,UTP3,,,,,,Gene Yeo,,Illumina HiSeq 4000,,K562,,,,,,
523943332699993118,RBP ENCODE Data,902066976470382461,DDX21_K562_1,false,CLIP,"{'id': 'Hs', 'name': 'Human'}",,ENCFF946SJB.fastq.gz,Experiment date released: 2018-08-30; Audit notes: mixed read lengths,,,eCLIP,NNNNNNNNNN,GSM5369973,ENCODE,Gene Yeo,,DDX21,,,,,,Gene Yeo,,Illumina HiSeq 4000,,K562,,,,,,
523943332699993118,RBP ENCODE Data,172386990197405511,KHSRP_HepG2_1,false,CLIP,"{'id': 'Hs', 'name': 'Human'}",,ENCFF840EOA.fastq.gz,Experiment date released: 2018-08-30; Audit notes:,,,eCLIP,NNNNNNNNNN,GSM5374437,ENCODE,Gene Yeo,,KHSRP,,,,,,Gene Yeo,,Illumina HiSeq 4000,,HepG2,,,,,,
523943332699993118,RBP ENCODE Data,274139118596014754,YBX3_HepG2_1,false,CLIP,"{'id': 'Hs', 'name': 'Human'}",,ENCFF593QXS.fastq.gz,Experiment date released: 2018-08-30; Audit notes: antibody characterized with exemption,,,eCLIP,NNNNNNNNNN,GSM5375472,ENCODE,Gene Yeo,,YBX3,,,,,,Gene Yeo,,Illumina HiSeq 4000,,HepG2,,,,,,
523943332699993118,RBP ENCODE Data,386708813170577332,TIAL1_HepG2_2,false,CLIP,"{'id': 'Hs', 'name': 'Human'}",,ENCFF430UQQ.fastq.gz,Experiment date released: 2018-08-30; Audit notes:,,,eCLIP,NNNNNNNNNN,GSM5374082,ENCODE,Gene Yeo,,TIAL1,,,,,,Gene Yeo,,Illumina HiSeq 4000,,HepG2,,,,,,
523943332699993118,RBP ENCODE Data,628422309509178950,KHSRP_HepG2_2,false,CLIP,"{'id': 'Hs', 'name': 'Human'}",,ENCFF844XLZ.fastq.gz,Experiment date released: 2018-08-30; Audit notes:,,,eCLIP,NNNNNNNNNN,GSM5374438,ENCODE,Gene Yeo,,KHSRP,,,,,,Gene Yeo,,Illumina HiSeq 4000,,HepG2,,,,,,
836162021371089781,STAT3 signaling in B cells controls germinal center zone organization and recycling,516622627840674894,STAT3fl-flCD23Cre_14DaysNP-KLHImmunization_Rep2,false,RNA-Seq,"{'id': 'Mm', 'name': 'Mouse'}",37200190,STAT3fl-flCD23Cre_14DaysNP-KLHImmunization_Rep2.fastq.gz,,,,,,GSM6534392,,,,,,,,,,Mark Maienschein-Cline,,Illumina NovaSeq 6000,,B Cells,,unstranded,,,,
836162021371089781,STAT3 signaling in B cells controls germinal center zone organization and recycling,330653769987950955,CD23Cre_14DaysNP-KLHImmunization_Rep1,false,RNA-Seq,"{'id': 'Mm', 'name': 'Mouse'}",,CD23Cre_14DaysNP-KLHImmunization_Rep1.fastq.gz,,,,,,GSM6534396,,,,,,,,,,Mark Maienschein-Cline,,Illumina NovaSeq 6000,,B Cells,,unstranded,,,,
836162021371089781,STAT3 signaling in B cells controls germinal center zone organization and recycling,938451838871084053,STAT3fl-flCD23Cre_14DaysNP-KLHImmunization_Rep1,false,RNA-Seq,"{'id': 'Mm', 'name': 'Mouse'}",37200190,STAT3fl-flCD23Cre_14DaysNP-KLHImmunization_Rep1.fastq.gz,,,,,,GSM6534391,,,,,,,,,,Mark Maienschein-Cline,,Illumina NovaSeq 6000,,B Cells,,unstranded,,,,
523943332699993118,RBP ENCODE Data,522931427010745444,YBX3_HepG2_2,false,CLIP,"{'id': 'Hs', 'name': 'Human'}",,ENCFF594XZD.fastq.gz,Experiment date released: 2018-08-30; Audit notes: antibody characterized with exemption,,,eCLIP,NNNNNNNNNN,GSM5375471,ENCODE,Gene Yeo,,YBX3,,,,,,Gene Yeo,,Illumina HiSeq 4000,,HepG2,,,,,,
523943332699993118,RBP ENCODE Data,725429411079659916,HLTF_HepG2_2,false,CLIP,"{'id': 'Hs', 'name': 'Human'}",,ENCFF150BXG.fastq.gz,Experiment date released: 2018-08-30; Audit notes:,,,eCLIP,NNNNNNNNNN,GSM5378662,ENCODE,Gene Yeo,,HLTF,,,,,,Gene Yeo,,Illumina HiSeq 4000,,HepG2,,,,,,
836162021371089781,STAT3 signaling in B cells controls germinal center zone organization and recycling,427127673200617045,GCB-STAT3_REP2,false,ChIP-Seq,"{'id': 'Mm', 'name': 'Mouse'}",37200190,"GCB-STAT3-replicate-2-1.fastq.gz,GCB-STAT3-replicate-2-2.fastq.gz",,,,,,GSM6534390,,,,Stat3,,,,,,Mark Maienschein-Cline,,Illumina NovaSeq 6000,,B Cells,,,,,,
836162021371089781,STAT3 signaling in B cells controls germinal center zone organization and recycling,796802389155924371,GCB-STAT3_REP1,false,ChIP-Seq,"{'id': 'Mm', 'name': 'Mouse'}",37200190,"GCB-STAT3-replicate-1_1.fastq.gz,GCB-STAT3-replicate-1_2.fastq.gz",,,,,,GSM6534389,University of Illinois at Chicago,,,Stat3,,,,,,Mark Maienschein-Cline,,Illumina NovaSeq 6000,,B Cells,,,,,,
836162021371089781,STAT3 signaling in B cells controls germinal center zone organization and recycling,319671029571604299,CD23Cre_14DaysNP-KLHImmunization_Rep2,false,RNA-Seq,"{'id': 'Mm', 'name': 'Mouse'}",37200190,CD23Cre_14DaysNP-KLHImmunization_Rep2.fastq.gz,,,,,,GSM6534397,,,,,,,,,,Mark Maienschein-Cline,,Illumina NovaSeq 6000,,B Cells,,unstranded,,,,
836162021371089781,STAT3 signaling in B cells controls germinal center zone organization and recycling,180509376415432478,GCB-INPUT_REP1,false,ChIP-Seq,"{'id': 'Mm', 'name': 'Mouse'}",32341509,SRR9637114_GSM3926504_INPUT_GCB.1_Mus_musculus_ChIP-Seq.fastq.gz,,,,,,GSM3926504,,,,input,,,,,,Mark Maienschein-Cline,,Illumina HiSeq 4000,,B Cells,,,,,,
523943332699993118,RBP ENCODE Data,704156782416082443,FTO_HepG2_1,false,CLIP,"{'id': 'Hs', 'name': 'Human'}",,"ENCFF790KRT.fastq.gz,ENCFF460IHR.fastq.gz,ENCFF844HAH.fastq.gz,ENCFF428MRF.fastq.gz",Experiment date released: 2018-08-30; Audit notes: mixed read lengths,,,eCLIP,NNNNNNNNNN,GSM5378917,ENCODE,Gene Yeo,,FTO,,,,,,Gene Yeo,,Illumina HiSeq 4000,,HepG2,,,,,,
523943332699993118,RBP ENCODE Data,925581377089167252,HLTF_HepG2_1,false,CLIP,"{'id': 'Hs', 'name': 'Human'}",,ENCFF622ZDB.fastq.gz,Experiment date released: 2018-08-30; Audit notes:,,,eCLIP,NNNNNNNNNN,GSM5378663,ENCODE,Gene Yeo,,HLTF,,,,,,Gene Yeo,,Illumina HiSeq 4000,,HepG2,,,,,,
